{
  "format_version": "1.8.0",
  "render_controllers": {
    "controller.render.zombie_villager_v2": {
	  "arrays": {
	    "textures": {
		  "Array.skins": [
		    "Texture.variant_0",
		    "Texture.variant_1",
		    "Texture.variant_2",
		    "Texture.variant_3",
		    "Texture.variant_4",
		    "Texture.variant_5"
		  ]
		}
	  },
      "geometry": "Geometry.default",
      "materials": [ { "*": "Material.default" } ],
      "textures": [ "Array.skins[query.variant]" ]
    }
  }
}