{
  "minecraft:recipe_shaped" : {
    "result" : {
      "count" : 1,
      "data" : 0,
      "item" : "cc:loaded_ballistic_knife_holder"
    },
    "tags" : [
      "crafting_table"
    ],
    "key" : {
      "A" : {
        "data" : 0,
        "item" : "cc:ballistic_knife_blades"
      },
      "D" : {
        "data" : 0,
        "item" : "cc:ballistic_knife_holder"
      }
    },
    "pattern" : [
      " A ",
      " D ",
      "   "
    ],
    "description" : {
      "identifier" : "cc:loaded_ballistic_knife_holder"
    }
  },
  "format_version" : "1.10"
}