{
	"format_version": "1.12.0",
	"minecraft:entity": {
		"description": {
			"identifier": "addon:intervention_bullet",
			"runtime_identifier": "minecraft:snowball",
			"is_spawnable": false,
			"is_summonable": true,
			"is_experimental": false
		},
        "component_groups": {
            "entity:despawn": {
                "minecraft:despawn": {}
            },
            "shoot:scope": {
                "minecraft:projectile": {
                "on_hit": {
                "impact_damage": {
                "damage": [
                19,
                20
                            ],
            "knockback": true
                },
            "remove_on_hit": {},
            "stick_in_ground": {
            "shake_time": 0
                        }
                    },
        "power": 40,
        "gravity": 0,
        "inertia": 1,
		"uncertaintyBase": 6.8,
        "uncertaintyMultiplier": 6,
            "anchor": 1,
            "offset": [
            0,
            0,
            0
                    ],
                    "reflectOnHurt": false,
                    "catch_fire": false
                }
            },
            "shoot:noscope": {
        "minecraft:projectile": {
        "on_hit": {
        "impact_damage": {
        "damage": [
                17,
                18
                            ],
        "knockback": true
                        },
        "remove_on_hit": {},
        "stick_in_ground": {
        "shake_time": 0
                        }
                    },
    "power": 1.5,
    "gravity": 0,
    "inertia": 1.5,
    "uncertaintyBase": 1,
    "uncertaintyMultiplier": 2,
    "anchor": 0,
    "offset": [0, 1.15, 0],
    "reflectOnHurt": false,
    "catch_fire": false
                }
            }
        },
		"components": {
		    "minecraft:timer": {
            "time": 5,
            "looping": false,
            "time_down_event": {
            "event": "entity:despawn"
              }
            },
        "minecraft:break_blocks": {
        "breakable_blocks": [
        "glass",
        "glass_pane",
        "stained_glass",
        "stained_glass_pane"
                ]
            },
        "minecraft:collision_box": {
        "width": 0.1,
        "height": 0.1
        },
    "minecraft:physics": {}
        },
        "events": {
            "entity:despawn": {
                "add": {
                    "component_groups": [ "entity:despawn" ]
                }
            },
            "shoot:scope": {
                "add": {
                    "component_groups": [ "shoot:scope" ]
                },
                "remove": {
                    "component_groups": [ "shoot:noscope" ]
                }   
            },
            "shoot:noscope": {
                "add": {
                    "component_groups": [ "shoot:noscope" ]
                },
                "remove": {
                    "component_groups": [ "shoot:scope" ]
                }
            }
        }
	}
}