{
	"format_version": "1.10.0",
	"animation_controllers": {
		"controller.animation.m1911": {
			"initial_state": "default",
			"states": {
				"default": {
					"transitions": [
						{
				"noscope": "query.get_equipped_item_name('main_hand') == 'm1911' && query.is_using_item && !query.is_sneaking"
						},
						{
				"scope": "query.get_equipped_item_name('main_hand') == 'm1911' && query.is_using_item && query.is_sneaking"
						}
					]
				},
				"noscope": {
					"transitions": [
						{
				"default": "query.all_animations_finished"
						}
					],
					"animations": [
					"m1911_shoot_noscope"
					]
				},
				"scope": {
					"transitions": [
						{
				"default": "query.all_animations_finished"
						}
					],
					"animations": [
					"m1911_shoot_scope"
					]
				}
			}
		}
	}
}