{
    "format_version": "1.8.0",
    "animation_controllers": {
		"controller.animation.m4": {
			"initial_state" : "default",
			"states": {
				"default": {
					"transitions": [
						{
			        "noscope": "query.get_equipped_item_name('main_hand') == 'm4' && query.is_using_item == 1 && !query.is_sneaking"
						},
						{
			        "scope": "query.get_equipped_item_name('main_hand') == 'm4' && query.is_using_item == 1 && query.is_sneaking"
						}
					]
				},
				"noscope": {
					"transitions": [
						{
							"default": "(1.0)"
						}
					],
                    "on_entry": [
                        "/gamerule sendcommandfeedback false",
                        "/function m4",
                        "/playsound addon.m4 @a[r=60] ~~1.6~0.4",
                        "@s m4_bullet_noscope",
                        "/camerashake add @s 0.1 0.1 rotational"
                    ]
				},
				"scope": {
					"transitions": [
						{
							"default": "(1.0)"
						}
					],
                    "on_entry": [
                        "/gamerule sendcommandfeedback false",
                        "/function m4",
                        "/playsound addon.m4 @a[r=60] ~~1.6~0.4",
                        "@s m4_bullet_scope",
                        "/camerashake add @s 0.05 0.1 rotational"
                    ]
				}
			}
		}
    }
}
