{
  "animation_controllers" : {
    "controller.animation.loaded_ballistic_knife_holder" : {
      "initial_state" : "default",
      "states" : {
        "default" : {
          "on_entry" : [
            "@s loaded_ballistic_knife_holder:fire",
            "/function cc_loaded_ballistic_knife_holder"
          ],
          "transitions" : [
            {
              "loaded_ballistic_knife_holder" : "query.get_equipped_item_name=='loaded_ballistic_knife_holder' && query.mark_variant == 1 && query.is_using_item"
            }
          ]
        },
        "loaded_ballistic_knife_holder" : {
          "on_entry" : [
            "@s loaded_ballistic_knife_holder:fire",
            "/function cc_loaded_ballistic_knife_holder"
          ],
          "transitions" : [
            {
              "default" : "query.get_equipped_item_name=='loaded_ballistic_knife_holder' && query.mark_variant == 1 && query.is_using_item"
            }
          ]
        }
      }
    }
  },
  "format_version" : "1.10.0"
}