{
  "animation_controllers" : {
    "controller.animation.tomahawk" : {
      "initial_state" : "default",
      "states" : {
        "default" : {
          "on_entry" : [
            "@s tomahawk:fire",
            "/clear @s cc:tomahawk 0 1"
          ],
          "transitions" : [
            {
              "tomahawk" : "query.get_equipped_item_name=='tomahawk' && query.mark_variant == 1 && query.is_using_item"
            }
          ]
        },
        "tomahawk" : {
          "on_entry" : [
            "@s tomahawk:fire",
            "/clear @s cc:tomahawk 0 1"
          ],
          "transitions" : [
            {
              "default" : "query.get_equipped_item_name=='tomahawk' && query.mark_variant == 1 && query.is_using_item"
            }
          ]
        }
      }
    }
  },
  "format_version" : "1.10.0"
}