{
  "minecraft:entity" : {
    "components" : {
      "minecraft:player.level" : {
        "value" : 0,
        "max" : 24791
      },
      "minecraft:physics" : {

      },
      "minecraft:movement" : {
        "value" : 0.10000000000000001
      },
      "minecraft:player.exhaustion" : {
        "value" : 0,
        "max" : 4
      },
      "minecraft:loot" : {
        "table" : "loot_tables\/empty.json"
      },
      "minecraft:collision_box" : {
        "width" : 0.59999999999999998,
        "height" : 1.8
      },
      "minecraft:breathable" : {
        "suffocateTime" : -1,
        "inhaleTime" : 3.75,
        "generatesBubbles" : false,
        "totalSupply" : 15
      },
      "minecraft:attack" : {
        "damage" : 1
      },
      "minecraft:nameable" : {
        "allowNameTagRenaming" : false,
        "alwaysShow" : true
      },
      "minecraft:can_climb" : {

      },
      "minecraft:player.saturation" : {
        "value" : 20
      },
      "minecraft:player.experience" : {
        "value" : 0,
        "max" : 1
      },
      "minecraft:insomnia" : {
        "days_until_insomnia" : 3
      },
      "minecraft:environment_sensor" : [
        {
          "on_environment" : {
            "filters" : {
              "any_of" : [
                {
                  "subject" : "self",
                  "value" : "player",
                  "test" : "is_family"
                }
              ]
            },
            "event" : "normal"
          }
        },
        {
          "on_environment" : {
            "filters" : {
              "all_of" : [
                {
                  "test" : "has_equipment",
                  "subject" : "self",
                  "value" : "cc:tomahawk",
                  "domain" : "hand"
                }
              ]
            },
            "event" : "ammo:1"
          }
        },
        {
          "on_environment" : {
            "filters" : {
              "all_of" : [
                {
                  "test" : "has_equipment",
                  "subject" : "self",
                  "value" : "cc:throwing_knives",
                  "domain" : "hand"
                }
              ]
            },
            "event" : "ammo:1"
          }
        },
        {
          "on_environment" : {
            "filters" : {
              "all_of" : [
                {
                  "test" : "has_equipment",
                  "subject" : "self",
                  "value" : "cc:loaded_ballistic_knife_holder",
                  "domain" : "hand"
                }
              ]
            },
            "event" : "ammo:1"
          }
        }
      ],
      "minecraft:type_family" : {
        "family" : [
          "player"
        ]
      },
      "minecraft:is_hidden_when_invisible" : {

      },
      "minecraft:scaffolding_climber" : {

      },
      "minecraft:rideable" : {
        "seats" : [
          {
            "max_rider_count" : 0,
            "min_rider_count" : 0,
            "position" : [
              0.40000000000000002,
              -0.14999999999999999,
              0.040000000000000001
            ],
            "lock_rider_rotation" : 0
          },
          {
            "max_rider_count" : 2,
            "min_rider_count" : 1,
            "position" : [
              -0.40000000000000002,
              -0.14999999999999999,
              0.040000000000000001
            ],
            "lock_rider_rotation" : 0
          }
        ],
        "seat_count" : 2,
        "family_types" : [
          "parrot_tame"
        ],
        "pull_in_entities" : true
      }
    },
    "component_groups" : {
      "minecraft:clear_bad_omen_spell_effect" : {
        "minecraft:spell_effects" : {

        }
      },
      "minecraft:add_bad_omen" : {
        "minecraft:spell_effects" : {
          "add_effects" : [
            {
              "display_on_screen_animation" : true,
              "duration" : 6000,
              "effect" : "bad_omen"
            }
          ]
        },
        "minecraft:timer" : {
          "looping" : false,
          "time" : [
            0,
            0
          ],
          "time_down_event" : {
            "event" : "minecraft:clear_add_bad_omen",
            "target" : "self"
          }
        }
      },
      "minecraft:raid_trigger" : {
        "minecraft:raid_trigger" : {
          "triggered_event" : {
            "event" : "minecraft:remove_raid_trigger",
            "target" : "self"
          }
        },
        "minecraft:spell_effects" : {
          "remove_effects" : "bad_omen"
        }
      },
      "normal" : {
        "minecraft:mark_variant" : {
          "value" : 1027
        },
        "minecraft:variant" : {
          "value" : 0
        },
        "minecraft:movement" : {
          "value" : 0.10000000000000001
        },
        "minecraft:attack" : {
          "damage" : 1
        }
      },
      "throwing_knives:fire" : {
        "minecraft:spawn_entity" : [
          {
            "min_wait_time" : 0,
            "num_to_spawn" : 1,
            "spawn_entity" : "bullet:throwing_knives",
            "max_wait_time" : 0,
            "single_use" : true
          }
        ]
      },
      "ammo:1" : {
        "minecraft:mark_variant" : {
          "value" : 1
        },
        "minecraft:attack" : {
          "damage" : 1
        },
        "minecraft:movement" : {
          "value" : 0.10000000000000001
        }
      },
      "tomahawk:fire" : {
        "minecraft:spawn_entity" : [
          {
            "min_wait_time" : 0,
            "num_to_spawn" : 1,
            "spawn_entity" : "bullet:tomahawk",
            "max_wait_time" : 0,
            "single_use" : true
          }
        ]
      },
      "loaded_ballistic_knife_holder:fire" : {
        "minecraft:spawn_entity" : [
          {
            "min_wait_time" : 0,
            "num_to_spawn" : 1,
            "spawn_entity" : "bullet:loaded_ballistic_knife_holder",
            "max_wait_time" : 0,
            "single_use" : true
          }
        ]
      }
    },
    "description" : {
      "animations" : {
        "loaded_ballistic_knife_holder" : "controller.animation.loaded_ballistic_knife_holder",
        "throwing_knives" : "controller.animation.throwing_knives",
        "tomahawk" : "controller.animation.tomahawk"
      },
      "scripts" : {
        "animate" : [
          "tomahawk",
          "throwing_knives",
          "loaded_ballistic_knife_holder"
        ]
      },
      "is_spawnable" : false,
      "is_summonable" : false,
      "identifier" : "minecraft:player",
      "is_experimental" : false
    },
    "events" : {
      "normal" : {
        "add" : {
          "component_groups" : [
            "normal"
          ]
        }
      },
      "ammo:1" : {
        "add" : {
          "component_groups" : [
            "ammo:1"
          ]
        },
        "remove" : {
          "component_groups" : [
            "ammo:1"
          ]
        }
      },
      "minecraft:clear_add_bad_omen" : {
        "add" : {
          "component_groups" : [
            "minecraft:clear_bad_omen_spell_effect"
          ]
        },
        "remove" : {
          "component_groups" : [
            "minecraft:add_bad_omen"
          ]
        }
      },
      "minecraft:gain_bad_omen" : {
        "add" : {
          "component_groups" : [
            "minecraft:add_bad_omen"
          ]
        }
      },
      "minecraft:trigger_raid" : {
        "add" : {
          "component_groups" : [
            "minecraft:raid_trigger"
          ]
        }
      },
      "tomahawk:fire" : {
        "add" : {
          "component_groups" : [
            "tomahawk:fire"
          ]
        }
      },
      "throwing_knives:fire" : {
        "add" : {
          "component_groups" : [
            "throwing_knives:fire"
          ]
        }
      },
      "minecraft:remove_raid_trigger" : {
        "remove" : {
          "component_groups" : [
            "minecraft:raid_trigger"
          ]
        }
      },
      "loaded_ballistic_knife_holder:fire" : {
        "add" : {
          "component_groups" : [
            "loaded_ballistic_knife_holder:fire"
          ]
        }
      }
    }
  },
  "format_version" : "1.11.0"
}