{
	"format_version": "1.10.0",
	"animation_controllers": {
		"controller.animation.aks74u": {
			"initial_state": "setup",
			"states" : {
				"setup" : {
					"transitions" : [
						{
					"draw": "variable.aks74u"
						}
					]
				},
				"draw" : {
					"animations" : [
						{ 
				"aks74u_draw": "variable.aks74u"
						}
					],
					"transitions" : [
						{
					"default": "variable.aks74u && query.all_animations_finished"
						},
						{
					"setup": "!variable.aks74u"
						}
					]
				},
				"default" : {
					"animations" : [
						{ 
				"aks74u": "variable.aks74u"
						}
					],
					"transitions" : [
						{
					"aim": "variable.aks74u && query.is_sneaking"
						},
						{
					"sprint": "variable.aks74u && query.is_sprinting"
						},
		                {
		            "reload": "q.get_equipped_item_name('main_hand') == 'aks74u_empty' && query.get_equipped_item_name('off_hand') == 'aks74u_ammo'"
		                },
						{
					"setup": "!variable.aks74u"
						}
					],
			"blend_transition": 0.2,
			"blend_via_shortest_path": true
				},
				"sprint": {
					"animations": [
						{
					"aks74u_sprint": "variable.aks74u"
						}
					],
					"transitions": [
						{
					"aim": "variable.aks74u && query.is_sneaking"
						},
		                {
		            "reload": "q.get_equipped_item_name('main_hand') == 'aks74u_empty' && query.get_equipped_item_name('off_hand') == 'aks74u_ammo'"
		                },
						{
					"default": "variable.aks74u && !query.is_sprinting"
						},
						{
					"setup": "!variable.aks74u"
						}
					],
			"blend_transition": 0.2,
			"blend_via_shortest_path": true
				},
				"aim": {
					"animations": [
						{
					"aks74u_aim": "variable.aks74u"
						}
					],
					"transitions": [
		                {
		            "reload": "q.get_equipped_item_name('main_hand') == 'aks74u_empty' && query.get_equipped_item_name('off_hand') == 'aks74u_ammo'"
		                },
						{
					"default": "variable.aks74u && !query.is_sneaking"
						},
						{
					"setup": "!variable.aks74u"
						}
					],
				"blend_transition": 0.2,
				"blend_via_shortest_path": true
				},
				"reload": {
					"animations": [
						{
					"aks74u_reload": "variable.aks74u"
						},
						{
					"aks74u": "variable.aks74u"
						}
					],
					"transitions": [
						{
					"default": "variable.aks74u && query.all_animations_finished"
						},
						{
					"setup": "!variable.aks74u"
						}
					],
				"blend_transition": 0.1
				}
			}
		},
		"controller.animation.aks74u_tpp": {
			"initial_state": "setup",
			"states" : {
				"setup" : {
					"transitions" : [
						{
					"draw": "variable.aks74u"
						}
					]
				},
				"draw" : {
					"animations" : [
						{ 
				"aks74u_draw_tpp": "variable.aks74u"
						}
					],
					"transitions" : [
						{
					"default": "variable.aks74u && query.all_animations_finished"
						},
						{
					"setup": "!variable.aks74u"
						}
					]
				},
				"default" : {
					"animations" : [
						{ 
				"aks74u_tpp": "variable.aks74u"
						}
					],
					"transitions" : [
						{
					"aim": "variable.aks74u && query.is_sneaking"
						},
						{
					"sprint": "variable.aks74u && query.is_sprinting"
						},
						{
					"setup": "!variable.aks74u"
						}
					],
			"blend_transition": 0.2,
			"blend_via_shortest_path": true
				},
				"sprint": {
					"animations": [
						{
					"aks74u_sprint_tpp": "variable.aks74u"
						}
					],
					"transitions": [
						{
					"aim": "variable.aks74u && query.is_sneaking"
						},
						{
					"default": "variable.aks74u && !query.is_sprinting"
						},
						{
					"setup": "!variable.aks74u"
						}
					],
			"blend_transition": 0.2,
			"blend_via_shortest_path": true
				},
				"aim": {
					"animations": [
						{
					"aks74u_aim_tpp": "variable.aks74u"
						}
					],
					"transitions": [
						{
					"default": "variable.aks74u && !query.is_sneaking"
						},
						{
					"setup": "!variable.aks74u"
						}
					],
				"blend_transition": 0.2,
				"blend_via_shortest_path": true
				}
			}
		}
	}
}