{
	"format_version": "1.10.0",
	"animation_controllers": {
		"controller.animation.spas12": {
			"initial_state": "setup",
			"states" : {
				"setup" : {
					"transitions" : [
						{
					"draw": "variable.spas12"
						}
					]
				},
				"draw" : {
					"animations" : [
						{ 
				"spas12_draw": "variable.spas12"
						}
					],
					"transitions" : [
						{
					"default": "variable.spas12 && query.all_animations_finished"
						},
						{
					"setup": "!variable.spas12"
						}
					]
				},
				"default" : {
					"animations" : [
						{ 
				"spas12": "variable.spas12"
						}
					],
					"transitions" : [
						{
					"aim": "variable.spas12 && query.is_sneaking"
						},
						{
					"sprint": "variable.spas12 && query.is_sprinting"
						},
		                {
		            "reload": "q.get_equipped_item_name('main_hand') == 'spas12_empty' && query.get_equipped_item_name('off_hand') == 'spas12_ammo'"
		                },
						{
					"setup": "!variable.spas12"
						}
					],
			"blend_transition": 0.2,
			"blend_via_shortest_path": true
				},
				"sprint": {
					"animations": [
						{
					"spas12_sprint": "variable.spas12"
						}
					],
					"transitions": [
						{
					"aim": "variable.spas12 && query.is_sneaking"
						},
		                {
		            "reload": "q.get_equipped_item_name('main_hand') == 'spas12_empty' && query.get_equipped_item_name('off_hand') == 'spas12_ammo'"
		                },
						{
					"default": "variable.spas12 && !query.is_sprinting"
						},
						{
					"setup": "!variable.spas12"
						}
					],
			"blend_transition": 0.2,
			"blend_via_shortest_path": true
				},
				"aim": {
					"animations": [
						{
					"spas12_aim": "variable.spas12"
						}
					],
					"transitions": [
		                {
		            "reload": "q.get_equipped_item_name('main_hand') == 'spas12_empty' && query.get_equipped_item_name('off_hand') == 'spas12_ammo'"
		                },
						{
					"default": "variable.spas12 && !query.is_sneaking"
						},
						{
					"setup": "!variable.spas12"
						}
					],
				"blend_transition": 0.2,
				"blend_via_shortest_path": true
				},
				"reload": {
					"animations": [
						{
					"spas12_reload": "variable.spas12"
						},
						{
					"spas12": "variable.spas12"
						}
					],
					"transitions": [
						{
					"default": "variable.spas12 && query.all_animations_finished"
						},
						{
					"setup": "!variable.spas12"
						}
					],
				"blend_transition": 0.1
				}
			}
		},
		"controller.animation.spas12_tpp": {
			"initial_state": "setup",
			"states" : {
				"setup" : {
					"transitions" : [
						{
					"draw": "variable.spas12"
						}
					]
				},
				"draw" : {
					"animations" : [
						{ 
				"spas12_draw_tpp": "variable.spas12"
						}
					],
					"transitions" : [
						{
					"default": "variable.spas12 && query.all_animations_finished"
						},
						{
					"setup": "!variable.spas12"
						}
					]
				},
				"default" : {
					"animations" : [
						{ 
				"spas12_tpp": "variable.spas12"
						}
					],
					"transitions" : [
						{
					"aim": "variable.spas12 && query.is_sneaking"
						},
						{
					"sprint": "variable.spas12 && query.is_sprinting"
						},
						{
					"setup": "!variable.spas12"
						}
					],
			"blend_transition": 0.2,
			"blend_via_shortest_path": true
				},
				"sprint": {
					"animations": [
						{
					"spas12_sprint_tpp":  "variable.spas12"
						}
					],
					"transitions": [
						{
					"aim": "variable.spas12 && query.is_sneaking"
						},
						{
					"default": "variable.spas12 && !query.is_sprinting"
						},
						{
					"setup": "!variable.spas12"
						}
					],
			"blend_transition": 0.2,
			"blend_via_shortest_path": true
				},
				"aim": {
					"animations": [
						{
					"spas12_aim_tpp": "variable.spas12"
						}
					],
					"transitions": [
						{
					"default": "variable.spas12 && !query.is_sneaking"
						},
						{
					"setup": "!variable.spas12"
						}
					],
				"blend_transition": 0.2,
				"blend_via_shortest_path": true
				}
			}
		}
	}
}