{
	"format_version": "1.10.0",
	"animation_controllers": {
		"controller.animation.ak37": {
			"initial_state": "setup",
			"states" : {
				"setup" : {
					"transitions" : [
						{
					"draw": "variable.ak37"
						}
					]
				},
				"draw" : {
					"animations" : [
						{ 
				"ak37_draw": "variable.ak37"
						}
					],
					"transitions" : [
						{
					"default": "variable.ak37 && query.all_animations_finished"
						},
						{
					"setup": "!variable.ak37"
						}
					]
				},
				"default" : {
					"animations" : [
						{ 
				"ak37": "variable.ak37"
						}
					],
					"transitions" : [
						{
					"aim": "variable.ak37 && query.is_sneaking"
						},
						{
					"sprint": "variable.ak37 && query.is_sprinting"
						},
		                {
		            "reload": "q.get_equipped_item_name('main_hand') == 'ak37_empty' && query.get_equipped_item_name('off_hand') == 'ak37_ammo'"
		                },
						{
					"setup": "!variable.ak37"
						}
					],
			"blend_transition": 0.2,
			"blend_via_shortest_path": true
				},
				"sprint": {
					"animations": [
						{
					"ak37_sprint": "variable.ak37"
						}
					],
					"transitions": [
						{
					"aim": "variable.ak37 && query.is_sneaking"
						},
		                {
		            "reload": "q.get_equipped_item_name('main_hand') == 'ak37_empty' && query.get_equipped_item_name('off_hand') == 'ak37_ammo'"
		                },
						{
					"default": "variable.ak37 && !query.is_sprinting"
						},
						{
					"setup": "!variable.ak37"
						}
					],
			"blend_transition": 0.2,
			"blend_via_shortest_path": true
				},
				"aim": {
					"animations": [
						{
					"ak37_aim": "variable.ak37"
						}
					],
					"transitions": [
		                {
		            "reload": "q.get_equipped_item_name('main_hand') == 'ak37_empty' && query.get_equipped_item_name('off_hand') == 'ak37_ammo'"
		                },
						{
					"default": "variable.ak37 && !query.is_sneaking"
						},
						{
					"setup": "!variable.ak37"
						}
					],
				"blend_transition": 0.2,
				"blend_via_shortest_path": true
				},
				"reload": {
					"animations": [
						{
					"ak37_reload": "variable.ak37"
						},
						{
					"ak37": "variable.ak37"
						}
					],
					"transitions": [
						{
					"default": "variable.ak37 && query.all_animations_finished"
						},
						{
					"setup": "!variable.ak37"
						}
					],
				"blend_transition": 0.1
				}
			}
		},
		"controller.animation.ak37_tpp": {
			"initial_state": "setup",
			"states" : {
				"setup" : {
					"transitions" : [
						{
					"draw": "variable.ak37"
						}
					]
				},
				"draw" : {
					"animations" : [
						{ 
				"ak37_draw_tpp": "variable.ak37"
						}
					],
					"transitions" : [
						{
					"default": "variable.ak37 && query.all_animations_finished"
						},
						{
					"setup": "!variable.ak37"
						}
					]
				},
				"default" : {
					"animations" : [
						{ 
				"ak37_tpp": "variable.ak37"
						}
					],
					"transitions" : [
						{
					"aim": "variable.ak37 && query.is_sneaking"
						},
						{
					"sprint": "variable.ak37 && query.is_sprinting"
						},
						{
					"setup": "!variable.ak37"
						}
					],
			"blend_transition": 0.2,
			"blend_via_shortest_path": true
				},
				"sprint": {
					"animations": [
						{
					"ak37_sprint_tpp": "variable.ak37"
						}
					],
					"transitions": [
						{
					"aim": "variable.ak37 && query.is_sneaking"
						},
						{
					"default": "variable.ak37 && !query.is_sprinting"
						},
						{
					"setup": "!variable.ak37"
						}
					],
			"blend_transition": 0.2,
			"blend_via_shortest_path": true
				},
				"aim": {
					"animations": [
						{
					"ak37_aim_tpp": "variable.ak37"
						}
					],
					"transitions": [
						{
					"default": "variable.ak37 && !query.is_sneaking"
						},
						{
					"setup": "!variable.ak37"
						}
					],
				"blend_transition": 0.2,
				"blend_via_shortest_path": true
				}
			}
		}
	}
}