{
	"format_version": "1.10.0",
	"animation_controllers": {
		"controller.animation.vector": {
			"initial_state": "setup",
			"states" : {
				"setup" : {
					"transitions" : [
						{
					"draw": "variable.vector"
						}
					]
				},
				"draw" : {
					"animations" : [
						{ 
				"vector_draw": "variable.vector"
						}
					],
					"transitions" : [
						{
					"default": "variable.vector && query.all_animations_finished"
						},
						{
					"setup": "!variable.vector"
						}
					]
				},
				"default" : {
					"animations" : [
						{ 
				"vector": "variable.vector"
						}
					],
					"transitions" : [
						{
					"aim": "variable.vector && query.is_sneaking"
						},
						{
					"sprint": "variable.vector && query.is_sprinting"
						},
		                {
		            "reload": "q.get_equipped_item_name('main_hand') == 'vector_empty' && query.get_equipped_item_name('off_hand') == 'vector_ammo'"
		                },
						{
					"setup": "!variable.vector"
						}
					],
			"blend_transition": 0.2,
			"blend_via_shortest_path": true
				},
				"sprint": {
					"animations": [
						{
					"vector_sprint": "variable.vector"
						}
					],
					"transitions": [
						{
					"aim": "variable.vector && query.is_sneaking"
						},
		                {
		            "reload": "q.get_equipped_item_name('main_hand') == 'vector_empty' && query.get_equipped_item_name('off_hand') == 'vector_ammo'"
		                },
						{
					"default": "variable.vector && !query.is_sprinting"
						},
						{
					"setup": "!variable.vector"
						}
					],
			"blend_transition": 0.2,
			"blend_via_shortest_path": true
				},
				"aim": {
					"animations": [
						{
					"vector_aim": "variable.vector"
						}
					],
					"transitions": [
		                {
		            "reload": "q.get_equipped_item_name('main_hand') == 'vector_empty' && query.get_equipped_item_name('off_hand') == 'vector_ammo'"
		                },
						{
					"default": "variable.vector && !query.is_sneaking"
						},
						{
					"setup": "!variable.vector"
						}
					],
				"blend_transition": 0.2,
				"blend_via_shortest_path": true
				},
				"reload": {
					"animations": [
						{
					"vector_reload": "variable.vector"
						},
						{
					"vector": "variable.vector"
						}
					],
					"transitions": [
						{
					"default": "variable.vector && query.all_animations_finished"
						},
						{
					"setup": "!variable.vector"
						}
					],
				"blend_transition": 0.1
				}
			}
		},
		"controller.animation.vector_tpp": {
			"initial_state": "setup",
			"states" : {
				"setup" : {
					"transitions" : [
						{
					"draw": "variable.vector"
						}
					]
				},
				"draw" : {
					"animations" : [
						{ 
				"vector_draw_tpp": "variable.vector"
						}
					],
					"transitions" : [
						{
					"default": "variable.vector && query.all_animations_finished"
						},
						{
					"setup": "!variable.vector"
						}
					]
				},
				"default" : {
					"animations" : [
						{ 
				"vector_tpp": "variable.vector"
						}
					],
					"transitions" : [
						{
					"aim": "variable.vector && query.is_sneaking"
						},
						{
					"sprint": "variable.vector && query.is_sprinting"
						},
						{
					"setup": "!variable.vector"
						}
					],
			"blend_transition": 0.2,
			"blend_via_shortest_path": true
				},
				"sprint": {
					"animations": [
						{
					"vector_sprint_tpp":  "variable.vector"
						}
					],
					"transitions": [
						{
					"aim": "variable.vector && query.is_sneaking"
						},
						{
					"default": "variable.vector && !query.is_sprinting"
						},
						{
					"setup": "!variable.vector"
						}
					],
			"blend_transition": 0.2,
			"blend_via_shortest_path": true
				},
				"aim": {
					"animations": [
						{
					"vector_aim_tpp": "variable.vector"
						}
					],
					"transitions": [
						{
					"default": "variable.vector && !query.is_sneaking"
						},
						{
					"setup": "!variable.vector"
						}
					],
				"blend_transition": 0.2,
				"blend_via_shortest_path": true
				}
			}
		}
	}
}