{
	"format_version": "1.10.0",
	"animation_controllers": {
		"controller.animation.vec35": {
			"initial_state": "setup",
			"states" : {
				"setup" : {
					"transitions" : [
						{
					"draw": "variable.vec35"
						}
					]
				},
				"draw" : {
					"animations" : [
						{ 
				"vec35_draw": "variable.vec35"
						}
					],
					"transitions" : [
						{
					"default": "variable.vec35 && query.all_animations_finished"
						},
						{
					"setup": "!variable.vec35"
						}
					]
				},
				"default" : {
					"animations" : [
						{ 
				"vec35": "variable.vec35"
						}
					],
					"transitions" : [
						{
					"aim": "variable.vec35 && query.is_sneaking"
						},
						{
					"sprint": "variable.vec35 && query.is_sprinting"
						},
		                {
		            "reload": "q.get_equipped_item_name('main_hand') == 'vec35_empty' && query.get_equipped_item_name('off_hand') == 'vec35_ammo'"
		                },
						{
					"setup": "!variable.vec35"
						}
					],
			"blend_transition": 0.2,
			"blend_via_shortest_path": true
				},
				"sprint": {
					"animations": [
						{
					"vec35_sprint": "variable.vec35"
						}
					],
					"transitions": [
						{
					"aim": "variable.vec35 && query.is_sneaking"
						},
		                {
		            "reload": "q.get_equipped_item_name('main_hand') == 'vec35_empty' && query.get_equipped_item_name('off_hand') == 'vec35_ammo'"
		                },
						{
					"default": "variable.vec35 && !query.is_sprinting"
						},
						{
					"setup": "!variable.vec35"
						}
					],
			"blend_transition": 0.2,
			"blend_via_shortest_path": true
				},
				"aim": {
					"animations": [
						{
					"vec35_aim": "variable.vec35"
						}
					],
					"transitions": [
		                {
		            "reload": "q.get_equipped_item_name('main_hand') == 'vec35_empty' && query.get_equipped_item_name('off_hand') == 'vec35_ammo'"
		                },
						{
					"default": "variable.vec35 && !query.is_sneaking"
						},
						{
					"setup": "!variable.vec35"
						}
					],
				"blend_transition": 0.2,
				"blend_via_shortest_path": true
				},
				"reload": {
					"animations": [
						{
					"vec35_reload": "variable.vec35"
						},
						{
					"vec35": "variable.vec35"
						}
					],
					"transitions": [
						{
					"default": "variable.vec35 && query.all_animations_finished"
						},
						{
					"setup": "!variable.vec35"
						}
					],
				"blend_transition": 0.1
				}
			}
		},
		"controller.animation.vec35_tpp": {
			"initial_state": "setup",
			"states" : {
				"setup" : {
					"transitions" : [
						{
					"draw": "variable.vec35"
						}
					]
				},
				"draw" : {
					"animations" : [
						{ 
				"vec35_draw_tpp": "variable.vec35"
						}
					],
					"transitions" : [
						{
					"default": "variable.vec35 && query.all_animations_finished"
						},
						{
					"setup": "!variable.vec35"
						}
					]
				},
				"default" : {
					"animations" : [
						{ 
				"vec35_tpp": "variable.vec35"
						}
					],
					"transitions" : [
						{
					"aim": "variable.vec35 && query.is_sneaking"
						},
						{
					"sprint": "variable.vec35 && query.is_sprinting"
						},
						{
					"setup": "!variable.vec35"
						}
					],
			"blend_transition": 0.2,
			"blend_via_shortest_path": true
				},
				"sprint": {
					"animations": [
						{
					"vec35_sprint_tpp":  "variable.vec35"
						}
					],
					"transitions": [
						{
					"aim": "variable.vec35 && query.is_sneaking"
						},
						{
					"default": "variable.vec35 && !query.is_sprinting"
						},
						{
					"setup": "!variable.vec35"
						}
					],
			"blend_transition": 0.2,
			"blend_via_shortest_path": true
				},
				"aim": {
					"animations": [
						{
					"vec35_aim_tpp": "variable.vec35"
						}
					],
					"transitions": [
						{
					"default": "variable.vec35 && !query.is_sneaking"
						},
						{
					"setup": "!variable.vec35"
						}
					],
				"blend_transition": 0.2,
				"blend_via_shortest_path": true
				}
			}
		}
	}
}