{
	"format_version": "1.10.0",
	"animation_controllers": {
		"controller.animation.hbdgr": {
			"initial_state": "setup",
			"states" : {
				"setup" : {
					"transitions" : [
						{
					"draw": "variable.hbdgr"
						}
					]
				},
				"draw" : {
					"animations" : [
						{ 
				"hbdgr_draw": "variable.hbdgr"
						}
					],
					"transitions" : [
						{
					"default": "variable.hbdgr && query.all_animations_finished"
						},
						{
					"setup": "!variable.hbdgr"
						}
					]
				},
				"default" : {
					"animations" : [
						{ 
				"hbdgr": "variable.hbdgr"
						}
					],
					"transitions" : [
						{
					"aim": "variable.hbdgr && query.is_sneaking"
						},
						{
					"sprint": "variable.hbdgr && query.is_sprinting"
						},
		                {
		            "reload": "q.get_equipped_item_name('main_hand') == 'hbdgr_empty' && query.get_equipped_item_name('off_hand') == 'hbdgr_ammo'"
		                },
						{
					"setup": "!variable.hbdgr"
						}
					],
			"blend_transition": 0.2,
			"blend_via_shortest_path": true
				},
				"sprint": {
					"animations": [
						{
					"hbdgr_sprint": "variable.hbdgr"
						}
					],
					"transitions": [
						{
					"aim": "variable.hbdgr && query.is_sneaking"
						},
		                {
		            "reload": "q.get_equipped_item_name('main_hand') == 'hbdgr_empty' && query.get_equipped_item_name('off_hand') == 'hbdgr_ammo'"
		                },
						{
					"default": "variable.hbdgr && !query.is_sprinting"
						},
						{
					"setup": "!variable.hbdgr"
						}
					],
			"blend_transition": 0.2,
			"blend_via_shortest_path": true
				},
				"aim": {
					"animations": [
						{
					"hbdgr_aim": "variable.hbdgr"
						}
					],
					"transitions": [
		                {
		            "reload": "q.get_equipped_item_name('main_hand') == 'hbdgr_empty' && query.get_equipped_item_name('off_hand') == 'hbdgr_ammo'"
		                },
						{
					"default": "variable.hbdgr && !query.is_sneaking"
						},
						{
					"setup": "!variable.hbdgr"
						}
					],
				"blend_transition": 0.2,
				"blend_via_shortest_path": true
				},
				"reload": {
					"animations": [
						{
					"hbdgr_reload": "variable.hbdgr"
						},
						{
					"hbdgr": "variable.hbdgr"
						}
					],
					"transitions": [
						{
					"default": "variable.hbdgr && query.all_animations_finished"
						},
						{
					"setup": "!variable.hbdgr"
						}
					],
				"blend_transition": 0.1
				}
			}
		},
		"controller.animation.hbdgr_tpp": {
			"initial_state": "setup",
			"states" : {
				"setup" : {
					"transitions" : [
						{
					"draw": "variable.hbdgr"
						}
					]
				},
				"draw" : {
					"animations" : [
						{ 
				"hbdgr_draw_tpp": "variable.hbdgr"
						}
					],
					"transitions" : [
						{
					"default": "variable.hbdgr && query.all_animations_finished"
						},
						{
					"setup": "!variable.hbdgr"
						}
					]
				},
				"default" : {
					"animations" : [
						{ 
				"hbdgr_tpp": "variable.hbdgr"
						}
					],
					"transitions" : [
						{
					"aim": "variable.hbdgr && query.is_sneaking"
						},
						{
					"sprint": "variable.hbdgr && query.is_sprinting"
						},
						{
					"setup": "!variable.hbdgr"
						}
					],
			"blend_transition": 0.2,
			"blend_via_shortest_path": true
				},
				"sprint": {
					"animations": [
						{
					"hbdgr_sprint_tpp": "variable.hbdgr"
						}
					],
					"transitions": [
						{
					"aim": "variable.hbdgr && query.is_sneaking"
						},
						{
					"default": "variable.hbdgr && !query.is_sprinting"
						},
						{
					"setup": "!variable.hbdgr"
						}
					],
			"blend_transition": 0.2,
			"blend_via_shortest_path": true
				},
				"aim": {
					"animations": [
						{
					"hbdgr_aim_tpp": "variable.hbdgr"
						}
					],
					"transitions": [
						{
					"default": "variable.hbdgr && !query.is_sneaking"
						},
						{
					"setup": "!variable.hbdgr"
						}
					],
				"blend_transition": 0.2,
				"blend_via_shortest_path": true
				}
			}
		}
	}
}