{
	"format_version": "1.10.0",
	"animation_controllers": {
		"controller.animation.bm3": {
			"initial_state": "setup",
			"states" : {
				"setup" : {
					"transitions" : [
						{
					"draw": "variable.bm3"
						}
					]
				},
				"draw" : {
					"animations" : [
						{ 
				"bm3_draw": "variable.bm3"
						}
					],
					"transitions" : [
						{
					"default": "variable.bm3 && query.all_animations_finished"
						},
						{
					"setup": "!variable.bm3"
						}
					]
				},
				"default" : {
					"animations" : [
						{ 
				"bm3": "variable.bm3"
						}
					],
					"transitions" : [
						{
					"aim": "variable.bm3 && query.is_sneaking"
						},
						{
					"sprint": "variable.bm3 && query.is_sprinting"
						},
		                {
		            "reload": "q.get_equipped_item_name('main_hand') == 'bm3_empty' && query.get_equipped_item_name('off_hand') == 'bm3_ammo'"
		                },
						{
					"setup": "!variable.bm3"
						}
					],
			"blend_transition": 0.2,
			"blend_via_shortest_path": true
				},
				"sprint": {
					"animations": [
						{
					"bm3_sprint": "variable.bm3"
						}
					],
					"transitions": [
						{
					"aim": "variable.bm3 && query.is_sneaking"
						},
		                {
		            "reload": "q.get_equipped_item_name('main_hand') == 'bm3_empty' && query.get_equipped_item_name('off_hand') == 'bm3_ammo'"
		                },
						{
					"default": "variable.bm3 && !query.is_sprinting"
						},
						{
					"setup": "!variable.bm3"
						}
					],
			"blend_transition": 0.2,
			"blend_via_shortest_path": true
				},
				"aim": {
					"animations": [
						{
					"bm3_aim": "variable.bm3"
						}
					],
					"transitions": [
		                {
		            "reload": "q.get_equipped_item_name('main_hand') == 'bm3_empty' && query.get_equipped_item_name('off_hand') == 'bm3_ammo'"
		                },
						{
					"default": "variable.bm3 && !query.is_sneaking"
						},
						{
					"setup": "!variable.bm3"
						}
					],
				"blend_transition": 0.2,
				"blend_via_shortest_path": true
				},
				"reload": {
					"animations": [
						{
					"bm3_reload": "variable.bm3"
						},
						{
					"bm3": "variable.bm3"
						}
					],
					"transitions": [
						{
					"default": "variable.bm3 && query.all_animations_finished"
						},
						{
					"setup": "!variable.bm3"
						}
					],
				"blend_transition": 0.1
				}
			}
		},
		"controller.animation.bm3_tpp": {
			"initial_state": "setup",
			"states" : {
				"setup" : {
					"transitions" : [
						{
					"draw": "variable.bm3"
						}
					]
				},
				"draw" : {
					"animations" : [
						{ 
				"bm3_draw_tpp": "variable.bm3"
						}
					],
					"transitions" : [
						{
					"default": "variable.bm3 && query.all_animations_finished"
						},
						{
					"setup": "!variable.bm3"
						}
					]
				},
				"default" : {
					"animations" : [
						{ 
				"bm3_tpp": "variable.bm3"
						}
					],
					"transitions" : [
						{
					"aim": "variable.bm3 && query.is_sneaking"
						},
						{
					"sprint": "variable.bm3 && query.is_sprinting"
						},
						{
					"setup": "!variable.bm3"
						}
					],
			"blend_transition": 0.2,
			"blend_via_shortest_path": true
				},
				"sprint": {
					"animations": [
						{
					"bm3_sprint_tpp": "variable.bm3"
						}
					],
					"transitions": [
						{
					"aim": "variable.bm3 && query.is_sneaking"
						},
						{
					"default": "variable.bm3 && !query.is_sprinting"
						},
						{
					"setup": "!variable.bm3"
						}
					],
			"blend_transition": 0.2,
			"blend_via_shortest_path": true
				},
				"aim": {
					"animations": [
						{
					"bm3_aim_tpp": "variable.bm3"
						}
					],
					"transitions": [
						{
					"default": "variable.bm3 && !query.is_sneaking"
						},
						{
					"setup": "!variable.bm3"
						}
					],
				"blend_transition": 0.2,
				"blend_via_shortest_path": true
				}
			}
		}
	}
}