{
	"format_version": "1.10.0",
	"animation_controllers": {
		"controller.animation.akm": {
			"initial_state": "setup",
			"states" : {
				"setup" : {
					"transitions" : [
						{
					"draw": "variable.akm"
						}
					]
				},
				"draw" : {
					"animations" : [
						{ 
				"akm_draw": "variable.akm"
						}
					],
					"transitions" : [
						{
					"default": "variable.akm && query.all_animations_finished"
						},
						{
					"setup": "!variable.akm"
						}
					]
				},
				"default" : {
					"animations" : [
						{ 
				"akm": "variable.akm"
						}
					],
					"transitions" : [
						{
					"aim": "variable.akm && query.is_sneaking"
						},
						{
					"sprint": "variable.akm && query.is_sprinting"
						},
		                {
		            "reload": "q.get_equipped_item_name('main_hand') == 'akm_empty' && query.get_equipped_item_name('off_hand') == 'akm_ammo'"
		                },
						{
					"setup": "!variable.akm"
						}
					],
			"blend_transition": 0.2,
			"blend_via_shortest_path": true
				},
				"sprint": {
					"animations": [
						{
					"akm_sprint": "variable.akm"
						}
					],
					"transitions": [
						{
					"aim": "variable.akm && query.is_sneaking"
						},
		                {
		            "reload": "q.get_equipped_item_name('main_hand') == 'akm_empty' && query.get_equipped_item_name('off_hand') == 'akm_ammo'"
		                },
						{
					"default": "variable.akm && !query.is_sprinting"
						},
						{
					"setup": "!variable.akm"
						}
					],
			"blend_transition": 0.2,
			"blend_via_shortest_path": true
				},
				"aim": {
					"animations": [
						{
					"akm_aim": "variable.akm"
						}
					],
					"transitions": [
		                {
		            "reload": "q.get_equipped_item_name('main_hand') == 'akm_empty' && query.get_equipped_item_name('off_hand') == 'akm_ammo'"
		                },
						{
					"default": "variable.akm && !query.is_sneaking"
						},
						{
					"setup": "!variable.akm"
						}
					],
				"blend_transition": 0.2,
				"blend_via_shortest_path": true
				},
				"reload": {
					"animations": [
						{
					"akm_reload": "variable.akm"
						},
						{
					"akm": "variable.akm"
						}
					],
					"transitions": [
						{
					"default": "variable.akm && query.all_animations_finished"
						},
						{
					"setup": "!variable.akm"
						}
					],
				"blend_transition": 0.1
				}
			}
		},
		"controller.animation.akm_tpp": {
			"initial_state": "setup",
			"states" : {
				"setup" : {
					"transitions" : [
						{
					"draw": "variable.akm"
						}
					]
				},
				"draw" : {
					"animations" : [
						{ 
				"akm_draw_tpp": "variable.akm"
						}
					],
					"transitions" : [
						{
					"default": "variable.akm && query.all_animations_finished"
						},
						{
					"setup": "!variable.akm"
						}
					]
				},
				"default" : {
					"animations" : [
						{ 
				"akm_tpp": "variable.akm"
						}
					],
					"transitions" : [
						{
					"aim": "variable.akm && query.is_sneaking"
						},
						{
					"sprint": "variable.akm && query.is_sprinting"
						},
						{
					"setup": "!variable.akm"
						}
					],
			"blend_transition": 0.2,
			"blend_via_shortest_path": true
				},
				"sprint": {
					"animations": [
						{
					"akm_sprint_tpp": "variable.akm"
						}
					],
					"transitions": [
						{
					"aim": "variable.akm && query.is_sneaking"
						},
						{
					"default": "variable.akm && !query.is_sprinting"
						},
						{
					"setup": "!variable.akm"
						}
					],
			"blend_transition": 0.2,
			"blend_via_shortest_path": true
				},
				"aim": {
					"animations": [
						{
					"akm_aim_tpp": "variable.akm"
						}
					],
					"transitions": [
						{
					"default": "variable.akm && !query.is_sneaking"
						},
						{
					"setup": "!variable.akm"
						}
					],
				"blend_transition": 0.2,
				"blend_via_shortest_path": true
				}
			}
		}
	}
}