{
	"format_version": "1.10.0",
	"animation_controllers": {
		"controller.animation.he_grenade": {
			"initial_state": "default",
			"states" : {
				"default" : {
					"animations" : [
						{ 
				"he_grenade": "variable.he_grenade"
						}
					],
			"blend_transition": 0.1,
			"blend_via_shortest_path": true
				}
			}
		},
		"controller.animation.he_grenade_tpp": {
			"initial_state": "default",
			"states" : {
				"default" : {
					"animations" : [
						{ 
				"he_grenade_tpp": "variable.he_grenade"
						}
					],
			"blend_transition": 0.1,
			"blend_via_shortest_path": true
				}
			}
		}
	}
}