{
	"format_version": "1.10.0",
	"animation_controllers": {
		"controller.animation.hk417": {
			"initial_state": "setup",
			"states" : {
				"setup" : {
					"transitions" : [
						{
					"draw": "variable.hk417"
						}
					]
				},
				"draw" : {
					"animations" : [
						{ 
				"hk417_draw": "variable.hk417"
						}
					],
					"transitions" : [
						{
					"default": "variable.hk417 && query.all_animations_finished"
						},
						{
					"setup": "!variable.hk417"
						}
					]
				},
				"default" : {
					"animations" : [
						{ 
				"hk417": "variable.hk417"
						}
					],
					"transitions" : [
						{
					"aim": "variable.hk417 && query.is_sneaking"
						},
						{
					"sprint": "variable.hk417 && query.is_sprinting"
						},
		                {
		            "reload": "q.get_equipped_item_name('main_hand') == 'hk417_empty' && query.get_equipped_item_name('off_hand') == 'hk417_ammo'"
		                },
						{
					"setup": "!variable.hk417"
						}
					],
			"blend_transition": 0.2,
			"blend_via_shortest_path": true
				},
				"sprint": {
					"animations": [
						{
					"hk417_sprint": "variable.hk417"
						}
					],
					"transitions": [
						{
					"aim": "variable.hk417 && query.is_sneaking"
						},
		                {
		            "reload": "q.get_equipped_item_name('main_hand') == 'hk417_empty' && query.get_equipped_item_name('off_hand') == 'hk417_ammo'"
		                },
						{
					"default": "variable.hk417 && !query.is_sprinting"
						},
						{
					"setup": "!variable.hk417"
						}
					],
			"blend_transition": 0.2,
			"blend_via_shortest_path": true
				},
				"aim": {
					"animations": [
						{
					"hk417_aim": "variable.hk417"
						}
					],
					"transitions": [
		                {
		            "reload": "q.get_equipped_item_name('main_hand') == 'hk417_empty' && query.get_equipped_item_name('off_hand') == 'hk417_ammo'"
		                },
						{
					"default": "variable.hk417 && !query.is_sneaking"
						},
						{
					"setup": "!variable.hk417"
						}
					],
				"blend_transition": 0.2,
				"blend_via_shortest_path": true
				},
				"reload": {
					"animations": [
						{
					"hk417_reload": "variable.hk417"
						},
						{
					"hk417": "variable.hk417"
						}
					],
					"transitions": [
						{
					"default": "variable.hk417 && query.all_animations_finished"
						},
						{
					"setup": "!variable.hk417"
						}
					],
				"blend_transition": 0.1
				}
			}
		},
		"controller.animation.hk417_tpp": {
			"initial_state": "setup",
			"states" : {
				"setup" : {
					"transitions" : [
						{
					"draw": "variable.hk417"
						}
					]
				},
				"draw" : {
					"animations" : [
						{ 
				"hk417_draw_tpp": "variable.hk417"
						}
					],
					"transitions" : [
						{
					"default": "variable.hk417 && query.all_animations_finished"
						},
						{
					"setup": "!variable.hk417"
						}
					]
				},
				"default" : {
					"animations" : [
						{ 
				"hk417_tpp": "variable.hk417"
						}
					],
					"transitions" : [
						{
					"aim": "variable.hk417 && query.is_sneaking"
						},
						{
					"sprint": "variable.hk417 && query.is_sprinting"
						},
						{
					"setup": "!variable.hk417"
						}
					],
			"blend_transition": 0.2,
			"blend_via_shortest_path": true
				},
				"sprint": {
					"animations": [
						{
					"hk417_sprint_tpp": "variable.hk417"
						}
					],
					"transitions": [
						{
					"aim": "variable.hk417 && query.is_sneaking"
						},
						{
					"default": "variable.hk417 && !query.is_sprinting"
						},
						{
					"setup": "!variable.hk417"
						}
					],
			"blend_transition": 0.2,
			"blend_via_shortest_path": true
				},
				"aim": {
					"animations": [
						{
					"hk417_aim_tpp": "variable.hk417"
						}
					],
					"transitions": [
						{
					"default": "variable.hk417 && !query.is_sneaking"
						},
						{
					"setup": "!variable.hk417"
						}
					],
				"blend_transition": 0.2,
				"blend_via_shortest_path": true
				}
			}
		}
	}
}