{
	"format_version": "1.10.0",
	"animation_controllers": {
		"controller.animation.scar": {
			"initial_state": "setup",
			"states" : {
				"setup" : {
					"transitions" : [
						{
					"draw": "variable.scar"
						}
					]
				},
				"draw" : {
					"animations" : [
						{ 
				"scar_draw": "variable.scar"
						}
					],
					"transitions" : [
						{
					"default": "variable.scar && query.all_animations_finished"
						},
						{
					"setup": "!variable.scar"
						}
					]
				},
				"default" : {
					"animations" : [
						{ 
				"scar": "variable.scar"
						}
					],
					"transitions" : [
						{
					"aim": "variable.scar && query.is_sneaking"
						},
						{
					"sprint": "variable.scar && query.is_sprinting"
						},
		                {
		            "reload": "q.get_equipped_item_name('main_hand') == 'scar_empty' && query.get_equipped_item_name('off_hand') == 'scar_ammo'"
		                },
						{
					"setup": "!variable.scar"
						}
					],
			"blend_transition": 0.2,
			"blend_via_shortest_path": true
				},
				"sprint": {
					"animations": [
						{
					"scar_sprint": "variable.scar"
						}
					],
					"transitions": [
						{
					"aim": "variable.scar && query.is_sneaking"
						},
		                {
		            "reload": "q.get_equipped_item_name('main_hand') == 'scar_empty' && query.get_equipped_item_name('off_hand') == 'scar_ammo'"
		                },
						{
					"default": "variable.scar && !query.is_sprinting"
						},
						{
					"setup": "!variable.scar"
						}
					],
			"blend_transition": 0.2,
			"blend_via_shortest_path": true
				},
				"aim": {
					"animations": [
						{
					"scar_aim": "variable.scar"
						}
					],
					"transitions": [
		                {
		            "reload": "q.get_equipped_item_name('main_hand') == 'scar_empty' && query.get_equipped_item_name('off_hand') == 'scar_ammo'"
		                },
						{
					"default": "variable.scar && !query.is_sneaking"
						},
						{
					"setup": "!variable.scar"
						}
					],
				"blend_transition": 0.2,
				"blend_via_shortest_path": true
				},
				"reload": {
					"animations": [
						{
					"scar_reload": "variable.scar"
						},
						{
					"scar": "variable.scar"
						}
					],
					"transitions": [
						{
					"default": "variable.scar && query.all_animations_finished"
						},
						{
					"setup": "!variable.scar"
						}
					],
				"blend_transition": 0.1
				}
			}
		},
		"controller.animation.scar_tpp": {
			"initial_state": "setup",
			"states" : {
				"setup" : {
					"transitions" : [
						{
					"draw": "variable.scar"
						}
					]
				},
				"draw" : {
					"animations" : [
						{ 
				"scar_draw_tpp": "variable.scar"
						}
					],
					"transitions" : [
						{
					"default": "variable.scar && query.all_animations_finished"
						},
						{
					"setup": "!variable.scar"
						}
					]
				},
				"default" : {
					"animations" : [
						{ 
				"scar_tpp": "variable.scar"
						}
					],
					"transitions" : [
						{
					"aim": "variable.scar && query.is_sneaking"
						},
						{
					"sprint": "variable.scar && query.is_sprinting"
						},
						{
					"setup": "!variable.scar"
						}
					],
			"blend_transition": 0.2,
			"blend_via_shortest_path": true
				},
				"sprint": {
					"animations": [
						{
					"scar_sprint_tpp":  "variable.scar"
						}
					],
					"transitions": [
						{
					"aim": "variable.scar && query.is_sneaking"
						},
						{
					"default": "variable.scar && !query.is_sprinting"
						},
						{
					"setup": "!variable.scar"
						}
					],
			"blend_transition": 0.2,
			"blend_via_shortest_path": true
				},
				"aim": {
					"animations": [
						{
					"scar_aim_tpp": "variable.scar"
						}
					],
					"transitions": [
						{
					"default": "variable.scar && !query.is_sneaking"
						},
						{
					"setup": "!variable.scar"
						}
					],
				"blend_transition": 0.2,
				"blend_via_shortest_path": true
				}
			}
		}
	}
}