{
	"format_version": "1.10.0",
	"animation_controllers": {
		"controller.animation.glock19": {
			"initial_state": "setup",
			"states" : {
				"setup" : {
					"transitions" : [
						{
					"draw": "variable.glock19"
						}
					]
				},
				"draw" : {
					"animations" : [
						{ 
				"glock19_draw": "variable.glock19"
						}
					],
					"transitions" : [
						{
					"default": "variable.glock19 && query.all_animations_finished"
						},
						{
					"setup": "!variable.glock19"
						}
					]
				},
				"default" : {
					"animations" : [
						{ 
				"glock19": "variable.glock19"
						}
					],
					"transitions" : [
						{
					"aim": "variable.glock19 && query.is_sneaking"
						},
						{
					"sprint": "variable.glock19 && query.is_sprinting"
						},
		                {
		            "reload": "q.get_equipped_item_name('main_hand') == 'glock19_empty' && query.get_equipped_item_name('off_hand') == 'glock19_ammo'"
		                },
						{
					"setup": "!variable.glock19"
						}
					],
			"blend_transition": 0.2,
			"blend_via_shortest_path": true
				},
				"sprint": {
					"animations": [
						{
					"glock19_sprint": "variable.glock19"
						}
					],
					"transitions": [
						{
					"aim": "variable.glock19 && query.is_sneaking"
						},
		                {
		            "reload": "q.get_equipped_item_name('main_hand') == 'glock19_empty' && query.get_equipped_item_name('off_hand') == 'glock19_ammo'"
		                },
						{
					"default": "variable.glock19 && !query.is_sprinting"
						},
						{
					"setup": "!variable.glock19"
						}
					],
			"blend_transition": 0.2,
			"blend_via_shortest_path": true
				},
				"aim": {
					"animations": [
						{
					"glock19_aim": "variable.glock19"
						}
					],
					"transitions": [
		                {
		            "reload": "q.get_equipped_item_name('main_hand') == 'glock19_empty' && query.get_equipped_item_name('off_hand') == 'glock19_ammo'"
		                },
						{
					"default": "variable.glock19 && !query.is_sneaking"
						},
						{
					"setup": "!variable.glock19"
						}
					],
				"blend_transition": 0.2,
				"blend_via_shortest_path": true
				},
				"reload": {
					"animations": [
						{
					"glock19_reload": "variable.glock19"
						},
						{
					"glock19": "variable.glock19"
						}
					],
					"transitions": [
						{
					"default": "variable.glock19 && query.all_animations_finished"
						},
						{
					"setup": "!variable.glock19"
						}
					],
				"blend_transition": 0.1
				}
			}
		},
		"controller.animation.glock19_tpp": {
			"initial_state": "setup",
			"states" : {
				"setup" : {
					"transitions" : [
						{
					"draw": "variable.glock19"
						}
					]
				},
				"draw" : {
					"animations" : [
						{ 
				"glock19_draw_tpp": "variable.glock19"
						}
					],
					"transitions" : [
						{
					"default": "variable.glock19 && query.all_animations_finished"
						},
						{
					"setup": "!variable.glock19"
						}
					]
				},
				"default" : {
					"animations" : [
						{ 
				"glock19_tpp": "variable.glock19"
						}
					],
					"transitions" : [
						{
					"aim": "variable.glock19 && query.is_sneaking"
						},
						{
					"sprint": "variable.glock19 && query.is_sprinting"
						},
						{
					"setup": "!variable.glock19"
						}
					],
			"blend_transition": 0.2,
			"blend_via_shortest_path": true
				},
				"sprint": {
					"animations": [
						{
					"glock19_sprint_tpp": "variable.glock19"
						}
					],
					"transitions": [
						{
					"aim": "variable.glock19 && query.is_sneaking"
						},
						{
					"default": "variable.glock19 && !query.is_sprinting"
						},
						{
					"setup": "!variable.glock19"
						}
					],
			"blend_transition": 0.2,
			"blend_via_shortest_path": true
				},
				"aim": {
					"animations": [
						{
					"glock19_aim_tpp": "variable.glock19"
						}
					],
					"transitions": [
						{
					"default": "variable.glock19 && !query.is_sneaking"
						},
						{
					"setup": "!variable.glock19"
						}
					],
				"blend_transition": 0.2,
				"blend_via_shortest_path": true
				}
			}
		}
	}
}