{
	"format_version": "1.10.0",
	"animation_controllers": {
		"controller.animation.ak12": {
			"initial_state": "setup",
			"states" : {
				"setup" : {
					"transitions" : [
						{
					"draw": "variable.ak12"
						}
					]
				},
				"draw" : {
					"animations" : [
						{ 
				"ak12_draw": "variable.ak12"
						}
					],
					"transitions" : [
						{
					"default": "variable.ak12 && query.all_animations_finished"
						},
						{
					"setup": "!variable.ak12"
						}
					]
				},
				"default" : {
					"animations" : [
						{ 
				"ak12": "variable.ak12"
						}
					],
					"transitions" : [
						{
					"aim": "variable.ak12 && query.is_sneaking"
						},
						{
					"sprint": "variable.ak12 && query.is_sprinting"
						},
		                {
		            "reload": "q.get_equipped_item_name('main_hand') == 'ak12_empty' && query.get_equipped_item_name('off_hand') == 'ak12_ammo'"
		                },
						{
					"setup": "!variable.ak12"
						}
					],
			"blend_transition": 0.2,
			"blend_via_shortest_path": true
				},
				"sprint": {
					"animations": [
						{
					"ak12_sprint": "variable.ak12"
						}
					],
					"transitions": [
						{
					"aim": "variable.ak12 && query.is_sneaking"
						},
		                {
		            "reload": "q.get_equipped_item_name('main_hand') == 'ak12_empty' && query.get_equipped_item_name('off_hand') == 'ak12_ammo'"
		                },
						{
					"default": "variable.ak12 && !query.is_sprinting"
						},
						{
					"setup": "!variable.ak12"
						}
					],
			"blend_transition": 0.2,
			"blend_via_shortest_path": true
				},
				"aim": {
					"animations": [
						{
					"ak12_aim": "variable.ak12"
						}
					],
					"transitions": [
		                {
		            "reload": "q.get_equipped_item_name('main_hand') == 'ak12_empty' && query.get_equipped_item_name('off_hand') == 'ak12_ammo'"
		                },
						{
					"default": "variable.ak12 && !query.is_sneaking"
						},
						{
					"setup": "!variable.ak12"
						}
					],
				"blend_transition": 0.2,
				"blend_via_shortest_path": true
				},
				"reload": {
					"animations": [
						{
					"ak12_reload": "variable.ak12"
						},
						{
					"ak12": "variable.ak12"
						}
					],
					"transitions": [
						{
					"default": "variable.ak12 && query.all_animations_finished"
						},
						{
					"setup": "!variable.ak12"
						}
					],
				"blend_transition": 0.1
				}
			}
		},
		"controller.animation.ak12_tpp": {
			"initial_state": "setup",
			"states" : {
				"setup" : {
					"transitions" : [
						{
					"draw": "variable.ak12"
						}
					]
				},
				"draw" : {
					"animations" : [
						{ 
				"ak12_draw_tpp": "variable.ak12"
						}
					],
					"transitions" : [
						{
					"default": "variable.ak12 && query.all_animations_finished"
						},
						{
					"setup": "!variable.ak12"
						}
					]
				},
				"default" : {
					"animations" : [
						{ 
				"ak12_tpp": "variable.ak12"
						}
					],
					"transitions" : [
						{
					"aim": "variable.ak12 && query.is_sneaking"
						},
						{
					"sprint": "variable.ak12 && query.is_sprinting"
						},
						{
					"setup": "!variable.ak12"
						}
					],
			"blend_transition": 0.2,
			"blend_via_shortest_path": true
				},
				"sprint": {
					"animations": [
						{
					"ak12_sprint_tpp": "variable.ak12"
						}
					],
					"transitions": [
						{
					"aim": "variable.ak12 && query.is_sneaking"
						},
						{
					"default": "variable.ak12 && !query.is_sprinting"
						},
						{
					"setup": "!variable.ak12"
						}
					],
			"blend_transition": 0.2,
			"blend_via_shortest_path": true
				},
				"aim": {
					"animations": [
						{
					"ak12_aim_tpp": "variable.ak12"
						}
					],
					"transitions": [
						{
					"default": "variable.ak12 && !query.is_sneaking"
						},
						{
					"setup": "!variable.ak12"
						}
					],
				"blend_transition": 0.2,
				"blend_via_shortest_path": true
				}
			}
		}
	}
}