{
	"format_version": "1.10.0",
	"animation_controllers": {
		"controller.animation.m42": {
			"initial_state": "setup",
			"states" : {
				"setup" : {
					"transitions" : [
						{
					"draw": "variable.m42"
						}
					]
				},
				"draw" : {
					"animations" : [
						{ 
				"m42_draw": "variable.m42"
						}
					],
					"transitions" : [
						{
					"default": "variable.m42 && query.all_animations_finished"
						},
						{
					"setup": "!variable.m42"
						}
					]
				},
				"default" : {
					"animations" : [
						{ 
				"m42": "variable.m42"
						}
					],
					"transitions" : [
						{
					"aim": "variable.m42 && query.is_sneaking"
						},
						{
					"sprint": "variable.m42 && query.is_sprinting"
						},
		                {
		            "reload": "q.get_equipped_item_name('main_hand') == 'm42_empty' && query.get_equipped_item_name('off_hand') == 'm42_ammo'"
		                },
						{
					"setup": "!variable.m42"
						}
					],
			"blend_transition": 0.2,
			"blend_via_shortest_path": true
				},
				"sprint": {
					"animations": [
						{
					"m42_sprint": "variable.m42"
						}
					],
					"transitions": [
						{
					"aim": "variable.m42 && query.is_sneaking"
						},
		                {
		            "reload": "q.get_equipped_item_name('main_hand') == 'm42_empty' && query.get_equipped_item_name('off_hand') == 'm42_ammo'"
		                },
						{
					"default": "variable.m42 && !query.is_sprinting"
						},
						{
					"setup": "!variable.m42"
						}
					],
			"blend_transition": 0.2,
			"blend_via_shortest_path": true
				},
				"aim": {
					"animations": [
						{
					"m42_aim": "variable.m42"
						}
					],
					"transitions": [
		                {
		            "reload": "q.get_equipped_item_name('main_hand') == 'm42_empty' && query.get_equipped_item_name('off_hand') == 'm42_ammo'"
		                },
						{
					"default": "variable.m42 && !query.is_sneaking"
						},
						{
					"setup": "!variable.m42"
						}
					],
				"blend_transition": 0.2,
				"blend_via_shortest_path": true
				},
				"reload": {
					"animations": [
						{
					"m42_reload": "variable.m42"
						},
						{
					"m42": "variable.m42"
						}
					],
					"transitions": [
						{
					"default": "variable.m42 && query.all_animations_finished"
						},
						{
					"setup": "!variable.m42"
						}
					],
				"blend_transition": 0.1
				}
			}
		},
		"controller.animation.m42_tpp": {
			"initial_state": "setup",
			"states" : {
				"setup" : {
					"transitions" : [
						{
					"draw": "variable.m42"
						}
					]
				},
				"draw" : {
					"animations" : [
						{ 
				"m42_draw_tpp": "variable.m42"
						}
					],
					"transitions" : [
						{
					"default": "variable.m42 && query.all_animations_finished"
						},
						{
					"setup": "!variable.m42"
						}
					]
				},
				"default" : {
					"animations" : [
						{ 
				"m42_tpp": "variable.m42"
						}
					],
					"transitions" : [
						{
					"aim": "variable.m42 && query.is_sneaking"
						},
						{
					"sprint": "variable.m42 && query.is_sprinting"
						},
						{
					"setup": "!variable.m42"
						}
					],
			"blend_transition": 0.2,
			"blend_via_shortest_path": true
				},
				"sprint": {
					"animations": [
						{
					"m42_sprint_tpp":  "variable.m42"
						}
					],
					"transitions": [
						{
					"aim": "variable.m42 && query.is_sneaking"
						},
						{
					"default": "variable.m42 && !query.is_sprinting"
						},
						{
					"setup": "!variable.m42"
						}
					],
			"blend_transition": 0.2,
			"blend_via_shortest_path": true
				},
				"aim": {
					"animations": [
						{
					"m42_aim_tpp": "variable.m42"
						}
					],
					"transitions": [
						{
					"default": "variable.m42 && !query.is_sneaking"
						},
						{
					"setup": "!variable.m42"
						}
					],
				"blend_transition": 0.2,
				"blend_via_shortest_path": true
				}
			}
		}
	}
}