{
  "format_version": "1.10.0",
  "minecraft:client_entity": {
    "description": {
      "identifier": "minecraft:player",
      "materials": {
        "default": "entity_alphatest",
        "cape": "entity_alphatest",
        "animated": "player_animated",
        "light": "phantom",
        "scope": "slime_outer"
      },
      "textures": {
        "default": "textures/entity/steve",
        "cape": "textures/entity/cape_invisible",
        "type100": "textures/models/type100",
        "m4": "textures/models/m4",
        "m4a1": "textures/models/m4a1",
        "hbdgr": "textures/models/hbdgr",
        "hk417": "textures/models/hk417",
        "akm": "textures/models/akm",
        "ak12": "textures/models/ak12",
        "m16a1": "textures/models/m16a1",
        "mp5k": "textures/models/mp5k",
        "glock19": "textures/models/glock19",
        "scar": "textures/models/scar",
        "m24": "textures/models/m24",
        "as_val": "textures/models/as_val",
        "m1911": "textures/models/m1911",
        "bm3": "textures/models/benelli_m3",
        "spas12": "textures/models/spas12",
        "thompson": "textures/models/thompson",
        "m1": "textures/models/m1",
        "m14": "textures/models/m14",
        "aa12": "textures/models/aa12",
        "vector": "textures/models/vector",
        "ump45": "textures/models/ump45",
        "m42": "textures/models/m42",
        "glock53": "textures/models/glock53",
        "ak37": "textures/models/ak37",
        "vec35": "textures/models/vec35",
        "ppsh41": "textures/models/ppsh41",
        "he_grenade": "textures/models/he_grenade",
        "flash_grenade": "textures/models/flash_grenade",
        "aks74u": "textures/models/aks74u",
        "sten": "textures/models/sten",
        "m110_sass": "textures/models/m110_sass",
        "intervention": "textures/models/intervention"
      },
      "geometry": {
        "default": "geometry.humanoid.custom",
        "cape": "geometry.cape",
        "type100": "geometry.player.type100",
        "m4": "geometry.player.m4",
        "m4a1": "geometry.player.m4a1",
        "hbdgr": "geometry.player.hbdgr",
        "hk417": "geometry.player.hk417",
        "m24": "geometry.player.m24",
        "ak12": "geometry.player.ak12",
        "akm": "geometry.player.akm",
        "m16a1": "geometry.player.m16a1",
        "mp5k": "geometry.player.mp5k",
        "scar": "geometry.player.scar",
        "glock19": "geometry.player.glock19",
        "as_val": "geometry.player.as_val",
        "m1911": "geometry.player.m1911",
        "bm3": "geometry.player.benelli_m3",
        "spas12": "geometry.player.spas12",
        "thompson": "geometry.player.thompson",
        "m1": "geometry.player.m1",
        "m1_empty": "geometry.player.m1_empty",
        "m14": "geometry.player.m14",
        "aa12": "geometry.player.aa12",
        "ump45": "geometry.player.ump45",
        "vector": "geometry.player.vector",
        "m42": "geometry.player.m42",
        "glock53": "geometry.player.glock53",
        "ak37": "geometry.player.ak37",
        "vec35": "geometry.player.vec35",
        "ppsh41": "geometry.player.ppsh41",
        "he_grenade": "geometry.player.he_grenade",
        "flash_grenade": "geometry.player.flash_grenade",
        "sten": "geometry.player.sten",
        "aks74u": "geometry.player.aks74u",
        "m110_sass": "geometry.player.m110_sass",
        "intervention": "geometry.player.intervention"
      },
      "scripts": {
        "scale": "0.9375",
        "initialize": [
          "variable.is_holding_right = 0.0;",
          "variable.is_blinking = 0.0;",
          "variable.last_blink_time = 0.0;",
          "variable.hand_bob = 0.0;"
        ],
        "pre_animation": [
          "variable.helmet_layer_visible = 1.0;",
          "variable.leg_layer_visible = 1.0;",
          "variable.boot_layer_visible = 1.0;",
          "variable.chest_layer_visible = 1.0;",
          "variable.attack_body_rot_y = Math.sin(360*Math.sqrt(variable.attack_time)) * 5.0;",
          "variable.tcos0 = (math.cos(query.modified_distance_moved * 38.17) * query.modified_move_speed / variable.gliding_speed_value) * 57.3;",
          "variable.first_person_rotation_factor = math.sin((1 - variable.attack_time) * 180.0);",
          "variable.hand_bob = query.life_time < 0.01 ? 0.0 : variable.hand_bob + ((query.is_on_ground && query.is_alive ? math.clamp(math.sqrt(math.pow(query.position_delta(0), 2.0) + math.pow(query.position_delta(2), 2.0)), 0.0, 0.1) : 0.0) - variable.hand_bob) * 0.02;",

          "variable.map_angle = math.clamp(1 - variable.player_x_rotation / 45.1, 0.0, 1.0);",
          "variable.item_use_normalized = query.main_hand_item_use_duration / query.main_hand_item_max_duration;",
					"variable.guns = query.get_equipped_item_name('main_hand') == 'type100' || query.get_equipped_item_name('main_hand') == 'type100_empty' || query.get_equipped_item_name('main_hand') == 'm4' || query.get_equipped_item_name('main_hand') == 'm4_empty' || query.get_equipped_item_name('main_hand') == 'm4a1' || query.get_equipped_item_name('main_hand') == 'm4a1_empty' || query.get_equipped_item_name('main_hand') == 'hbdgr' || query.get_equipped_item_name('main_hand') == 'hbdgr_empty' || query.get_equipped_item_name('main_hand') == 'hk417' || query.get_equipped_item_name('main_hand') == 'hk417_empty' || query.get_equipped_item_name('main_hand') == 'ak12' || query.get_equipped_item_name('main_hand') == 'ak12_empty' || query.get_equipped_item_name('main_hand') == 'akm' || query.get_equipped_item_name('main_hand') == 'akm_empty' || query.get_equipped_item_name('main_hand') == 'm16a1' || query.get_equipped_item_name('main_hand') == 'm16a1_empty' || query.get_equipped_item_name('main_hand') == 'mp5k' || query.get_equipped_item_name('main_hand') == 'mp5k_empty' || query.get_equipped_item_name('main_hand') == 'glock19' || query.get_equipped_item_name('main_hand') == 'glock19_empty' || query.get_equipped_item_name('main_hand') == 'scar' || query.get_equipped_item_name('main_hand') == 'scar_empty' || query.get_equipped_item_name('main_hand') == 'm24' || query.get_equipped_item_name('main_hand') == 'm24_empty' || query.get_equipped_item_name('main_hand') == 'as_val' || query.get_equipped_item_name('main_hand') == 'as_val_empty' || query.get_equipped_item_name('main_hand') == 'm1911' || query.get_equipped_item_name('main_hand') == 'm1911_empty' || query.get_equipped_item_name('main_hand') == 'bm3' || query.get_equipped_item_name('main_hand') == 'bm3_empty' || query.get_equipped_item_name('main_hand') == 'spas12' || query.get_equipped_item_name('main_hand') == 'spas12_empty' || query.get_equipped_item_name('main_hand') == 'thompson' || query.get_equipped_item_name('main_hand') == 'thompson_empty' || query.get_equipped_item_name('main_hand') == 'm1' || query.get_equipped_item_name('main_hand') == 'm1_empty' || query.get_equipped_item_name('main_hand') == 'm14' || query.get_equipped_item_name('main_hand') == 'm14_empty' || query.get_equipped_item_name('main_hand') == 'aa12' || query.get_equipped_item_name('main_hand') == 'aa12_empty' || query.get_equipped_item_name('main_hand') == 'ump45' || query.get_equipped_item_name('main_hand') == 'ump45_empty' || query.get_equipped_item_name('main_hand') == 'vector' || query.get_equipped_item_name('main_hand') == 'vector_empty' || query.get_equipped_item_name('main_hand') == 'm42_empty' || query.get_equipped_item_name('main_hand') == 'm42' || query.get_equipped_item_name('main_hand') == 'glock53' || query.get_equipped_item_name('main_hand') == 'glock53_empty' || query.get_equipped_item_name('main_hand') == 'ak37' || query.get_equipped_item_name('main_hand') == 'ak37_empty' || query.get_equipped_item_name('main_hand') == 'vec35' || query.get_equipped_item_name('main_hand') == 'vec35_empty' || query.get_equipped_item_name('main_hand') == 'ppsh41' || query.get_equipped_item_name('main_hand') == 'ppsh41_empty' || query.get_equipped_item_name('main_hand') == 'he_grenade' || query.get_equipped_item_name('main_hand') == 'flash_grenade' || query.get_equipped_item_name('main_hand') == 'sten' || query.get_equipped_item_name('main_hand') == 'sten_empty' || query.get_equipped_item_name('main_hand') == 'aks74u' || query.get_equipped_item_name('main_hand') == 'aks74u_empty' || query.get_equipped_item_name('main_hand') == 'm110_sass' || query.get_equipped_item_name('main_hand') == 'm110_sass_empty' || query.get_equipped_item_name('main_hand') == 'intervention' || query.get_equipped_item_name('main_hand') == 'intervention_empty';",
					"variable.type100 = q.get_equipped_item_name('main_hand') == 'type100' || q.get_equipped_item_name('main_hand') == 'type100_empty';",
					"variable.m4 = q.get_equipped_item_name('main_hand') == 'm4' || q.get_equipped_item_name('main_hand') == 'm4_empty';",
					"variable.m4a1 = q.get_equipped_item_name('main_hand') == 'm4a1' || q.get_equipped_item_name('main_hand') == 'm4a1_empty';",
					"variable.hk417 = q.get_equipped_item_name('main_hand') == 'hk417' || q.get_equipped_item_name('main_hand') == 'hk417_empty';",
					"variable.hbdgr = q.get_equipped_item_name('main_hand') == 'hbdgr' || q.get_equipped_item_name('main_hand') == 'hbdgr_empty';",
					"variable.akm = q.get_equipped_item_name('main_hand') == 'akm' || q.get_equipped_item_name('main_hand') == 'akm_empty';",
					"variable.ak12 = q.get_equipped_item_name('main_hand') == 'ak12' || q.get_equipped_item_name('main_hand') == 'ak12_empty';",
					"variable.m16a1 = q.get_equipped_item_name('main_hand') == 'm16a1' || q.get_equipped_item_name('main_hand') == 'm16a1_empty';",
					"variable.mp5k = q.get_equipped_item_name('main_hand') == 'mp5k' || q.get_equipped_item_name('main_hand') == 'mp5k_empty';",
					"variable.scar = q.get_equipped_item_name('main_hand') == 'scar' || q.get_equipped_item_name('main_hand') == 'scar_empty';",
					"variable.glock19 = q.get_equipped_item_name('main_hand') == 'glock19' || q.get_equipped_item_name('main_hand') == 'glock19_empty';",
					"variable.m24 = q.get_equipped_item_name('main_hand') == 'm24' || q.get_equipped_item_name('main_hand') == 'm24_empty';",
					"variable.m1911 = q.get_equipped_item_name('main_hand') == 'm1911' || q.get_equipped_item_name('main_hand') == 'm1911_empty';",
					"variable.as_val = q.get_equipped_item_name('main_hand') == 'as_val' || q.get_equipped_item_name('main_hand') == 'as_val_empty';",
					"variable.spas12 = q.get_equipped_item_name('main_hand') == 'spas12' || q.get_equipped_item_name('main_hand') == 'spas12_empty';",
					"variable.bm3 = q.get_equipped_item_name('main_hand') == 'bm3' || q.get_equipped_item_name('main_hand') == 'bm3_empty';",
					"variable.thompson = q.get_equipped_item_name('main_hand') == 'thompson' || q.get_equipped_item_name('main_hand') == 'thompson_empty';",
					"variable.m1 = q.get_equipped_item_name('main_hand') == 'm1' || q.get_equipped_item_name('main_hand') == 'm1_empty';",
					"variable.m14 = q.get_equipped_item_name('main_hand') == 'm14' || q.get_equipped_item_name('main_hand') == 'm14_empty';",
					"variable.aa12 = q.get_equipped_item_name('main_hand') == 'aa12' || q.get_equipped_item_name('main_hand') == 'aa12_empty';",
					"variable.ump45 = q.get_equipped_item_name('main_hand') == 'ump45' || q.get_equipped_item_name('main_hand') == 'ump45_empty';",
					"variable.vector = q.get_equipped_item_name('main_hand') == 'vector' || q.get_equipped_item_name('main_hand') == 'vector_empty';",
					"variable.m42 = q.get_equipped_item_name('main_hand') == 'm42' || q.get_equipped_item_name('main_hand') == 'm42_empty';",
					"variable.glock53 = q.get_equipped_item_name('main_hand') == 'glock53' || q.get_equipped_item_name('main_hand') == 'glock53_empty';",
					"variable.ak37 = q.get_equipped_item_name('main_hand') == 'ak37' || q.get_equipped_item_name('main_hand') == 'ak37_empty';",
					"variable.vec35 = q.get_equipped_item_name('main_hand') == 'vec35' || q.get_equipped_item_name('main_hand') == 'vec35_empty';",
					"variable.ppsh41 = q.get_equipped_item_name('main_hand') == 'ppsh41' || q.get_equipped_item_name('main_hand') == 'ppsh41_empty';",
					"variable.he_grenade = q.get_equipped_item_name('main_hand') == 'he_grenade';",
					"variable.flash_grenade = q.get_equipped_item_name('main_hand') == 'flash_grenade';",
					"variable.m110_sass = q.get_equipped_item_name('main_hand') == 'm110_sass' || q.get_equipped_item_name('main_hand') == 'm110_sass_empty';",
					"variable.aks74u = q.get_equipped_item_name('main_hand') == 'aks74u' || q.get_equipped_item_name('main_hand') == 'aks74u_empty';",
					"variable.sten = q.get_equipped_item_name('main_hand') == 'sten' || q.get_equipped_item_name('main_hand') == 'sten_empty';",
					"variable.intervention = q.get_equipped_item_name('main_hand') == 'intervention' || q.get_equipped_item_name('main_hand') == 'intervention_empty';"
        ],
        "animate": [
        "root",
		"shoot",
        { "type100_controller": "variable.is_first_person" },
        { "type100_controller_tpp": "!variable.is_first_person" },
        { "m4_controller": "variable.is_first_person" },
        { "m4_controller_tpp": "!variable.is_first_person" },
        { "m4a1_controller": "variable.is_first_person" },
        { "m4a1_controller_tpp": "!variable.is_first_person" },
        { "hbdgr_controller": "variable.is_first_person" },
        { "hbdgr_controller_tpp": "!variable.is_first_person" },
        { "hk417_controller": "variable.is_first_person" },
        { "hk417_controller_tpp": "!variable.is_first_person" },
        { "akm_controller": "variable.is_first_person" },
        { "akm_controller_tpp": "!variable.is_first_person" },
        { "ak12_controller": "variable.is_first_person" },
        { "ak12_controller_tpp": "!variable.is_first_person" },
        { "m16a1_controller": "variable.is_first_person" },
        { "m16a1_controller_tpp": "!variable.is_first_person" },
        { "mp5k_controller": "variable.is_first_person" },
        { "mp5k_controller_tpp": "!variable.is_first_person" },
        { "glock19_controller": "variable.is_first_person" },
        { "glock19_controller_tpp": "!variable.is_first_person" },
        { "scar_controller": "variable.is_first_person" },
        { "scar_controller_tpp": "!variable.is_first_person" },
        { "m24_controller": "variable.is_first_person" },
        { "m24_controller_tpp": "!variable.is_first_person" },
        { "as_val_controller": "variable.is_first_person" },
        { "as_val_controller_tpp": "!variable.is_first_person" },
        { "m1911_controller": "variable.is_first_person" },
        { "m1911_controller_tpp": "!variable.is_first_person" },
        { "bm3_controller": "variable.is_first_person" },
        { "bm3_controller_tpp": "!variable.is_first_person" },
        { "spas12_controller": "variable.is_first_person" },
        { "spas12_controller_tpp": "!variable.is_first_person" },
        { "thompson_controller": "variable.is_first_person" },
        { "thompson_controller_tpp": "!variable.is_first_person" },
        { "m1_controller": "variable.is_first_person" },
        { "m1_controller_tpp": "!variable.is_first_person" },
        { "m14_controller": "variable.is_first_person" },
        { "m14_controller_tpp": "!variable.is_first_person" },
        { "aa12_controller": "variable.is_first_person" },
        { "aa12_controller_tpp": "!variable.is_first_person" },
        { "ump45_controller": "variable.is_first_person" },
        { "ump45_controller_tpp": "!variable.is_first_person" },
        { "vector_controller": "variable.is_first_person" },
        { "vector_controller_tpp": "!variable.is_first_person" },
        { "m42_controller": "variable.is_first_person" },
        { "m42_controller_tpp": "!variable.is_first_person" },
        { "glock53_controller": "variable.is_first_person" },
        { "glock53_controller_tpp": "!variable.is_first_person" },
        { "ak37_controller": "variable.is_first_person" },
        { "ak37_controller_tpp": "!variable.is_first_person" },
        { "vec35_controller": "variable.is_first_person" },
        { "vec35_controller_tpp": "!variable.is_first_person" },
        { "ppsh41_controller": "variable.is_first_person" },
        { "ppsh41_controller_tpp": "!variable.is_first_person" },
        { "he_grenade_controller": "variable.is_first_person" },
        { "he_grenade_controller_tpp": "!variable.is_first_person" },
        { "flash_grenade_controller": "variable.is_first_person" },
        { "flash_grenade_controller_tpp": "!variable.is_first_person" },
        { "m110_sass_controller": "variable.is_first_person" },
        { "m110_sass_controller_tpp": "!variable.is_first_person" },
        { "sten_controller": "variable.is_first_person" },
        { "sten_controller_tpp": "!variable.is_first_person" },
        { "aks74u_controller": "variable.is_first_person" },
        { "aks74u_controller_tpp": "!variable.is_first_person" },
        { "intervention_controller": "variable.is_first_person" },
        { "intervention_controller_tpp": "!variable.is_first_person" }
        ]
      },
      "animations": {
        "root": "controller.animation.player.root",
        "base_controller": "controller.animation.player.base",
        "hudplayer":  "controller.animation.player.hudplayer",
        "humanoid_base_pose": "animation.humanoid.base_pose",
        "look_at_target": "controller.animation.humanoid.look_at_target",
        "look_at_target_ui": "animation.player.look_at_target.ui",
        "look_at_target_default": "animation.humanoid.look_at_target.default",
        "look_at_target_gliding": "animation.humanoid.look_at_target.gliding",
        "look_at_target_swimming": "animation.humanoid.look_at_target.swimming",
        "look_at_target_inverted": "animation.player.look_at_target.inverted",
        "cape": "animation.player.cape",
        "move.arms": "animation.player.move.arms",
        "move.legs": "animation.player.move.legs",
        "swimming": "animation.player.swim",
        "swimming.legs": "animation.player.swim.legs",
        "riding.arms": "animation.player.riding.arms",
        "riding.legs": "animation.player.riding.legs",
        "holding": "animation.player.holding",
        "brandish_spear": "animation.humanoid.brandish_spear",
        "charging": "animation.humanoid.charging",
        "attack.positions": "animation.player.attack.positions",
        "attack.rotations": "animation.player.attack.rotations",
        "sneaking": "animation.player.sneaking",
        "bob": "animation.player.bob",
        "damage_nearby_mobs": "animation.humanoid.damage_nearby_mobs",
        "bow_and_arrow": "animation.humanoid.bow_and_arrow",
        "use_item_progress": "animation.humanoid.use_item_progress",
        "skeleton_attack": "animation.skeleton.attack",
        "sleeping": "animation.player.sleeping",
        "first_person_base_pose": "animation.player.first_person.base_pose",
        "first_person_empty_hand": "animation.player.first_person.empty_hand",
        "first_person_swap_item": "animation.player.first_person.swap_item",
        "first_person_attack_controller": "controller.animation.player.first_person_attack",
        "first_person_attack_rotation": "animation.player.first_person.attack_rotation",
        "first_person_vr_attack_rotation": "animation.player.first_person.vr_attack_rotation",
        "first_person_walk": "animation.player.first_person.walk",
        "first_person_map_controller": "controller.animation.player.first_person_map",
        "first_person_map_hold": "animation.player.first_person.map_hold",
        "first_person_map_hold_attack": "animation.player.first_person.map_hold_attack",
        "first_person_map_hold_off_hand": "animation.player.first_person.map_hold_off_hand",
        "first_person_map_hold_main_hand": "animation.player.first_person.map_hold_main_hand",
        "first_person_crossbow_equipped": "animation.player.first_person.crossbow_equipped",
        "third_person_crossbow_equipped": "animation.player.crossbow_equipped",
        "third_person_bow_equipped": "animation.player.bow_equipped",
        "crossbow_hold": "animation.player.crossbow_hold",
        "crossbow_controller": "controller.animation.player.crossbow",
        "shield_block_main_hand": "animation.player.shield_block_main_hand",
        "shield_block_off_hand": "animation.player.shield_block_off_hand",
        "blink": "controller.animation.persona.blink",
        
        
        
        "aa12_controller": "controller.animation.aa12",
        "aa12_controller_tpp": "controller.animation.aa12_tpp",
        "aa12": "animation.item.aa12",
        "aa12_sprint": "animation.item.aa12_sprint",
        "aa12_aim": "animation.item.aa12_aim",
        "aa12_shoot": "animation.item.aa12_shoot",
        "aa12_reload": "animation.item.aa12_reload",
        "aa12_draw": "animation.item.aa12_draw",
        "aa12_draw_tpp": "animation.item.aa12_draw_tpp",
        "aa12_tpp": "animation.item.aa12_tpp",
        "aa12_sprint_tpp": "animation.item.aa12_sprint_tpp",
        "aa12_aim_tpp": "animation.item.aa12_aim_tpp",
        "aa12_shoot_tpp": "animation.item.aa12_shoot_tpp",
        
        
        
        "m110_sass_controller": "controller.animation.m110_sass",
        "m110_sass_controller_tpp": "controller.animation.m110_sass_tpp",
        "m110_sass": "animation.item.m110_sass",
        "m110_sass_sprint": "animation.item.m110_sass_sprint",
        "m110_sass_aim": "animation.item.m110_sass_aim",
        "m110_sass_shoot": "animation.item.m110_sass_shoot",
        "m110_sass_shoot_aim": "animation.item.m110_sass_shoot_aim",
        "m110_sass_reload": "animation.item.m110_sass_reload",
        "m110_sass_draw": "animation.item.m110_sass_draw",
        "m110_sass_draw_tpp": "animation.item.m110_sass_draw_tpp",
        "m110_sass_tpp": "animation.item.aa12_tpp",
        "m110_sass_sprint_tpp": "animation.item.m110_sass_sprint_tpp",
        "m110_sass_aim_tpp": "animation.item.m110_sass_aim_tpp",
        "m110_sass_shoot_tpp": "animation.item.m110_sass_shoot_tpp",
        
        
        
        "vec35_controller": "controller.animation.vec35",
        "vec35_controller_tpp": "controller.animation.vec35_tpp",
        "vec35": "animation.item.vec35",
        "vec35_sprint": "animation.item.vec35_sprint",
        "vec35_aim": "animation.item.vec35_aim",
        "vec35_shoot": "animation.item.vec35_shoot",
        "vec35_reload": "animation.item.vec35_reload",
        "vec35_draw": "animation.item.vec35_draw",
        "vec35_draw_tpp": "animation.item.vec35_draw_tpp",
        "vec35_tpp": "animation.item.vec35_tpp",
        "vec35_sprint_tpp": "animation.item.vec35_sprint_tpp",
        "vec35_aim_tpp": "animation.item.vec35_aim_tpp",
        "vec35_shoot_tpp": "animation.item.vec35_shoot_tpp",
        
        
        
        "aks74u_controller": "controller.animation.aks74u",
        "aks74u_controller_tpp": "controller.animation.aks74u_tpp",
        "aks74u": "animation.item.aks74u",
        "aks74u_sprint": "animation.item.aks74u_sprint",
        "aks74u_aim": "animation.item.aks74u_aim",
        "aks74u_shoot": "animation.item.aks74u_shoot",
        "aks74u_reload": "animation.item.aks74u_reload",
        "aks74u_draw": "animation.item.aks74u_draw",
        "aks74u_draw_tpp": "animation.item.aks74u_draw_tpp",
        "aks74u_tpp": "animation.item.aks74u_tpp",
        "aks74u_sprint_tpp": "animation.item.aks74u_sprint_tpp",
        "aks74u_aim_tpp": "animation.item.aks74u_aim_tpp",
        "aks74u_shoot_tpp": "animation.item.aks74u_shoot_tpp",
        
        
        
        "sten_controller": "controller.animation.sten",
        "sten_controller_tpp": "controller.animation.sten_tpp",
        "sten": "animation.item.sten",
        "sten_sprint": "animation.item.sten_sprint",
        "sten_aim": "animation.item.sten_aim",
        "sten_shoot": "animation.item.sten_shoot",
        "sten_reload": "animation.item.sten_reload",
        "sten_draw": "animation.item.sten_draw",
        "sten_draw_tpp": "animation.item.sten_draw_tpp",
        "sten_tpp": "animation.item.sten_tpp",
        "sten_sprint_tpp": "animation.item.sten_sprint_tpp",
        "sten_aim_tpp": "animation.item.sten_aim_tpp",
        "sten_shoot_tpp": "animation.item.sten_shoot_tpp",
        
        
        
        "flash_grenade_controller": "controller.animation.flash_grenade",
        "flash_grenade_controller_tpp": "controller.animation.flash_grenade_tpp",
        "flash_grenade": "animation.item.flash_grenade",
        "flash_grenade_tpp": "animation.item.flash_grenade_tpp",
        
        
        
        "he_grenade_controller": "controller.animation.he_grenade",
        "he_grenade_controller_tpp": "controller.animation.he_grenade_tpp",
        "he_grenade": "animation.item.he_grenade",
        "he_grenade_tpp": "animation.item.he_grenade_tpp",
        
        
        
        "ppsh41_controller": "controller.animation.ppsh41",
        "ppsh41_controller_tpp": "controller.animation.ppsh41_tpp",
        "ppsh41": "animation.item.ppsh41",
        "ppsh41_sprint": "animation.item.ppsh41_sprint",
        "ppsh41_aim": "animation.item.ppsh41_aim",
        "ppsh41_shoot": "animation.item.ppsh41_shoot",
        "ppsh41_reload": "animation.item.ppsh41_reload",
        "ppsh41_draw": "animation.item.ppsh41_draw",
        "ppsh41_draw_tpp": "animation.item.ppsh41_draw_tpp",
        "ppsh41_tpp": "animation.item.ppsh41_tpp",
        "ppsh41_sprint_tpp": "animation.item.ppsh41_sprint_tpp",
        "ppsh41_aim_tpp": "animation.item.ppsh41_aim_tpp",
        "ppsh41_shoot_tpp": "animation.item.ppsh41_shoot_tpp",
        
        
        
        "ak37_controller": "controller.animation.ak37",
        "ak37_controller_tpp": "controller.animation.ak37_tpp",
        "ak37": "animation.item.ak37",
        "ak37_sprint": "animation.item.ak37_sprint",
        "ak37_aim": "animation.item.ak37_aim",
        "ak37_shoot": "animation.item.ak37_shoot",
        "ak37_reload": "animation.item.ak37_reload",
        "ak37_draw": "animation.item.ak37_draw",
        "ak37_draw_tpp": "animation.item.ak37_draw_tpp",
        "ak37_tpp": "animation.item.ak37_tpp",
        "ak37_sprint_tpp": "animation.item.ak37_sprint_tpp",
        "ak37_aim_tpp": "animation.item.ak37_aim_tpp",
        "ak37_shoot_tpp": "animation.item.ak37_shoot_tpp",
        
        
        
        "ump45_controller": "controller.animation.ump45",
        "ump45_controller_tpp": "controller.animation.ump45_tpp",
        "ump45": "animation.item.ump45",
        "ump45_sprint": "animation.item.ump45_sprint",
        "ump45_aim": "animation.item.ump45_aim",
        "ump45_shoot": "animation.item.ump45_shoot",
        "ump45_reload": "animation.item.ump45_reload",
        "ump45_draw": "animation.item.ump45_draw",
        "ump45_draw_tpp": "animation.item.ump45_draw_tpp",
        "ump45_tpp": "animation.item.ump45_tpp",
        "ump45_sprint_tpp": "animation.item.ump45_sprint_tpp",
        "ump45_aim_tpp": "animation.item.ump45_aim_tpp",
        "ump45_shoot_tpp": "animation.item.ump45_shoot_tpp",
        
        
        
        "m42_controller": "controller.animation.m42",
        "m42_controller_tpp": "controller.animation.m42_tpp",
        "m42": "animation.item.m42",
        "m42_sprint": "animation.item.m42_sprint",
        "m42_aim": "animation.item.m42_aim",
        "m42_shoot": "animation.item.m42_shoot",
        "m42_reload": "animation.item.m42_reload",
        "m42_draw": "animation.item.m42_draw",
        "m42_draw_tpp": "animation.item.m42_draw_tpp",
        "m42_tpp": "animation.item.m42_tpp",
        "m42_sprint_tpp": "animation.item.m42_sprint_tpp",
        "m42_aim_tpp": "animation.item.m42_aim_tpp",
        "m42_shoot_tpp": "animation.item.m42_shoot_tpp",
        
        
        
        "vector_controller": "controller.animation.vector",
        "vector_controller_tpp": "controller.animation.vector_tpp",
        "vector": "animation.item.vector",
        "vector_sprint": "animation.item.vector_sprint",
        "vector_aim": "animation.item.vector_aim",
        "vector_shoot": "animation.item.vector_shoot",
        "vector_reload": "animation.item.vector_reload",
        "vector_draw": "animation.item.vector_draw",
        "vector_draw_tpp": "animation.item.vector_draw_tpp",
        "vector_tpp": "animation.item.vector_tpp",
        "vector_sprint_tpp": "animation.item.vector_sprint_tpp",
        "vector_aim_tpp": "animation.item.vector_aim_tpp",
        "vector_shoot_tpp": "animation.item.vector_shoot_tpp",
        
        
        
        "akm_controller": "controller.animation.akm",
        "akm_controller_tpp": "controller.animation.akm_tpp",
        "akm": "animation.item.akm",
        "akm_sprint": "animation.item.akm_sprint",
        "akm_aim": "animation.item.akm_aim",
        "akm_shoot": "animation.item.akm_shoot",
        "akm_reload": "animation.item.akm_reload",
        "akm_draw": "animation.item.akm_draw",
        "akm_draw_tpp": "animation.item.akm_draw_tpp",
        "akm_tpp": "animation.item.akm_tpp",
        "akm_sprint_tpp": "animation.item.akm_sprint_tpp",
        "akm_aim_tpp": "animation.item.akm_aim_tpp",
        "akm_shoot_tpp": "animation.item.akm_shoot_tpp",
        
        
        
        "thompson_controller": "controller.animation.thompson",
        "thompson_controller_tpp": "controller.animation.thompson_tpp",
        "thompson": "animation.item.thompson",
        "thompson_sprint": "animation.item.thompson_sprint",
        "thompson_aim": "animation.item.thompson_aim",
        "thompson_shoot": "animation.item.thompson_shoot",
        "thompson_reload": "animation.item.thompson_reload",
        "thompson_draw": "animation.item.thompson_draw",
        "thompson_draw_tpp": "animation.item.thompson_draw_tpp",
        "thompson_tpp": "animation.item.thompson_tpp",
        "thompson_sprint_tpp": "animation.item.thompson_sprint_tpp",
        "thompson_aim_tpp": "animation.item.thompson_aim_tpp",
        "thompson_shoot_tpp": "animation.item.thompson_shoot_tpp",
        
        
        
        "bm3_controller": "controller.animation.bm3",
        "bm3_controller_tpp": "controller.animation.bm3_tpp",
        "bm3": "animation.item.bm3",
        "bm3_sprint": "animation.item.bm3_sprint",
        "bm3_aim": "animation.item.bm3_aim",
        "bm3_shoot": "animation.item.bm3_shoot",
        "bm3_reload": "animation.item.bm3_reload",
        "bm3_draw": "animation.item.bm3_draw",
        "bm3_draw_tpp": "animation.item.bm3_draw_tpp",
        "bm3_tpp": "animation.item.bm3_tpp",
        "bm3_sprint_tpp": "animation.item.bm3_sprint_tpp",
        "bm3_aim_tpp": "animation.item.bm3_aim_tpp",
        "bm3_shoot_tpp": "animation.item.bm3_shoot_tpp",
        
        
        
        "spas12_controller": "controller.animation.spas12",
        "spas12_controller_tpp": "controller.animation.spas12_tpp",
        "spas12": "animation.item.spas12",
        "spas12_sprint": "animation.item.spas12_sprint",
        "spas12_aim": "animation.item.spas12_aim",
        "spas12_shoot": "animation.item.spas12_shoot",
        "spas12_reload": "animation.item.spas12_reload",
        "spas12_draw": "animation.item.spas12_draw",
        "spas12_draw_tpp": "animation.item.spas12_draw_tpp",
        "spas12_tpp": "animation.item.spas12_tpp",
        "spas12_sprint_tpp": "animation.item.spas12_sprint_tpp",
        "spas12_aim_tpp": "animation.item.spas12_aim_tpp",
        "spas12_shoot_tpp": "animation.item.spas12_shoot_tpp",
        
        
        
        "as_val_controller": "controller.animation.as_val",
        "as_val_controller_tpp": "controller.animation.as_val_tpp",
        "as_val": "animation.item.as_val",
        "as_val_sprint": "animation.item.as_val_sprint",
        "as_val_aim": "animation.item.as_val_aim",
        "as_val_shoot": "animation.item.as_val_shoot",
        "as_val_reload": "animation.item.as_val_reload",
        "as_val_draw": "animation.item.as_val_draw",
        "as_val_draw_tpp": "animation.item.as_val_draw_tpp",
        "as_val_tpp": "animation.item.as_val_tpp",
        "as_val_sprint_tpp": "animation.item.as_val_sprint_tpp",
        "as_val_aim_tpp": "animation.item.as_val_aim_tpp",
        "as_val_shoot_tpp": "animation.item.as_val_shoot_tpp",
        
        
        
        "ak12_controller": "controller.animation.ak12",
        "ak12_controller_tpp": "controller.animation.ak12_tpp",
        "ak12": "animation.item.ak12",
        "ak12_sprint": "animation.item.ak12_sprint",
        "ak12_aim": "animation.item.ak12_aim",
        "ak12_shoot": "animation.item.ak12_shoot",
        "ak12_reload": "animation.item.ak12_reload",
        "ak12_draw": "animation.item.ak12_draw",
        "ak12_draw_tpp": "animation.item.ak12_draw_tpp",
        "ak12_tpp": "animation.item.ak12_tpp",
        "ak12_sprint_tpp": "animation.item.ak12_sprint_tpp",
        "ak12_aim_tpp": "animation.item.ak12_aim_tpp",
        "ak12_shoot_tpp": "animation.item.ak12_shoot_tpp",
        
        
        
        
        "m16a1_controller": "controller.animation.m16a1",
        "m16a1_controller_tpp": "controller.animation.m16a1_tpp",
        "m16a1": "animation.item.m16a1",
        "m16a1_sprint": "animation.item.m16a1_sprint",
        "m16a1_aim": "animation.item.m16a1_aim",
        "m16a1_shoot": "animation.item.m16a1_shoot",
        "m16a1_reload": "animation.item.m16a1_reload",
        "m16a1_draw": "animation.item.m16a1_draw",
        "m16a1_draw_tpp": "animation.item.m16a1_draw_tpp",
        "m16a1_tpp": "animation.item.m16a1_tpp",
        "m16a1_sprint_tpp": "animation.item.m16a1_sprint_tpp",
        "m16a1_aim_tpp": "animation.item.m16a1_aim_tpp",
        "m16a1_shoot_tpp": "animation.item.m16a1_shoot_tpp",
        
        
        
        "glock53_controller": "controller.animation.glock53",
        "glock53_controller_tpp": "controller.animation.glock53_tpp",
        "glock53": "animation.item.glock53",
        "glock53_sprint": "animation.item.glock53_sprint",
        "glock53_aim": "animation.item.glock53_aim",
        "glock53_shoot": "animation.item.glock53_shoot",
        "glock53_shoot_aim": "animation.item.glock53_shoot_aim",
        "glock53_reload": "animation.item.glock53_reload",
        "glock53_draw": "animation.item.glock53_draw",
        "glock53_draw_tpp": "animation.item.glock53_draw_tpp",
        "glock53_tpp": "animation.item.glock53_tpp",
        "glock53_sprint_tpp": "animation.item.glock53_sprint_tpp",
        "glock53_aim_tpp": "animation.item.glock53_aim_tpp",
        "glock53_shoot_tpp": "animation.item.glock53_shoot_tpp",
        
        
        
        "glock19_controller": "controller.animation.glock19",
        "glock19_controller_tpp": "controller.animation.glock19_tpp",
        "glock19": "animation.item.glock19",
        "glock19_sprint": "animation.item.glock19_sprint",
        "glock19_aim": "animation.item.glock19_aim",
        "glock19_shoot": "animation.item.glock19_shoot",
        "glock19_shoot_aim": "animation.item.glock19_shoot_aim",
        "glock19_reload": "animation.item.glock19_reload",
        "glock19_draw": "animation.item.glock19_draw",
        "glock19_draw_tpp": "animation.item.glock19_draw_tpp",
        "glock19_tpp": "animation.item.glock19_tpp",
        "glock19_sprint_tpp": "animation.item.glock19_sprint_tpp",
        "glock19_aim_tpp": "animation.item.glock19_aim_tpp",
        "glock19_shoot_tpp": "animation.item.glock19_shoot_tpp",
        
        
        
        "m1911_controller": "controller.animation.m1911",
        "m1911_controller_tpp": "controller.animation.m1911_tpp",
        "m1911": "animation.item.m1911",
        "m1911_sprint": "animation.item.m1911_sprint",
        "m1911_aim": "animation.item.m1911_aim",
        "m1911_shoot": "animation.item.m1911_shoot",
        "m1911_shoot_aim": "animation.item.m1911_shoot_aim",
        "m1911_reload": "animation.item.m1911_reload",
        "m1911_draw": "animation.item.m1911_draw",
        "m1911_draw_tpp": "animation.item.m1911_draw_tpp",
        "m1911_tpp": "animation.item.m1911_tpp",
        "m1911_sprint_tpp": "animation.item.m1911_sprint_tpp",
        "m1911_aim_tpp": "animation.item.m1911_aim_tpp",
        "m1911_shoot_tpp": "animation.item.m1911_shoot_tpp",
        
        
        
        "intervention_controller": "controller.animation.intervention",
        "intervention_controller_tpp": "controller.animation.intervention_tpp",
        "intervention": "animation.item.intervention",
        "intervention_sprint": "animation.item.intervention_sprint",
        "intervention_aim": "animation.item.intervention_aim",
        "intervention_shoot": "animation.item.intervention_shoot",
        "intervention_shoot_aim": "animation.item.intervention_shoot_aim",
        "intervention_reload": "animation.item.intervention_reload",
        "intervention_draw": "animation.item.intervention_draw",
        "intervention_draw_tpp": "animation.item.intervention_draw_tpp",
        "intervention_tpp": "animation.item.intervention_tpp",
        "intervention_sprint_tpp": "animation.item.intervention_sprint_tpp",
        "intervention_aim_tpp": "animation.item.intervention_aim_tpp",
        "intervention_shoot_tpp": "animation.item.intervention_shoot_tpp",
        
        
        
        "m24_controller": "controller.animation.m24",
        "m24_controller_tpp": "controller.animation.m24_tpp",
        "m24": "animation.item.m24",
        "m24_sprint": "animation.item.m24_sprint",
        "m24_aim": "animation.item.m24_aim",
        "m24_shoot": "animation.item.m24_shoot",
        "m24_shoot_aim": "animation.item.m24_shoot_aim",
        "m24_reload": "animation.item.m24_reload",
        "m24_draw": "animation.item.m24_draw",
        "m24_draw_tpp": "animation.item.m24_draw_tpp",
        "m24_tpp": "animation.item.m24_tpp",
        "m24_sprint_tpp": "animation.item.m24_sprint_tpp",
        "m24_aim_tpp": "animation.item.m24_aim_tpp",
        "m24_shoot_tpp": "animation.item.m24_shoot_tpp",
        
        
        
        "m14_controller": "controller.animation.m14",
        "m14_controller_tpp": "controller.animation.m14_tpp",
        "m14": "animation.item.m14",
        "m14_sprint": "animation.item.m14_sprint",
        "m14_aim": "animation.item.m14_aim",
        "m14_shoot": "animation.item.m14_shoot",
        "m14_shoot_aim": "animation.item.m14_shoot_aim",
        "m14_reload": "animation.item.m14_reload",
        "m14_draw": "animation.item.m14_draw",
        "m14_draw_tpp": "animation.item.m14_draw_tpp",
        "m14_tpp": "animation.item.m14_tpp",
        "m14_sprint_tpp": "animation.item.m14_sprint_tpp",
        "m14_aim_tpp": "animation.item.m14_aim_tpp",
        "m14_shoot_tpp": "animation.item.m14_shoot_tpp",
        
        
        
        "m1_controller": "controller.animation.m1",
        "m1_controller_tpp": "controller.animation.m1_tpp",
        "m1": "animation.item.m1",
        "m1_sprint": "animation.item.m1_sprint",
        "m1_aim": "animation.item.m1_aim",
        "m1_shoot": "animation.item.m1_shoot",
        "m1_shoot_aim": "animation.item.m1_shoot_aim",
        "m1_reload": "animation.item.m1_reload",
        "m1_draw": "animation.item.m1_draw",
        "m1_draw_tpp": "animation.item.m1_draw_tpp",
        "m1_tpp": "animation.item.m1_tpp",
        "m1_sprint_tpp": "animation.item.m1_sprint_tpp",
        "m1_aim_tpp": "animation.item.m1_aim_tpp",
        "m1_shoot_tpp": "animation.item.m1_shoot_tpp",
        
        
        
        "mp5k_controller": "controller.animation.mp5k",
        "mp5k_controller_tpp": "controller.animation.mp5k_tpp",
        "mp5k": "animation.item.mp5k",
        "mp5k_sprint": "animation.item.mp5k_sprint",
        "mp5k_aim": "animation.item.mp5k_aim",
        "mp5k_shoot": "animation.item.mp5k_shoot",
        "mp5k_reload": "animation.item.mp5k_reload",
        "mp5k_draw": "animation.item.mp5k_draw",
        "mp5k_draw_tpp": "animation.item.mp5k_draw_tpp",
        "mp5k_tpp": "animation.item.mp5k_tpp",
        "mp5k_sprint_tpp": "animation.item.mp5k_sprint_tpp",
        "mp5k_aim_tpp": "animation.item.mp5k_aim_tpp",
        "mp5k_shoot_tpp": "animation.item.mp5k_shoot_tpp",
        
        
        
        "scar_controller": "controller.animation.scar",
        "scar_controller_tpp": "controller.animation.scar_tpp",
        "scar": "animation.item.scar",
        "scar_sprint": "animation.item.scar_sprint",
        "scar_aim": "animation.item.scar_aim",
        "scar_shoot": "animation.item.scar_shoot",
        "scar_reload": "animation.item.scar_reload",
        "scar_draw": "animation.item.scar_draw",
        "scar_draw_tpp": "animation.item.scar_draw_tpp",
        "scar_tpp": "animation.item.scar_tpp",
        "scar_sprint_tpp": "animation.item.scar_sprint_tpp",
        "scar_aim_tpp": "animation.item.scar_aim_tpp",
        "scar_shoot_tpp": "animation.item.scar_shoot_tpp",
        
        
        
        "type100_controller": "controller.animation.type100",
        "type100_controller_tpp": "controller.animation.type100_tpp",
        "type100": "animation.item.type100",
        "type100_sprint": "animation.item.type100_sprint",
        "type100_aim": "animation.item.type100_aim",
        "type100_shoot": "animation.item.type100_shoot",
        "type100_reload": "animation.item.type100_reload",
        "type100_draw": "animation.item.type100_draw",
        "type100_draw_tpp": "animation.item.type100_draw_tpp",
        "type100_tpp": "animation.item.type100_tpp",
        "type100_sprint_tpp": "animation.item.type100_sprint_tpp",
        "type100_aim_tpp": "animation.item.type100_aim_tpp",
        "type100_shoot_tpp": "animation.item.type100_shoot_tpp",
        
        
        
        "m4_controller": "controller.animation.m4",
        "m4_controller_tpp": "controller.animation.m4_tpp",
        "m4": "animation.item.m4",
        "m4_sprint": "animation.item.m4_sprint",
        "m4_aim": "animation.item.m4_aim",
        "m4_shoot": "animation.item.m4_shoot",
        "m4_reload": "animation.item.m4_reload",
        "m4_draw": "animation.item.m4_draw",
        "m4_draw_tpp": "animation.item.m4_draw_tpp",
        "m4_tpp": "animation.item.m4_tpp",
        "m4_sprint_tpp": "animation.item.m4_sprint_tpp",
        "m4_aim_tpp": "animation.item.m4_aim_tpp",
        "m4_shoot_tpp": "animation.item.m4_shoot_tpp",
        
        
        
        "m4a1_controller": "controller.animation.m4a1",
        "m4a1_controller_tpp": "controller.animation.m4a1_tpp",
        "m4a1": "animation.item.m4a1",
        "m4a1_sprint": "animation.item.m4a1_sprint",
        "m4a1_aim": "animation.item.m4a1_aim",
        "m4a1_shoot": "animation.item.m4a1_shoot",
        "m4a1_reload": "animation.item.m4a1_reload",
        "m4a1_draw": "animation.item.m4a1_draw",
        "m4a1_draw_tpp": "animation.item.m4a1_draw_tpp",
        "m4a1_tpp": "animation.item.m4a1_tpp",
        "m4a1_sprint_tpp": "animation.item.m4a1_sprint_tpp",
        "m4a1_aim_tpp": "animation.item.m4a1_aim_tpp",
        "m4a1_shoot_tpp": "animation.item.m4a1_shoot_tpp",
        
        
        
        "hk417_controller": "controller.animation.hk417",
        "hk417_controller_tpp": "controller.animation.hk417_tpp",
        "hk417": "animation.item.hk417",
        "hk417_sprint": "animation.item.hk417_sprint",
        "hk417_aim": "animation.item.hk417_aim",
        "hk417_shoot": "animation.item.hk417_shoot",
        "hk417_reload": "animation.item.hk417_reload",
        "hk417_draw": "animation.item.hk417_draw",
        "hk417_draw_tpp": "animation.item.hk417_draw_tpp",
        "hk417_tpp": "animation.item.hk417_tpp",
        "hk417_sprint_tpp": "animation.item.hk417_sprint_tpp",
        "hk417_aim_tpp": "animation.item.hk417_aim_tpp",
        "hk417_shoot_tpp": "animation.item.hk417_shoot_tpp",
        
        
        
        "hbdgr_controller": "controller.animation.hbdgr",
        "hbdgr_controller_tpp": "controller.animation.hbdgr_tpp",
        "hbdgr": "animation.item.hbdgr",
        "hbdgr_sprint": "animation.item.hbdgr_sprint",
        "hbdgr_aim": "animation.item.hbdgr_aim",
        "hbdgr_shoot": "animation.item.hbdgr_shoot",
        "hbdgr_reload": "animation.item.hbdgr_reload",
        "hbdgr_draw": "animation.item.hbdgr_draw",
        "hbdgr_draw_tpp": "animation.item.hbdgr_draw_tpp",
        "hbdgr_tpp": "animation.item.hbdgr_tpp",
        "hbdgr_sprint_tpp": "animation.item.hbdgr_sprint_tpp",
        "hbdgr_aim_tpp": "animation.item.hbdgr_aim_tpp",
        "hbdgr_shoot_tpp": "animation.item.hbdgr_shoot_tpp",
        
        
        
        "shoot": "controller.animation.shoot"
      },
      "render_controllers": [
        { "controller.render.player.first_person": "variable.is_first_person" },
        { "controller.render.player.third_person": "!variable.is_first_person && !variable.map_face_icon" },
        { "controller.render.player.map": "variable.map_face_icon" },
        { "controller.render.player.type100": "query.get_equipped_item_name('main_hand') == 'type100' || q.get_equipped_item_name('main_hand') == 'type100_empty'"},
        { "controller.render.player.m4": "query.get_equipped_item_name('main_hand') == 'm4' || q.get_equipped_item_name('main_hand') == 'm4_empty'"},
        { "controller.render.player.m4a1": "query.get_equipped_item_name('main_hand') == 'm4a1' || q.get_equipped_item_name('main_hand') == 'm4a1_empty'"},
        { "controller.render.player.hbdgr": "query.get_equipped_item_name('main_hand') == 'hbdgr' || q.get_equipped_item_name('main_hand') == 'hbdgr_empty'"},
        { "controller.render.player.hk417": "query.get_equipped_item_name('main_hand') == 'hk417' || q.get_equipped_item_name('main_hand') == 'hk417_empty'"},
        
        { "controller.render.player.ak12": "query.get_equipped_item_name('main_hand') == 'ak12' || q.get_equipped_item_name('main_hand') == 'ak12_empty'"},
        { "controller.render.player.akm": "query.get_equipped_item_name('main_hand') == 'akm' || q.get_equipped_item_name('main_hand') == 'akm_empty'"},
        { "controller.render.player.m16a1": "query.get_equipped_item_name('main_hand') == 'm16a1' || q.get_equipped_item_name('main_hand') == 'm16a1_empty'"},
        { "controller.render.player.mp5k": "query.get_equipped_item_name('main_hand') == 'mp5k' || q.get_equipped_item_name('main_hand') == 'mp5k_empty'"},
        { "controller.render.player.glock19": "query.get_equipped_item_name('main_hand') == 'glock19' || q.get_equipped_item_name('main_hand') == 'glock19_empty'"},
        { "controller.render.player.scar": "query.get_equipped_item_name('main_hand') == 'scar' || q.get_equipped_item_name('main_hand') == 'scar_empty'"},
        { "controller.render.player.m24": "query.get_equipped_item_name('main_hand') == 'm24' || q.get_equipped_item_name('main_hand') == 'm24_empty'"},
        { "controller.render.player.as_val": "query.get_equipped_item_name('main_hand') == 'as_val' || q.get_equipped_item_name('main_hand') == 'as_val_empty'"},
        { "controller.render.player.m1911": "query.get_equipped_item_name('main_hand') == 'm1911' || q.get_equipped_item_name('main_hand') == 'm1911_empty'"},
        { "controller.render.player.bm3": "query.get_equipped_item_name('main_hand') == 'bm3' || q.get_equipped_item_name('main_hand') == 'bm3_empty'"},
        { "controller.render.player.spas12": "query.get_equipped_item_name('main_hand') == 'spas12' || q.get_equipped_item_name('main_hand') == 'spas12_empty'"},
        { "controller.render.player.thompson": "query.get_equipped_item_name('main_hand') == 'thompson' || q.get_equipped_item_name('main_hand') == 'thompson_empty'"},
        { "controller.render.player.m14": "query.get_equipped_item_name('main_hand') == 'm14' || q.get_equipped_item_name('main_hand') == 'm14_empty'"},
        { "controller.render.player.m1": "query.get_equipped_item_name('main_hand') == 'm1'"},
        { "controller.render.player.m1_empty": "q.get_equipped_item_name('main_hand') == 'm1_empty'"},
        { "controller.render.player.vector": "query.get_equipped_item_name('main_hand') == 'vector' || q.get_equipped_item_name('main_hand') == 'vector_empty'"},
        { "controller.render.player.ump45": "query.get_equipped_item_name('main_hand') == 'ump45' || q.get_equipped_item_name('main_hand') == 'ump45_empty'"},
        { "controller.render.player.aa12": "query.get_equipped_item_name('main_hand') == 'aa12' || q.get_equipped_item_name('main_hand') == 'aa12_empty'"},
        { "controller.render.player.m42": "query.get_equipped_item_name('main_hand') == 'm42' || q.get_equipped_item_name('main_hand') == 'm42_empty'"},
        { "controller.render.player.glock53": "query.get_equipped_item_name('main_hand') == 'glock53' || q.get_equipped_item_name('main_hand') == 'glock53_empty'"},
        { "controller.render.player.ak37": "query.get_equipped_item_name('main_hand') == 'ak37' || q.get_equipped_item_name('main_hand') == 'ak37_empty'"},
        { "controller.render.player.vec35": "query.get_equipped_item_name('main_hand') == 'vec35' || q.get_equipped_item_name('main_hand') == 'vec35_empty'"},
        { "controller.render.player.ppsh41": "query.get_equipped_item_name('main_hand') == 'ppsh41' || q.get_equipped_item_name('main_hand') == 'ppsh41_empty'"},
        { "controller.render.player.flash_grenade": "query.get_equipped_item_name('main_hand') == 'flash_grenade'"},
        { "controller.render.player.he_grenade": "query.get_equipped_item_name('main_hand') == 'he_grenade'"},
        { "controller.render.player.aks74u": "query.get_equipped_item_name('main_hand') == 'aks74u' || q.get_equipped_item_name('main_hand') == 'aks74u_empty'"},
        { "controller.render.player.sten": "query.get_equipped_item_name('main_hand') == 'sten' || q.get_equipped_item_name('main_hand') == 'sten_empty'"},
        { "controller.render.player.m110_sass": "query.get_equipped_item_name('main_hand') == 'm110_sass' || q.get_equipped_item_name('main_hand') == 'm110_sass_empty'"},
        { "controller.render.player.intervention": "query.get_equipped_item_name('main_hand') == 'intervention' || q.get_equipped_item_name('main_hand') == 'intervention_empty'"}
      ],
      "sound_effects": {
        "type100.reload": "addon.type100_reload",
        "type100.unload": "addon.type100_unload",
        "type100.bolt1": "addon.type100_bolt1",
        "type100.bolt2": "addon.type100_bolt2",
        
        "aa12.reload": "addon.aa12_reload",
        "aa12.unload": "addon.aa12_unload",
        "aa12.bolt1": "addon.aa12_bolt1",
        "aa12.bolt2": "addon.aa12_bolt2",
        
        "aks74u.reload": "addon.aks74u_reload",
        "aks74u.unload": "addon.aks74u_unload",
        "aks74u.bolt1": "addon.aks74u_bolt1",
        "aks74u.bolt2": "addon.aks74u_bolt2",
        
        "m16a1.reload": "addon.m16a1_reload",
        "m16a1.unload": "addon.m16a1_unload",
        "m16a1.bolt1": "addon.m16a1_bolt1",
        "m16a1.bolt2": "addon.m16a1_bolt2",
        
        "glock19.reload": "addon.glock19_reload",
        "glock19.unload": "addon.glock19_unload",
        "glock19.top_on": "addon.glock19_top_on",
        "glock19.top_off": "addon.glock19_top_off",
        
        "glock53.reload": "addon.glock53_reload",
        "glock53.unload": "addon.glock53_unload",
        "glock53.top_on": "addon.glock53_top_on",
        "glock53.top_off": "addon.glock53_top_off",
        
        "m1911.reload": "addon.m1911_reload",
        "m1911.unload": "addon.m1911_unload",
        "m1911.top_on": "addon.m1911_top_on",
        "m1911.top_off": "addon.m1911_top_off",
        
        "mp5k.reload": "addon.mp5k_reload",
        "mp5k.unload": "addon.mp5k_unload",
        "mp5k.bolt": "addon.mp5k_bolt",
        
        "ak12.reload": "addon.ak12_reload",
        "ak12.unload": "addon.ak12_unload",
        "ak12.bolt1": "addon.ak12_bolt1",
        "ak12.bolt2": "addon.ak12_bolt2",
        
        "akm.reload": "addon.akm_reload",
        "akm.unload": "addon.akm_unload",
        "akm.bolt1": "addon.akm_bolt1",
        "akm.bolt2": "addon.akm_bolt2",
        
        "ak37.reload": "addon.ak37_reload",
        "ak37.unload": "addon.ak37_unload",
        "ak37.bolt1": "addon.ak37_bolt1",
        "ak37.bolt2": "addon.ak37_bolt2",
        
        "m4.reload": "addon.m4_reload",
        "m4.unload": "addon.m4_unload",
        "m4.bolt1": "addon.m4_bolt1",
        "m4.bolt2": "addon.m4_bolt2",
        
        "m4a1.reload": "addon.m4a1_reload",
        "m4a1.unload": "addon.m4a1_unload",
        "m4a1.bolt1": "addon.m4a1_bolt1",
        "m4a1.bolt2": "addon.m4a1_bolt2",
        
        "hk417.reload": "addon.hk417_reload",
        "hk417.unload": "addon.hk417_unload",
        "hk417.bolt1": "addon.hk417_bolt1",
        "hk417.bolt2": "addon.hk417_bolt2",
        
        "hbdgr.reload": "addon.hbdgr_reload",
        "hbdgr.unload": "addon.hbdgr_unload",
        
        "m42.reload": "addon.m42_reload",
        "m42.unload": "addon.m42_unload",
        
        "scar.reload": "addon.scar_reload",
        "scar.unload": "addon.scar_unload",
        
        "sten.reload": "addon.sten_reload",
        "sten.unload": "addon.sten_unload",
        
        "m110_sass.reload": "addon.m110_sass_reload",
        "m110_sass.unload": "addon.m110_sass_unload",
        
        "ppsh41.reload": "addon.ppsh41_reload",
        "ppsh41.unload": "addon.ppsh41_unload",
        
        "m24.reload": "addon.m24_reload",
        "m24.unload": "addon.m24_unload",
        "m24.bolt1": "addon.m24_bolt1",
        "m24.bolt2": "addon.m24_bolt2",
        
        "intervention.reload": "addon.intervention_reload",
        "intervention.unload": "addon.intervention_unload",
        "intervention.bolt1": "addon.intervention_bolt1",
        "intervention.bolt2": "addon.intervention_bolt2",
        
        "bm3.load": "addon.bm3_load",
        "bm3.pull_in": "addon.bm3_pull_in",
        "bm3.pull_out": "addon.bm3_pull_out",
        
        "spas12.load": "addon.spas12_load",
        "spas12.pull_in": "addon.spas12_pull_in",
        "spas12.pull_out": "addon.spas12_pull_out",
        
        "thompson.reload": "addon.thompson_reload",
        "thompson.unload": "addon.thompson_unload",
        
        "vector.reload": "addon.vector_reload",
        "vector.unload": "addon.vector_unload",
        
        "vec35.reload": "addon.vec35_reload",
        "vec35.unload": "addon.vec35_unload",
        
        "ump45.reload": "addon.ump45_reload",
        "ump45.unload": "addon.ump45_unload",
        
        "m1.bolt1": "addon.m1_bolt1",
        
        "m14.reload": "addon.m14_reload",
        "m14.unload": "addon.m14_unload",
        
        "as_val.reload": "addon.as_val_reload",
        "as_val.unload": "addon.as_val_unload",
        "as_val.bolt1": "addon.as_val_bolt1",
        "as_val.bolt2": "addon.as_val_bolt2",
        
        "gun.draw": "addon.draw"
      },
      "enable_attachables": true
    }
  }
}
