{
  "minecraft:entity": {
    "format_version": "1.2.0",

    "component_groups": {
      
    },

    "components": {
      "minecraft:identifier": {
        "id": "minecraft:creeper"
      },

      "minecraft:type_family": {
        "family": [ "creeper", "inanimate" ]
      },
      "minecraft:breathable": {
        "totalSupply": 15,
        "suffocateTime": 0
      },
      "minecraft:nameable": {
      },
      "minecraft:collision_box": {
        "width": 0.6,
        "height": 1.8
      },
	   "minecraft:scale": {
        "value": 1.2
      },

      "minecraft:movement": {
				"value": 0.0,
				"max": 0.0
			},
      "minecraft:navigation.walk": {},
      "minecraft:movement.basic": {

      },
      "minecraft:jump.static": {
      },
      "minecraft:can_climb": {
      },
      "minecraft:loot": {
        "table": "loot_tables/entities/creeper.json"
      },

      "minecraft:health": {
        "value": 70,
        "max": 70
      },
      "minecraft:attack": {
        "damage": 9
      },

      "minecraft:damage_sensor": [
        {
          "on_damage": {
            "filters": {
              "test": "is_family",
              "subject": "other",
              "value": "lightning"
            },
            "event": "minecraft:become_charged"
          },
          "deals_damage": false
        }
      ],

      
      
      "minecraft:behavior.float": {
        "priority": 0
      },
      "minecraft:behavior.look_at_player": {
        "priority": 6,
        "look_distance": 8
      },
      "minecraft:behavior.random_look_around": {
        "priority": 6
      },
	  "minecraft:shooter": {
					"type": "Arrow",
					"def": "minecraft:arrow"
				},
	  "minecraft:behavior.ranged_attack": {
					"attack_interval_min": 1,
					"attack_interval_max": 1,
					"attack_radius": 50
				},
      "minecraft:behavior.nearest_attackable_target": {
					"priority": 3,
					"entity_types": {
						"filters": {
							"other_with_families": ["monster"]
						},
						"max_dist": 40
					},
					"must_see": true,
					"must_see_forget_duration": 0.1,
					"reselect_targets": true
				},
      "minecraft:behavior.hurt_by_target": {
        "priority": 2
      },
      "minecraft:physics": {
      }
    },

    "events": {
      
      
     
      "minecraft:become_charged": {
        "remove": {
          "component_groups": [
            "minecraft:exploding"
          ]
        },
        "add": {
          "component_groups": [
            "minecraft:charged_creeper"
          ]
        }
      }
    }
  }
}
