{
  "minecraft:entity": {
    "format_version": "1.6.0",

    "component_groups": {
      "minecraft:no_spawn": {
        "minecraft:projectile": {
          "onHit": {
          "impact_damage": {
            "damage": 8,
            "knockback": true
          },
          "power": 1.5,
          "gravity": 0.025,
          "angleoffset": 0.0,
          "inertia": 1,
          "liquid_inertia": 1
        }
      }
    },

    "components": {
      "minecraft:identifier": {
        "id": "minecraft:ender_pearl"
      },
      "minecraft:collision_box": {
        "width": 0.25,
        "height": 0.25
      },
      "minecraft:projectile": {
        "onHit": {
          "impact_damage": {
            "damage": 8,
            "knockback": true
          },
        "power": 1.5,
        "gravity": 0.025,
        "angleoffset": 0.0,
        "inertia": 1,
        "liquid_inertia": 1
      },
	  "particle_on_hit": {
            "particle_type": "lava",
            "num_particles": 4,
            "on_entity_hit": true,
            "on_other_hit": false
          },
	    "minecraft:physics": {
      }
	  
    },

    "events": {
     
    }
  }
}
