{
 "minecraft:entity": {
    "format_version": "1.2.0",

  "components": {
   "minecraft:identifier": {
    "id": "minecraft:fishing_hook"
   },
   "minecraft:collision_box": {
    "width": 0.15,
    "height": 0.15
   },
   "minecraft:projectile": {
        "onHit": {
          "impact_damage": {
            "damage": 12,
            "knockback": true
          },
          
          "mob_effect": {
            "effect": "slowness",
            "durationeasy": 30,
            "durationnormal": 30,
            "durationhard": 30,
            "amplifier": 2
          },
          
          "remove_on_hit": { },
          "particle_on_hit": {
            "particle_type": "lava",
            "num_particles": 4,
            "on_entity_hit": true,
            "on_other_hit": false
          }
          
          
          
          
          
        },
        "shootSound": "bow",
        "hitSound": "bow.hit",
        "power": 1.5,
        "gravity": 0.00,
        "angleoffset": 0.0,
        "inertia": 2,
        "uncertaintyBase": 0,
       "uncertaintyMultiplier": 0,
    "anchor": 0.5,
      },
   "minecraft:physics": {
   }
  }
 }
}
