{
  "minecraft:entity": {
    "format_version": "1.2.0",

    "component_groups": {
      
    },

    "components": {
      "minecraft:identifier": {
        "id": "minecraft:polar_bear"
      },
	  "minecraft:loot": {
          "table": "loot_tables/entities/silverfish.json"
        },
        "minecraft:scale": {
          "value": 1
        },
      "minecraft:type_family": {
        "family": [ "polarbear" ]
      },
      "minecraft:breathable": {
        "totalSupply": 15,
        "suffocateTime": 0
      },
      "minecraft:nameable": {
      },
      "minecraft:health": {
        "value": 1
      },
      "minecraft:collision_box": {
        "width": 1.3,
        "height": 1.4
      },
      "minecraft:movement": {
				"value": 0.0,
				"max": 0.0
			},

      "minecraft:behavior.float": {
        
      },
      "minecraft:behavior.random_stroll": {
        
      },
      "minecraft:physics": {
      }
    },

    "events": {
      "minecraft:entity_spawned": {
        
      },

      
    }
  }
}
