{
 "minecraft:entity": {
  "format_version": "1.2.0",

  "component_groups": {
    "minecraft:revert_to_skeleton": {
      "minecraft:transformation": {
        "into": "minecraft:skeleton",
        "delay": 0.5
      }
    } 
  },

  "components": {
   "minecraft:identifier": {
    "id": "minecraft:stray"
   },
    "minecraft:breathable": {
      "totalSupply": 15,
      "suffocateTime": 0
    },
   "minecraft:collision_box": {
    "width": 0.6,
    "height": 1.95
   },
   "minecraft:attack": {
        "damage": 6
      },
   
    "minecraft:nameable": { },
   "minecraft:health": {
    "value": 40,
    "max": 40
   },
    "minecraft:loot": {
        "table": "loot_tables/entities/zombie.json"
      },
   "minecraft:movement": {
    "value": 0.25
   },
      "minecraft:navigation.walk": {
        "can_float": true,
        "can_pass_doors": true,
        "can_open_doors": true
      },
      "minecraft:movement.basic": {
      },
      "minecraft:jump.static": {
      },
      "minecraft:can_climb": {
      },
   
   "minecraft:equipment": {
    "table": "loot_tables/entities/zombie_gear.json"
   },
   "minecraft:behavior.float": {
    "priority": 0
   },
   
   "minecraft:behavior.hurt_by_target": {
    "priority": 1
   },
   
   "minecraft:behavior.melee_attack": {
        "priority": 3,
        "speed_multiplier": 1,
        "track_target": false
      },
   "minecraft:behavior.nearest_attackable_target": {
        "priority": 2,
        "within_radius": 25,
        "entity_types": [
          {
            "filters": {
              "any_of": [
                {
                  "test": "is_family",
                  "subject": "other",
                  "value": "player"
                },
                {
                  "test": "is_family",
                  "subject": "other",
                  "value": "chicken"
                },
                {
                  "test": "is_family",
                  "subject": "other",
                  "value": "irongolem"
                },
                {
                  "test": "is_family",
                  "subject": "other",
                  "value": "villager"
                }
              ]
            },
            "max_dist": 35
          }
        ],
        "must_see": true
      },

    
    "minecraft:behavior.avoid_mob_type": {
      "priority": 4,
      "entity_types":[
        {
          "filters": { "test" :  "is_family", "subject" : "other", "value" :  "wolf"},
          "max_dist": 6,
          "walk_speed_multiplier": 1.2,
          "sprint_speed_multiplier": 1.2
        }
      ]
    },
   

   "minecraft:behavior.random_stroll": {
    "priority": 5,
    "speed_multiplier": 1
   },
   "minecraft:behavior.look_at_player": {
    "priority": 6,
    "look_distance": 8
   },
   "minecraft:behavior.random_look_around": {
    "priority": 6
   },
   "minecraft:type_family": {
     "family": [ "stray", "skeleton", "monster", "undead" ]
   },
   "minecraft:physics": {
   }
  },

  "events": {
    "change_to_skeleton": {
      "sequence": [
        {
          "filters": {"test": "is_underground", "value": true},
          "remove": { },
          "add": {
            "component_groups": [
              "minecraft:revert_to_skeleton"
            ]
          }
        },
        {
          "randomize": [
            {
              "weight": 20,
              "remove": { },
              "add": {
                "component_groups": [ "minecraft:revert_to_skeleton" ]
              }
            },
            {
              "weight": 80,
              "remove": { },
              "add": { }
            }
          ]
        }
      ]
    }
  }
 }
}