{
  "format_version": "1.16.100",
  "minecraft:item": {
    "description": {
      "identifier": "addon:thompson_empty",
      "category": "Commands"
    },
    "components": {
      "minecraft:display_name": {
        "value": "Thompson Empty\n[WW2 pack]"
      },
      "minecraft:allow_off_hand": false,
      "minecraft:hand_equipped": true,
      "minecraft:max_stack_size": 1,
      "minecraft:render_offsets": {
        "main_hand": {
          "first_person": {
            "scale": [
              0.0,
              0.0,
              0.0
            ]
          },
          "third_person": {
            "scale": [
              0.0,
              0.0,
              0.0
            ]
          }
        }
      },
      "minecraft:icon": {
        "texture": "thompson"
      }
    }
  }
}