{
    "format_version": "1.8.0",
    "animation_controllers": {
		"controller.animation.he_grenade": {
			"initial_state" : "default",
			"states": {
				"default": {
					"transitions": [
						{
			        "throw": "query.get_equipped_item_name('main_hand') == 'he_grenade' && query.is_using_item == 1 && !query.is_sneaking"
						}
					]
				},
				"throw": {
					"transitions": [
						{
							"default": "(1.0)"
						}
					],
                    "on_entry": [
                        "/gamerule sendcommandfeedback false",
                        "/clear @s addon:he_grenade 0 1",
                        "/playsound addon.grenade @a[r=8]",
                        "@s he_grenade"
                    ]
				}
			}
		},
		"controller.animation.flash_grenade": {
			"initial_state" : "default",
			"states": {
				"default": {
					"transitions": [
						{
			        "throw": "query.get_equipped_item_name('main_hand') == 'flash_grenade' && query.is_using_item == 1 && !query.is_sneaking"
						}
					]
				},
				"throw": {
					"transitions": [
						{
							"default": "(1.0)"
						}
					],
                    "on_entry": [
                        "/gamerule sendcommandfeedback false",
                        "/clear @s addon:flash_grenade 0 1",
                        "/playsound addon.grenade @a[r=8]",
                        "@s flash_grenade"
                    ]
				}
			}
		}
    }
}
