{
	"format_version": "1.10.0",
	"animation_controllers": {
        "controller.animation.intervention_hold": {
        "initial_state" : "default",
         "states": {
           "default": {
             "transitions": [
               { "equip": "query.get_equipped_item_name('main_hand') == 'intervention'" }
             ]
           },
           "equip": {
             "transitions": [
               { "default": "1.0" }
              ],
              "on_entry": [
				"/function intervention_hold"
          ]
        }
      }
    },
        "controller.animation.sten_hold": {
        "initial_state" : "default",
         "states": {
           "default": {
             "transitions": [
               { "equip": "query.get_equipped_item_name('main_hand') == 'sten'" }
             ]
           },
           "equip": {
             "transitions": [
               { "default": "1.0" }
              ],
              "on_entry": [
				"/function sten_hold"
          ]
        }
      }
    },
        "controller.animation.m110_sass_hold": {
        "initial_state" : "default",
         "states": {
           "default": {
             "transitions": [
               { "equip": "query.get_equipped_item_name('main_hand') == 'm110_sass'" }
             ]
           },
           "equip": {
             "transitions": [
               { "default": "1.0" }
              ],
              "on_entry": [
				"/function m110_sass_hold"
          ]
        }
      }
    },
        "controller.animation.aks74u_hold": {
        "initial_state" : "default",
         "states": {
           "default": {
             "transitions": [
               { "equip": "query.get_equipped_item_name('main_hand') == 'aks74u'" }
             ]
           },
           "equip": {
             "transitions": [
               { "default": "1.0" }
              ],
              "on_entry": [
				"/function aks74u_hold"
          ]
        }
      }
    },
        "controller.animation.ppsh41_hold": {
        "initial_state" : "default",
         "states": {
           "default": {
             "transitions": [
               { "equip": "query.get_equipped_item_name('main_hand') == 'ppsh41'" }
             ]
           },
           "equip": {
             "transitions": [
               { "default": "1.0" }
              ],
              "on_entry": [
				"/function ppsh41_hold"
          ]
        }
      }
    },
        "controller.animation.ak37_hold": {
        "initial_state" : "default",
         "states": {
           "default": {
             "transitions": [
               { "equip": "query.get_equipped_item_name('main_hand') == 'ak37'" }
             ]
           },
           "equip": {
             "transitions": [
               { "default": "1.0" }
              ],
              "on_entry": [
				"/function ak37_hold"
          ]
        }
      }
    },
        "controller.animation.vec35_hold": {
        "initial_state" : "default",
         "states": {
           "default": {
             "transitions": [
               { "equip": "query.get_equipped_item_name('main_hand') == 'vec35'" }
             ]
           },
           "equip": {
             "transitions": [
               { "default": "1.0" }
              ],
              "on_entry": [
				"/function vec35_hold"
          ]
        }
      }
    },
        "controller.animation.glock53_hold": {
        "initial_state" : "default",
         "states": {
           "default": {
             "transitions": [
               { "equip": "query.get_equipped_item_name('main_hand') == 'glock53'" }
             ]
           },
           "equip": {
             "transitions": [
               { "default": "1.0" }
              ],
              "on_entry": [
				"/function glock53_hold"
          ]
        }
      }
    },
        "controller.animation.m42_hold": {
        "initial_state" : "default",
         "states": {
           "default": {
             "transitions": [
               { "equip": "query.get_equipped_item_name('main_hand') == 'm42'" }
             ]
           },
           "equip": {
             "transitions": [
               { "default": "1.0" }
              ],
              "on_entry": [
				"/function m42_hold"
          ]
        }
      }
    },
        "controller.animation.vector_hold": {
        "initial_state" : "default",
         "states": {
           "default": {
             "transitions": [
               { "equip": "query.get_equipped_item_name('main_hand') == 'vector'" }
             ]
           },
           "equip": {
             "transitions": [
               { "default": "1.0" }
              ],
              "on_entry": [
				"/function vector_hold"
          ]
        }
      }
    },
        "controller.animation.ump45_hold": {
        "initial_state" : "default",
         "states": {
           "default": {
             "transitions": [
               { "equip": "query.get_equipped_item_name('main_hand') == 'ump45'" }
             ]
           },
           "equip": {
             "transitions": [
               { "default": "1.0" }
              ],
              "on_entry": [
				"/function ump45_hold"
          ]
        }
      }
    },
        "controller.animation.aa12_hold": {
        "initial_state" : "default",
         "states": {
           "default": {
             "transitions": [
               { "equip": "query.get_equipped_item_name('main_hand') == 'aa12'" }
             ]
           },
           "equip": {
             "transitions": [
               { "default": "1.0" }
              ],
              "on_entry": [
				"/function aa12_hold"
          ]
        }
      }
    },
        "controller.animation.m14_hold": {
        "initial_state" : "default",
         "states": {
           "default": {
             "transitions": [
               { "equip": "query.get_equipped_item_name('main_hand') == 'm14'" }
             ]
           },
           "equip": {
             "transitions": [
               { "default": "1.0" }
              ],
              "on_entry": [
				"/function m14_hold"
          ]
        }
      }
    },
        "controller.animation.m1_hold": {
        "initial_state" : "default",
         "states": {
           "default": {
             "transitions": [
               { "equip": "query.get_equipped_item_name('main_hand') == 'm1'" }
             ]
           },
           "equip": {
             "transitions": [
               { "default": "1.0" }
              ],
              "on_entry": [
				"/function m1_hold"
          ]
        }
      }
    },
        "controller.animation.thompson_hold": {
        "initial_state" : "default",
         "states": {
           "default": {
             "transitions": [
               { "equip": "query.get_equipped_item_name('main_hand') == 'thompson'" }
             ]
           },
           "equip": {
             "transitions": [
               { "default": "1.0" }
              ],
              "on_entry": [
				"/function thompson_hold"
          ]
        }
      }
    },
        "controller.animation.spas12_hold": {
        "initial_state" : "default",
         "states": {
           "default": {
             "transitions": [
               { "equip": "query.get_equipped_item_name('main_hand') == 'spas12'" }
             ]
           },
           "equip": {
             "transitions": [
               { "default": "1.0" }
              ],
              "on_entry": [
				"/function spas12_hold"
          ]
        }
      }
    },
        "controller.animation.bm3_hold": {
        "initial_state" : "default",
         "states": {
           "default": {
             "transitions": [
               { "equip": "query.get_equipped_item_name('main_hand') == 'bm3'" }
             ]
           },
           "equip": {
             "transitions": [
               { "default": "1.0" }
              ],
              "on_entry": [
				"/function bm3_hold"
          ]
        }
      }
    },
        "controller.animation.as_val_hold": {
        "initial_state" : "default",
         "states": {
           "default": {
             "transitions": [
               { "equip": "query.get_equipped_item_name('main_hand') == 'as_val'" }
             ]
           },
           "equip": {
             "transitions": [
               { "default": "1.0" }
              ],
              "on_entry": [
				"/function as_val_hold"
          ]
        }
      }
    },
        "controller.animation.m1911_hold": {
        "initial_state" : "default",
         "states": {
           "default": {
             "transitions": [
               { "equip": "query.get_equipped_item_name('main_hand') == 'm1911'" }
             ]
           },
           "equip": {
             "transitions": [
               { "default": "1.0" }
              ],
              "on_entry": [
				"/function m1911_hold"
          ]
        }
      }
    },
        "controller.animation.type100_hold": {
        "initial_state" : "default",
         "states": {
           "default": {
             "transitions": [
               { "equip": "query.get_equipped_item_name('main_hand') == 'type100'" }
             ]
           },
           "equip": {
             "transitions": [
               { "default": "1.0" }
              ],
              "on_entry": [
				"/function type100_hold"
          ]
        }
      }
    },
        "controller.animation.m4_hold": {
        "initial_state" : "default",
         "states": {
           "default": {
             "transitions": [
               { "equip": "query.get_equipped_item_name('main_hand') == 'm4'" }
             ]
           },
           "equip": {
             "transitions": [
               { "default": "1.0" }
              ],
              "on_entry": [
				"/function m4_hold"
          ]
        }
      }
    },
        "controller.animation.m4a1_hold": {
        "initial_state" : "default",
         "states": {
           "default": {
             "transitions": [
               { "equip": "query.get_equipped_item_name('main_hand') == 'm4a1'" }
             ]
           },
           "equip": {
             "transitions": [
               { "default": "1.0" }
              ],
              "on_entry": [
				"/function m4a1_hold"
          ]
        }
      }
    },
        "controller.animation.hk417_hold": {
        "initial_state" : "default",
         "states": {
           "default": {
             "transitions": [
               { "equip": "query.get_equipped_item_name('main_hand') == 'hk417'" }
             ]
           },
           "equip": {
             "transitions": [
               { "default": "1.0" }
              ],
              "on_entry": [
				"/function hk417_hold"
          ]
        }
      }
    },
        "controller.animation.hbdgr_hold": {
        "initial_state" : "default",
         "states": {
           "default": {
             "transitions": [
               { "equip": "query.get_equipped_item_name('main_hand') == 'hbdgr'" }
             ]
           },
           "equip": {
             "transitions": [
               { "default": "1.0" }
              ],
              "on_entry": [
				"/function hbdgr_hold"
          ]
        }
      }
    },
        "controller.animation.glock19_hold": {
        "initial_state" : "default",
         "states": {
           "default": {
             "transitions": [
               { "equip": "query.get_equipped_item_name('main_hand') == 'glock19'" }
             ]
           },
           "equip": {
             "transitions": [
               { "default": "1.0" }
              ],
              "on_entry": [
				"/function glock19_hold"
          ]
        }
      }
    },
        "controller.animation.mp5k_hold": {
        "initial_state" : "default",
         "states": {
           "default": {
             "transitions": [
               { "equip": "query.get_equipped_item_name('main_hand') == 'mp5k'" }
             ]
           },
           "equip": {
             "transitions": [
               { "default": "1.0" }
              ],
              "on_entry": [
				"/function mp5k_hold"
          ]
        }
      }
    },
        "controller.animation.m16a1_hold": {
        "initial_state" : "default",
         "states": {
           "default": {
             "transitions": [
               { "equip": "query.get_equipped_item_name('main_hand') == 'm16a1'" }
             ]
           },
           "equip": {
             "transitions": [
               { "default": "1.0" }
              ],
              "on_entry": [
				"/function m16a1_hold"
          ]
        }
      }
    },
        "controller.animation.scar_hold": {
        "initial_state" : "default",
         "states": {
           "default": {
             "transitions": [
               { "equip": "query.get_equipped_item_name('main_hand') == 'scar'" }
             ]
           },
           "equip": {
             "transitions": [
               { "default": "1.0" }
              ],
              "on_entry": [
				"/function scar_hold"
          ]
        }
      }
    },
        "controller.animation.ak12_hold": {
        "initial_state" : "default",
         "states": {
           "default": {
             "transitions": [
               { "equip": "query.get_equipped_item_name('main_hand') == 'ak12'" }
             ]
           },
           "equip": {
             "transitions": [
               { "default": "1.0" }
              ],
              "on_entry": [
				"/function ak12_hold"
          ]
        }
      }
    },
        "controller.animation.akm_hold": {
        "initial_state" : "default",
         "states": {
           "default": {
             "transitions": [
               { "equip": "query.get_equipped_item_name('main_hand') == 'akm'" }
             ]
           },
           "equip": {
             "transitions": [
               { "default": "1.0" }
              ],
              "on_entry": [
				"/function akm_hold"
          ]
        }
      }
    },
        "controller.animation.m24_hold": {
        "initial_state" : "default",
         "states": {
           "default": {
             "transitions": [
               { "equip": "query.get_equipped_item_name('main_hand') == 'm24'" }
             ]
           },
           "equip": {
             "transitions": [
               { "default": "1.0" }
              ],
              "on_entry": [
				"/function m24_hold"
          ]
        }
      }
    }
  }
}