{
    "format_version": "1.10.0",
    "animation_controllers": {
    "controller.animation.reload_intervention": {
            "initial_state": "default",
            "states": {
            "default": {
            "transitions": [
                       {
            "reload": "query.get_equipped_item_name('off_hand') == 'intervention_ammo' && query.get_equipped_item_name('main_hand') == 'intervention_empty'"
                        }
                    ]
                },
            "reload": {
            "animations": ["intervention_reload"],
            "transitions": [
                      {
            "default":"query.all_animations_finished"
                      }
                   ]
                }
            }
        },
    "controller.animation.reload_m110_sass": {
            "initial_state": "default",
            "states": {
            "default": {
            "transitions": [
                       {
            "reload": "query.get_equipped_item_name('off_hand') == 'm110_sass_ammo' && query.get_equipped_item_name('main_hand') == 'm110_sass_empty'"
                        }
                    ]
                },
            "reload": {
            "animations": ["m110_sass_reload"],
            "transitions": [
                      {
            "default":"query.all_animations_finished"
                      }
                   ]
                }
            }
        },
    "controller.animation.reload_aks74u": {
            "initial_state": "default",
            "states": {
            "default": {
            "transitions": [
                       {
            "reload": "query.get_equipped_item_name('off_hand') == 'aks74u_ammo' && query.get_equipped_item_name('main_hand') == 'aks74u_empty'"
                        }
                    ]
                },
            "reload": {
            "animations": ["aks74u_reload"],
            "transitions": [
                      {
            "default":"query.all_animations_finished"
                      }
                   ]
                }
            }
        },
    "controller.animation.reload_sten": {
            "initial_state": "default",
            "states": {
            "default": {
            "transitions": [
                       {
            "reload": "query.get_equipped_item_name('off_hand') == 'sten_ammo' && query.get_equipped_item_name('main_hand') == 'sten_empty'"
                        }
                    ]
                },
            "reload": {
            "animations": ["sten_reload"],
            "transitions": [
                      {
            "default":"query.all_animations_finished"
                      }
                   ]
                }
            }
        },
    "controller.animation.reload_ppsh41": {
            "initial_state": "default",
            "states": {
            "default": {
            "transitions": [
                       {
            "reload": "query.get_equipped_item_name('off_hand') == 'ppsh41_ammo' && query.get_equipped_item_name('main_hand') == 'ppsh41_empty'"
                        }
                    ]
                },
            "reload": {
            "animations": ["ppsh41_reload"],
            "transitions": [
                      {
            "default":"query.all_animations_finished"
                      }
                   ]
                }
            }
        },
    "controller.animation.reload_ak37": {
            "initial_state": "default",
            "states": {
            "default": {
            "transitions": [
                       {
            "reload": "query.get_equipped_item_name('off_hand') == 'ak37_ammo' && query.get_equipped_item_name('main_hand') == 'ak37_empty'"
                        }
                    ]
                },
            "reload": {
            "animations": ["ak37_reload"],
            "transitions": [
                      {
            "default":"query.all_animations_finished"
                      }
                   ]
                }
            }
        },
    "controller.animation.reload_vec35": {
            "initial_state": "default",
            "states": {
            "default": {
            "transitions": [
                       {
            "reload": "query.get_equipped_item_name('off_hand') == 'vec35_ammo' && query.get_equipped_item_name('main_hand') == 'vec35_empty'"
                        }
                    ]
                },
            "reload": {
            "animations": ["vec35_reload"],
            "transitions": [
                      {
            "default":"query.all_animations_finished"
                      }
                   ]
                }
            }
        },
    "controller.animation.reload_glock53": {
            "initial_state": "default",
            "states": {
            "default": {
            "transitions": [
                       {
            "reload": "query.get_equipped_item_name('off_hand') == 'glock53_ammo' && query.get_equipped_item_name('main_hand') == 'glock53_empty'"
                        }
                    ]
                },
            "reload": {
            "animations": ["glock53_reload"],
            "transitions": [
                      {
            "default":"query.all_animations_finished"
                      }
                   ]
                }
            }
        },
    "controller.animation.reload_m42": {
            "initial_state": "default",
            "states": {
            "default": {
            "transitions": [
                       {
            "reload": "query.get_equipped_item_name('off_hand') == 'm42_ammo' && query.get_equipped_item_name('main_hand') == 'm42_empty'"
                        }
                    ]
                },
            "reload": {
            "animations": ["m42_reload"],
            "transitions": [
                      {
            "default":"query.all_animations_finished"
                      }
                   ]
                }
            }
        },
    "controller.animation.reload_vector": {
            "initial_state": "default",
            "states": {
            "default": {
            "transitions": [
                       {
            "reload": "query.get_equipped_item_name('off_hand') == 'vector_ammo' && query.get_equipped_item_name('main_hand') == 'vector_empty'"
                        }
                    ]
                },
            "reload": {
            "animations": ["vector_reload"],
            "transitions": [
                      {
            "default":"query.all_animations_finished"
                      }
                   ]
                }
            }
        },
    "controller.animation.reload_ump45": {
            "initial_state": "default",
            "states": {
            "default": {
            "transitions": [
                       {
            "reload": "query.get_equipped_item_name('off_hand') == 'ump45_ammo' && query.get_equipped_item_name('main_hand') == 'ump45_empty'"
                        }
                    ]
                },
            "reload": {
            "animations": ["ump45_reload"],
            "transitions": [
                      {
            "default":"query.all_animations_finished"
                      }
                   ]
                }
            }
        },
    "controller.animation.reload_aa12": {
            "initial_state": "default",
            "states": {
            "default": {
            "transitions": [
                       {
            "reload": "query.get_equipped_item_name('off_hand') == 'aa12_ammo' && query.get_equipped_item_name('main_hand') == 'aa12_empty'"
                        }
                    ]
                },
            "reload": {
            "animations": ["aa12_reload"],
            "transitions": [
                      {
            "default":"query.all_animations_finished"
                      }
                   ]
                }
            }
        },
    "controller.animation.reload_m1": {
            "initial_state": "default",
            "states": {
            "default": {
            "transitions": [
                       {
            "reload": "query.get_equipped_item_name('off_hand') == 'm1_ammo' && query.get_equipped_item_name('main_hand') == 'm1_empty'"
                        }
                    ]
                },
            "reload": {
            "animations": ["m1_reload"],
            "transitions": [
                      {
            "default":"query.all_animations_finished"
                      }
                   ]
                }
            }
        },
    "controller.animation.reload_m14": {
            "initial_state": "default",
            "states": {
            "default": {
            "transitions": [
                       {
            "reload": "query.get_equipped_item_name('off_hand') == 'm14_ammo' && query.get_equipped_item_name('main_hand') == 'm14_empty'"
                        }
                    ]
                },
            "reload": {
            "animations": ["m14_reload"],
            "transitions": [
                      {
            "default":"query.all_animations_finished"
                      }
                   ]
                }
            }
        },
    "controller.animation.reload_thompson": {
            "initial_state": "default",
            "states": {
            "default": {
            "transitions": [
                       {
            "reload": "query.get_equipped_item_name('off_hand') == 'thompson_ammo' && query.get_equipped_item_name('main_hand') == 'thompson_empty'"
                        }
                    ]
                },
            "reload": {
            "animations": ["thompson_reload"],
            "transitions": [
                      {
            "default":"query.all_animations_finished"
                      }
                   ]
                }
            }
        },
    "controller.animation.reload_bm3": {
            "initial_state": "default",
            "states": {
            "default": {
            "transitions": [
                       {
            "reload": "query.get_equipped_item_name('off_hand') == 'bm3_ammo' && query.get_equipped_item_name('main_hand') == 'bm3_empty'"
                        }
                    ]
                },
            "reload": {
            "animations": ["bm3_reload"],
            "transitions": [
                      {
            "default":"query.all_animations_finished"
                      }
                   ]
                }
            }
        },
    "controller.animation.reload_spas12": {
            "initial_state": "default",
            "states": {
            "default": {
            "transitions": [
                       {
            "reload": "query.get_equipped_item_name('off_hand') == 'spas12_ammo' && query.get_equipped_item_name('main_hand') == 'spas12_empty'"
                        }
                    ]
                },
            "reload": {
            "animations": ["spas12_reload"],
            "transitions": [
                      {
            "default":"query.all_animations_finished"
                      }
                   ]
                }
            }
        },
    "controller.animation.reload_as_val": {
            "initial_state": "default",
            "states": {
            "default": {
            "transitions": [
                       {
            "reload": "query.get_equipped_item_name('off_hand') == 'as_val_ammo' && query.get_equipped_item_name('main_hand') == 'as_val_empty'"
                        }
                    ]
                },
            "reload": {
            "animations": ["as_val_reload"],
            "transitions": [
                      {
            "default":"query.all_animations_finished"
                      }
                   ]
                }
            }
        },
    "controller.animation.reload_m1911": {
            "initial_state": "default",
            "states": {
            "default": {
            "transitions": [
                       {
            "reload": "query.get_equipped_item_name('off_hand') == 'm1911_ammo' && query.get_equipped_item_name('main_hand') == 'm1911_empty'"
                        }
                    ]
                },
            "reload": {
            "animations": ["m1911_reload"],
            "transitions": [
                      {
            "default":"query.all_animations_finished"
                      }
                   ]
                }
            }
        },
    "controller.animation.reload_type100": {
            "initial_state": "default",
            "states": {
            "default": {
            "transitions": [
                       {
            "reload": "query.get_equipped_item_name('off_hand') == 'type100_ammo' && query.get_equipped_item_name('main_hand') == 'type100_empty'"
                        }
                    ]
                },
            "reload": {
            "animations": ["type100_reload"],
            "transitions": [
                      {
            "default":"query.all_animations_finished"
                      }
                   ]
                }
            }
        },
    "controller.animation.reload_m4": {
            "initial_state": "default",
            "states": {
            "default": {
            "transitions": [
                       {
            "reload": "query.get_equipped_item_name('off_hand') == 'm4_ammo' && query.get_equipped_item_name('main_hand') == 'm4_empty'"
                        }
                    ]
                },
            "reload": {
            "animations": ["m4_reload"],
            "transitions": [
                      {
            "default":"query.all_animations_finished"
                      }
                   ]
                }
            }
        },
    "controller.animation.reload_m4a1": {
            "initial_state": "default",
            "states": {
            "default": {
            "transitions": [
                       {
            "reload": "query.get_equipped_item_name('off_hand') == 'm4a1_ammo' && query.get_equipped_item_name('main_hand') == 'm4a1_empty'"
                        }
                    ]
                },
            "reload": {
            "animations": ["m4a1_reload"],
            "transitions": [
                      {
            "default":"query.all_animations_finished"
                      }
                   ]
                }
            }
        },
    "controller.animation.reload_hk417": {
            "initial_state": "default",
            "states": {
            "default": {
            "transitions": [
                       {
            "reload": "query.get_equipped_item_name('off_hand') == 'hk417_ammo' && query.get_equipped_item_name('main_hand') == 'hk417_empty'"
                        }
                    ]
                },
            "reload": {
            "animations": ["hk417_reload"],
            "transitions": [
                      {
            "default":"query.all_animations_finished"
                      }
                   ]
                }
            }
        },
    "controller.animation.reload_hbdgr": {
            "initial_state": "default",
            "states": {
            "default": {
            "transitions": [
                       {
            "reload": "query.get_equipped_item_name('off_hand') == 'hbdgr_ammo' && query.get_equipped_item_name('main_hand') == 'hbdgr_empty'"
                        }
                    ]
                },
            "reload": {
            "animations": ["hbdgr_reload"],
            "transitions": [
                      {
            "default":"query.all_animations_finished"
                      }
                   ]
                }
            }
        },
    "controller.animation.reload_scar": {
            "initial_state": "default",
            "states": {
            "default": {
            "transitions": [
                       {
            "reload": "query.get_equipped_item_name('off_hand') == 'scar_ammo' && query.get_equipped_item_name('main_hand') == 'scar_empty'"
                        }
                    ]
                },
            "reload": {
            "animations": ["scar_reload"],
            "transitions": [
                      {
            "default":"query.all_animations_finished"
                      }
                   ]
                }
            }
        },
    "controller.animation.reload_glock19": {
            "initial_state": "default",
            "states": {
            "default": {
            "transitions": [
                       {
            "reload": "query.get_equipped_item_name('off_hand') == 'glock19_ammo' && query.get_equipped_item_name('main_hand') == 'glock19_empty'"
                        }
                    ]
                },
            "reload": {
            "animations": ["glock19_reload"],
            "transitions": [
                      {
            "default":"query.all_animations_finished"
                      }
                   ]
                }
            }
        },
    "controller.animation.reload_m16a1": {
            "initial_state": "default",
            "states": {
            "default": {
            "transitions": [
                       {
            "reload": "query.get_equipped_item_name('off_hand') == 'm16a1_ammo' && query.get_equipped_item_name('main_hand') == 'm16a1_empty'"
                        }
                    ]
                },
            "reload": {
            "animations": ["m16a1_reload"],
            "transitions": [
                      {
            "default":"query.all_animations_finished"
                      }
                   ]
                }
            }
        },
    "controller.animation.reload_mp5k": {
            "initial_state": "default",
            "states": {
            "default": {
            "transitions": [
                       {
            "reload": "query.get_equipped_item_name('off_hand') == 'mp5k_ammo' && query.get_equipped_item_name('main_hand') == 'mp5k_empty'"
                        }
                    ]
                },
            "reload": {
            "animations": ["mp5k_reload"],
            "transitions": [
                      {
            "default":"query.all_animations_finished"
                      }
                   ]
                }
            }
        },
    "controller.animation.reload_ak12": {
            "initial_state": "default",
            "states": {
            "default": {
            "transitions": [
                       {
            "reload": "query.get_equipped_item_name('off_hand') == 'ak12_ammo' && query.get_equipped_item_name('main_hand') == 'ak12_empty'"
                        }
                    ]
                },
            "reload": {
            "animations": ["ak12_reload"],
            "transitions": [
                      {
            "default":"query.all_animations_finished"
                      }
                   ]
                }
            }
        },
    "controller.animation.reload_akm": {
            "initial_state": "default",
            "states": {
            "default": {
            "transitions": [
                       {
            "reload": "query.get_equipped_item_name('off_hand') == 'akm_ammo' && query.get_equipped_item_name('main_hand') == 'akm_empty'"
                        }
                    ]
                },
            "reload": {
            "animations": ["akm_reload"],
            "transitions": [
                      {
            "default":"query.all_animations_finished"
                      }
                   ]
                }
            }
        },
    "controller.animation.reload_m24": {
            "initial_state": "default",
            "states": {
            "default": {
            "transitions": [
                       {
            "reload": "query.get_equipped_item_name('off_hand') == 'm24_ammo' && query.get_equipped_item_name('main_hand') == 'm24_empty'"
                        }
                    ]
                },
            "reload": {
            "animations": ["m24_reload"],
            "transitions": [
                      {
            "default":"query.all_animations_finished"
                      }
                   ]
                }
            }
        }
    }
}