{
  "format_version": "1.16.0",
  "minecraft:entity": {
    "description": {
      "identifier": "minecraft:zombie_villager_v2",
      "is_spawnable": true,
      "is_summonable": true,
      "is_experimental": false
    },
    "component_groups": {
      "adult": {
        "minecraft:experience_reward": {
          "on_death": "query.last_hit_by_player ? 5 + (query.equipment_count * Math.Random(1,3)) : 0"
        },
        "minecraft:movement": {
          "value": 0.22
        },
        "minecraft:rideable": {
          "seat_count": 0,
          "family_types": [
            "zombie"
          ],
          "seats": {
            "position": [ 0.0, 1.1, -0.35 ]
          }
        },
        "minecraft:behavior.mount_pathing": {
          "priority": 5,
          "speed_multiplier": 1.25,
          "target_dist": 0.0,
          "track_target": true
        }
      },

      "to_villager": {
        "minecraft:transformation": {
          "into": "minecraft:villager_v2",
          "begin_transform_sound": "remedy",
          "transformation_sound": "unfect",
          "keep_level": true,
          "delay": {
            "value": 100,
            "block_assist_chance": 0.01,
            "block_radius": 4,
            "block_chance": 0.3,
            "block_types": [
              "minecraft:bed",
              "minecraft:iron_bars"
            ]
          }
        },
        "minecraft:spell_effects": {
          "add_effects": [
            {
              "effect": "strength",
              "duration": 100
            },
            {
              "effect": "heal",
              "duration": 100
            }
          ],
          "remove_effects": "weakness"
        },
        "minecraft:is_shaking": {
        }
      },

      "variant_0": {
        "minecraft:type_family": {
          "family": [ "variant_0", "zombie", "zombie_villager", "undead", "monster", "mob" ]
        },
        "minecraft:variant": {
          "value": 1
        }
      },
      "variant_1": {
        "minecraft:type_family": {
          "family": [ "variant_1", "zombie", "zombie_villager", "undead", "monster", "mob" ]
        },
        "minecraft:variant": {
          "value": 2
        }
      },
      "variant_2": {
        "minecraft:type_family": {
          "family": [ "variant_2", "zombie", "zombie_villager", "undead", "monster", "mob" ]
        },
        "minecraft:variant": {
          "value": 3
        }
      },
      "variant_3": {
        "minecraft:type_family": {
          "family": [ "variant_3", "zombie_villager", "zombie", "undead", "monster", "mob" ]
        },
        "minecraft:variant": {
          "value": 4
        }
      },
      "variant_4": {
        "minecraft:type_family": {
          "family": [ "variant_4", "zombie_villager", "zombie", "undead", "monster", "mob" ]
        },
        "minecraft:variant": {
          "value": 5
        }
      },
      "variant_5": {
        "minecraft:type_family": {
          "family": [ "variant_5", "zombie_villager", "zombie", "undead", "monster", "mob" ]
        },
        "minecraft:variant": {
          "value": 6
        }
      },

      "1": {
        "minecraft:skin_id": {
          "value": 0
        }
      },

      "2": {
        "minecraft:skin_id": {
          "value": 1
        }
      },

      "3": {
        "minecraft:skin_id": {
          "value": 2
        }
      },

      "4": {
        "minecraft:skin_id": {
          "value": 3
        }
      },

      "5": {
        "minecraft:skin_id": {
          "value": 4
        }
      },

      "6": {
        "minecraft:skin_id": {
          "value": 5
        }
      }
    },

    "components": {
      "minecraft:is_hidden_when_invisible": {
      },
      // Zombie_villager Components
      "minecraft:navigation.walk": {
        "is_amphibious": true,
        "can_pass_doors": true,
        "can_break_doors": true,
        "avoid_sun": false
      },
      "minecraft:movement.basic": {
      },
      "minecraft:jump.static": {
      },
      "minecraft:can_climb": {
      },
      "minecraft:damage_sensor": {
        "triggers": {
          "cause": "fall",
          "deals_damage": false
        }
      },
      "minecraft:breathable": {
        "total_supply": 15,
        "suffocate_time": 0,
        "breathes_water": true
      },
      "minecraft:loot": {
        "table": "loot_tables/entities/zombie.json"
      },
      "minecraft:conditional_bandwidth_optimization": {
      },
      "minecraft:collision_box": {
        "width": 0.6,
        "height": 1.9
      },
      "minecraft:health": {
        "value": 16,
        "max": 16
      },
      "minecraft:hurt_on_condition": {
        "damage_conditions": [
          {
            "filters": { "test": "in_lava", "subject": "self", "operator": "==", "value": true },
            "cause": "lava",
            "damage_per_tick": 4
          }
        ]
      },
      "minecraft:attack": {
        "damage": 4
      },
      "minecraft:nameable": {
      },

      "minecraft:interact": {
        "interactions": {
          // Curing the villager
          "on_interact": {
            "filters": {
              "all_of": [
                { "test": "has_equipment", "domain": "hand", "subject": "other", "value": "golden_apple" },
                { "test": "has_component", "subject": "self", "value": "minecraft:effect.weakness" }
              ]
            },
            "event": "villager_converted",
            "target": "self"
          },
          "use_item": true,
          "interact_text": "action.interact.cure"
        }
      },
      // Zombie_villager Behaviors
      "minecraft:behavior.melee_attack": {
        "priority": 6
      },
      "minecraft:behavior.stomp_turtle_egg": {
        "priority": 4,
        "speed_multiplier": 1,
        "search_range": 10,
        "search_height": 2,
        "goal_radius": 1.14,
        "interval": 20
      },
      "minecraft:behavior.pickup_items": {
        "priority": 8,
        "max_dist": 3,
        "goal_radius": 2,
        "speed_multiplier": 1.0,
        "pickup_based_on_chance": true,
        "can_pickup_any_item": false
      },
      "minecraft:behavior.random_stroll": {
        "priority": 8,
        "speed_multiplier": 1
      },
      "minecraft:behavior.look_at_player": {
        "priority": 9,
        "look_distance": 15,
        "probability": 0.05
      },
      "minecraft:behavior.random_look_around": {
        "priority": 9
      },
      "minecraft:behavior.hurt_by_target": {
        "priority": 1
      },
      "minecraft:behavior.nearest_attackable_target": {
        "priority": 1,
        "must_see": false,
        "reselect_targets": true,
        "within_radius": 90.0,
        "must_see_forget_duration": 100.00,
        "entity_types": [
          {
            "filters": {
              "any_of": [
                { "test": "is_family", "subject": "other", "value": "player" },
                { "test": "is_family", "subject": "other", "value": "rabbit" },
                { "test": "is_family", "subject": "other", "value": "irongolem" },
                { "test": "is_family", "subject": "other", "value": "creeper" },
                { "test": "is_family", "subject": "other", "value": "wandering_trader" }
              ]
            },
            "max_dist": 90
          },
          {
            "filters": {
              "all_of": [
                { "test": "is_family", "subject": "other", "value": "baby_turtle" },
                { "test": "in_water", "subject": "other", "operator": "!=", "value": true }
              ]
            },
            "max_dist": 50
          }
        ]
      },
      "minecraft:physics": {
      },
      "minecraft:pushable": {
        "is_pushable": true,
        "is_pushable_by_piston": true
      },
      "minecraft:follow_range": {
        "value": 90
      }
    },

    "events": {
      "villager_converted": {
        "remove": {
        },
        "add": {
          "component_groups": [
            "to_villager"
          ]
        }
      },

      "minecraft:entity_spawned": {
        "sequence": [
          {
            "filters": { "test": "has_component", "operator": "!=", "value": "minecraft:variant" },
            "randomize": [
              {
                "weight": 9500,
                "remove": {
                },
                "add": {
                  "component_groups": [
                    "adult"
                  ]

                }
              }
            ]
          },
          {
            "randomize": [
              {
                "weight": 1,
                "add": { "component_groups": [ "variant_0" ] }
              },
              {
                "weight": 1,
                "add": { "component_groups": [ "variant_1" ] }
              },
              {
                "weight": 1,
                "add": { "component_groups": [ "variant_2" ] }
              },
              {
                "weight": 1,
                "add": { "component_groups": [ "variant_3" ] }
              },
              {
                "weight": 1,
                "add": { "component_groups": [ "variant_4" ] }
              },
              {
                "weight": 1,
                "add": { "component_groups": [ "variant_5" ] }
              }
            ]
          }
        ] 
      },

      "minecraft:entity_transformed": {
        "sequence": [
          {
            "filters": { "test": "has_component", "operator": "!=", "value": "minecraft:variant" },
            "sequence": [
              // Transform baby villager to baby zombie
              {
                "filters": { "test": "has_component", "subject": "other", "value": "minecraft:is_baby" },
                "add": { "component_groups": [ "baby" ] }
              },
              // Transform adult villager to adult zombie
              {
                "filters": {  "test": "has_component",  "subject": "other", "operator": "!=", "value": "minecraft:is_baby" },
                "add": { "component_groups": [ "adult" ] }
              },
              // Transform unskilled zombie to unskilled villager
              {
                "filters": { "test": "is_family", "subject": "other", "value": "unskilled" },
                "add": { "component_groups": [ "unskilled" ] }
              },
              // Transform nitwit zombie to nitwit villager
              {
                "filters": { "test": "is_family", "subject": "other", "value": "nitwit" },
                "add": { "component_groups": [ "nitwit" ] }
              },
              // Transform farmer zombie to farmer villager
              {
                "filters": { "test": "is_family", "subject": "other", "value": "farmer" },
                "add": { "component_groups": [ "farmer" ] }
              },
              // Transform fisherman zombie to fisherman villager
              {
                "filters": { "test": "is_family", "subject": "other", "value": "fisherman" },
                "add": { "component_groups": [ "fisherman" ] }
              },
              // Transform shepherd zombie to shepherd villager
              {
                "filters": { "test": "is_family", "subject": "other", "value": "shepherd" },
                "add": { "component_groups": [ "shepherd" ] }
              },
              // Transform fletcher zombie to fletcher villager
              {
                "filters": { "test": "is_family", "subject": "other", "value": "fletcher" },
                "add": { "component_groups": [ "fletcher" ] }
              },
              // Transform librarian zombie to librarian villager
              {
                "filters": { "test": "is_family", "subject": "other", "value": "librarian" },
                "add": { "component_groups": [ "librarian" ] }
              },
              // Transform cartographer zombie to cartographer villager
              {
                "filters": { "test": "is_family", "subject": "other", "value": "cartographer" },
                "add": { "component_groups": [ "cartographer" ] }
              },
              // Transform cleric zombie to cleric villager
              {
                "filters": { "test": "is_family", "subject": "other", "value": "cleric" },
                "add": { "component_groups": [ "cleric" ] }
              },
              // Transform armorer zombie to armorer villager
              {
                "filters": { "test": "is_family", "subject": "other", "value": "armorer" },
                "add": { "component_groups": [ "armorer" ] }
              },
              // Transform weaponsmith zombie to weaponsmith villager
              {
                "filters": { "test": "is_family", "subject": "other", "value": "weaponsmith" },
                "add": { "component_groups": [ "weaponsmith" ] }
              },
              // Transform toolsmith zombie to toolsmith villager
              {
                "filters": { "test": "is_family", "subject": "other", "value": "toolsmith" },
                "add": { "component_groups": [ "toolsmith" ] }
              },
              // Transform butcher zombie to butcher villager
              {
                "filters": { "test": "is_family", "subject": "other", "value": "butcher" },
                "add": { "component_groups": [ "butcher" ] }
              },
              // Transform leatherworker zombie to leatherworker villager
              {
                "filters": { "test": "is_family", "subject": "other", "value": "leatherworker" },
                "add": { "component_groups": [ "leatherworker" ] }
              },
              // Transform mason zombie to mason villager
              {
                "filters": { "test": "is_family", "subject": "other", "value": "mason" },
                "add": { "component_groups": [ "mason" ] }
              }
            ]
          },
          {
            "filters": { "test": "has_component", "operator": "!=", "value": "minecraft:mark_variant" },
            "sequence": [
              // Transform desert zombie to desert villager
              {
                "filters": { "test": "is_mark_variant", "subject": "other", "value": 1 },
                "add": { "component_groups": [ "desert_villager" ] }
              },
              // Transform jungle zombie to jungle villager
              {
                "filters": { "test": "is_mark_variant", "subject": "other", "value": 2 },
                "add": { "component_groups": [ "jungle_villager" ] }
              },
              // Transform jungle zombie to jungle villager
              {
                "filters": { "test": "is_mark_variant", "subject": "other", "value": 3 },
                "add": { "component_groups": [ "savanna_villager" ] }
              },
              // Transform jungle zombie to jungle villager
              {
                "filters": { "test": "is_mark_variant", "subject": "other", "value": 4 },
                "add": { "component_groups": [ "snow_villager" ] }
              },
              // Transform jungle zombie to jungle villager
              {
                "filters": { "test": "is_mark_variant", "subject": "other", "value": 5 },
                "add": { "component_groups": [ "swamp_villager" ] }
              },
              // Transform taiga zombie to taiga villager
              {
                "filters": { "test": "is_mark_variant", "subject": "other", "value": 6 },
                "add": { "component_groups": [ "taiga_villager" ] }
              }
            ]
          },
          {
            "filters": { "test": "has_component", "operator": "!=", "value": "minecraft:skin_id" },
            "sequence": [
              {
                "filters": { "test": "is_skin_id", "subject": "other", "value": 0 },
                "add": { "component_groups": [ "base" ] }
              },
              {
                "filters": { "test": "is_skin_id", "subject": "other", "value": 1 },
                "add": { "component_groups": [ "base1" ] }
              },
              {
                "filters": { "test": "is_skin_id", "subject": "other", "value": 2 },
                "add": { "component_groups": [ "base2" ] }
              },
              {
                "filters": { "test": "is_skin_id", "subject": "other", "value": 3 },
                "add": { "component_groups": [ "base3" ] }
              },
              {
                "filters": { "test": "is_skin_id", "subject": "other", "value": 4 },
                "add": { "component_groups": [ "base4" ] }
              },
              {
                "filters": { "test": "is_skin_id", "subject": "other", "value": 5 },
                "add": { "component_groups": [ "base5" ] }
              }
            ]
          }
        ]
      },

      "minecraft:become_cleric": {
        "add": { "component_groups": [ "cleric" ] }
      },

      "from_village": {
        "sequence": [
          {
            "filters": {
              "test": "has_component",
              "operator": "!=",
              "value": "minecraft:variant"
            },
            "randomize": [
              {
                "weight": 9500,
                "remove": {
                },
                "add": {
                  "component_groups": [
                    "adult"
                  ]

                }
              }
            ]
          },
          {
            "randomize": [
              {
                "weight": 1,
                "add": { "component_groups": [ "base" ] }
              },
              {
                "weight": 1,
                "add": { "component_groups": [ "base1" ] }
              },
              {
                "weight": 1,
                "add": { "component_groups": [ "base2" ] }
              },
              {
                "weight": 1,
                "add": { "component_groups": [ "base3" ] }
              },
              {
                "weight": 1,
                "add": { "component_groups": [ "base4" ] }
              },
              {
                "weight": 1,
                "add": { "component_groups": [ "base5" ] }
              }
            ]
          },
          {
            "filters": {
              "test": "has_component",
              "operator": "!=",
              "value": "minecraft:variant"
            },
            "randomize": [
              {
                "weight": 1,
                "add": { "component_groups": [ "unskilled" ] }
              },
              {
                "weight": 1,
                "add": { "component_groups": [ "nitwit" ] }
              },
              {
                "weight": 1,
                "add": { "component_groups": [ "farmer" ] }
              },
              {
                "weight": 1,
                "add": { "component_groups": [ "fisherman" ] }
              },
              {
                "weight": 1,
                "add": { "component_groups": [ "shepherd" ] }
              },
              {
                "weight": 1,
                "add": { "component_groups": [ "fletcher" ] }
              },
              {
                "weight": 1,
                "add": { "component_groups": [ "librarian" ] }
              },
              {
                "weight": 1,
                "add": { "component_groups": [ "cartographer" ] }
              },
              {
                "weight": 1,
                "add": { "component_groups": [ "cleric" ] }
              },
              {
                "weight": 1,
                "add": { "component_groups": [ "armorer" ] }
              },
              {
                "weight": 1,
                "add": { "component_groups": [ "weaponsmith" ] }
              },
              {
                "weight": 1,
                "add": { "component_groups": [ "toolsmith" ] }
              },
              {
                "weight": 1,
                "add": { "component_groups": [ "butcher" ] }
              },
              {
                "weight": 1,
                "add": { "component_groups": [ "leatherworker" ] }
              },
              {
                "weight": 1,
                "add": { "component_groups": [ "mason" ] }
              }
            ]
          },
          {
            "filters": { 
              "any_of": [
                { "test": "has_biome_tag", "value": "desert" },
                { "test": "has_biome_tag", "value": "mesa" }
              ]
            },
            "add": { "component_groups": [ "desert_villager" ] }
          },
          {
            "filters": { "test": "has_biome_tag", "value": "jungle" },
            "add": { "component_groups": [ "jungle_villager" ] }
          },
          {
            "filters": { "test": "has_biome_tag", "value": "savanna" },
            "add": { "component_groups": [ "savanna_villager" ] }
          },
          {
            "filters": {
              "any_of": [
                { 
                  "all_of": [
                    { "test": "has_biome_tag", "value": "cold" },
                    { "test": "has_biome_tag", "operator": "!=", "value": "ocean" }
                  ]
                },
                { "test": "has_biome_tag", "value": "frozen" }
              ]
            },
            "add": { "component_groups": [ "snow_villager" ] }
          },
          {
            "filters": { "test": "has_biome_tag", "value": "swamp" },
            "add": { "component_groups": [ "swamp_villager" ] }
          },
          {
            "filters": {
              "all_of": [
                {
                  "any_of": [
                    { "test": "has_biome_tag", "value": "taiga" },
                    { "test": "has_biome_tag", "value": "extreme_hills" }
                  ]
                },
                { "test": "has_biome_tag", "operator": "!=", "value": "cold" }
              ]
            },
            "add": { "component_groups": [ "taiga_villager" ] }
          }
        ]
      }
    }
  }
}