{
	"format_version": "1.8.0",
	"minecraft:entity": {
		"description": {
			"identifier": "minecraft:player",
			"is_spawnable": false,
			"is_summonable": false,
			"is_experimental": false,
            "scripts": {
            "animate":[
      "walk",
      
      "glock19",
      "glock19_hold",
      "reload_glock19",
      
      "intervention",
      "intervention_hold",
      "reload_intervention",
      
      "glock53",
      "glock53_hold",
      "reload_glock53",
      
      "m1911",
      "m1911_hold",
      "reload_m1911",
      
      "bm3",
      "bm3_hold",
      "reload_bm3",
      
      "aa12",
      "aa12_hold",
      "reload_aa12",
      
      "spas12",
      "spas12_hold",
      "reload_spas12",
      
      "as_val",
      "as_val_hold",
      "reload_as_val",
      
      "ump45",
      "ump45_hold",
      "reload_ump45",
      
      "ppsh41",
      "ppsh41_hold",
      "reload_ppsh41",
      
      "m42",
      "m42_hold",
      "reload_m42",
      
      "aks74u",
      "aks74u_hold",
      "reload_aks74u",
      
      "m110_sass",
      "m110_sass_hold",
      "reload_m110_sass",
      
      "sten",
      "sten_hold",
      "reload_sten",
      
      "vector",
      "vector_hold",
      "reload_vector",
      
      "ak37",
      "ak37_hold",
      "reload_ak37",
      
      "vec35",
      "vec35_hold",
      "reload_vec35",
      
      "m24",
      "m24_hold",
      "reload_m24",
      
      "m14",
      "m14_hold",
      "reload_m14",
      
      "m1",
      "m1_hold",
      "reload_m1",
      
      "scar",
      "scar_hold",
      "reload_scar",
      
      "ak12",
      "ak12_hold",
      "reload_ak12",
      
      "akm",
      "akm_hold",
      "reload_akm",
      
      "m16a1",
      "m16a1_hold",
      "reload_m16a1",
      
      "mp5k",
      "mp5k_hold",
      "reload_mp5k",
      
      "type100",
      "type100_hold",
      "reload_type100",
      
      "m4",
      "m4_hold",
      "reload_m4",
      
      "m4a1",
      "m4a1_hold",
      "reload_m4a1",
      
      "hbdgr",
      "hbdgr_hold",
      "reload_hbdgr",
      
      "hk417",
      "hk417_hold",
      "reload_hk417",
      
      "he_grenade",
      "flash_grenade",
      
      "thompson",
      "thompson_hold",
      "reload_thompson",
      
      "ammo_out",
      "gun_reload"
      ]},"animations":{
      "type100":"controller.animation.type100",
      "type100_hold":"controller.animation.type100_hold",
      "reload_type100":"controller.animation.reload_type100",
      "type100_reload":"animation.type100_reload",
      
      
      
      "he_grenade":"controller.animation.he_grenade",
      "flash_grenade":"controller.animation.flash_grenade",
      
      
      
      "m16a1":"controller.animation.m16a1",
      "m16a1_hold":"controller.animation.m16a1_hold",
      "reload_m16a1":"controller.animation.reload_m16a1",
      "m16a1_reload":"animation.m16a1_reload",
      
      
      
      "m42":"controller.animation.m42",
      "m42_hold":"controller.animation.m42_hold",
      "reload_m42":"controller.animation.reload_m42",
      "m42_reload":"animation.m42_reload",
      
      
      
      "akm":"controller.animation.akm",
      "akm_hold":"controller.animation.akm_hold",
      "reload_akm":"controller.animation.reload_akm",
      "akm_reload":"animation.akm_reload",
      
      
      
      "ppsh41":"controller.animation.ppsh41",
      "ppsh41_hold":"controller.animation.ppsh41_hold",
      "reload_ppsh41":"controller.animation.reload_ppsh41",
      "ppsh41_reload":"animation.ppsh41_reload",
      
      
      
      "sten":"controller.animation.sten",
      "sten_hold":"controller.animation.sten_hold",
      "reload_sten":"controller.animation.reload_sten",
      "sten_reload":"animation.sten_reload",
      
      
      
      "aks74u":"controller.animation.aks74u",
      "aks74u_hold":"controller.animation.aks74u_hold",
      "reload_aks74u":"controller.animation.reload_aks74u",
      "aks74u_reload":"animation.aks74u_reload",
      
      
      
      "vec35":"controller.animation.vec35",
      "vec35_hold":"controller.animation.vec35_hold",
      "reload_vec35":"controller.animation.reload_vec35",
      "vec35_reload":"animation.vec35_reload",
      
      
      
      "ak37":"controller.animation.ak37",
      "ak37_hold":"controller.animation.ak37_hold",
      "reload_ak37":"controller.animation.reload_ak37",
      "ak37_reload":"animation.ak37_reload",
      
      
      
      "ump45":"controller.animation.ump45",
      "ump45_hold":"controller.animation.ump45_hold",
      "reload_ump45":"controller.animation.reload_ump45",
      "ump45_reload":"animation.ump45_reload",
      
      
      
      "vector":"controller.animation.vector",
      "vector_hold":"controller.animation.vector_hold",
      "reload_vector":"controller.animation.reload_vector",
      "vector_reload":"animation.vector_reload",
      
      
      
      "as_val":"controller.animation.as_val",
      "as_val_hold":"controller.animation.as_val_hold",
      "reload_as_val":"controller.animation.reload_as_val",
      "as_val_reload":"animation.as_val_reload",
      
      
      
      "thompson":"controller.animation.thompson",
      "thompson_hold":"controller.animation.thompson_hold",
      "reload_thompson":"controller.animation.reload_thompson",
      "thompson_reload":"animation.thompson_reload",
      
      
      
      "ak12":"controller.animation.ak12",
      "ak12_hold":"controller.animation.ak12_hold",
      "reload_ak12":"controller.animation.reload_ak12",
      "ak12_reload":"animation.ak12_reload",
      
      
      
      "mp5k":"controller.animation.mp5k",
      "mp5k_hold":"controller.animation.mp5k_hold",
      "reload_mp5k":"controller.animation.reload_mp5k",
      "mp5k_reload":"animation.mp5k_reload",
      
      
      
      "scar":"controller.animation.scar",
      "scar_hold":"controller.animation.scar_hold",
      "reload_scar":"controller.animation.reload_scar",
      "scar_reload":"animation.scar_reload",
      
      
      
      "glock19":"controller.animation.glock19",
      "glock19_hold":"controller.animation.glock19_hold",
      "reload_glock19":"controller.animation.reload_glock19",
      "glock19_reload":"animation.glock19_reload",
      "glock19_shoot_noscope":"animation.glock19_shoot_noscope",
      "glock19_shoot_scope":"animation.glock19_shoot_scope",
      
      
      
      "intervention":"controller.animation.intervention",
      "intervention_hold":"controller.animation.intervention_hold",
      "reload_intervention":"controller.animation.reload_intervention",
      "intervention_reload":"animation.intervention_reload",
      "intervention_shoot_noscope":"animation.intervention_shoot_noscope",
      "intervention_shoot_scope":"animation.intervention_shoot_scope",
      
      
      
      "m110_sass":"controller.animation.m110_sass",
      "m110_sass_hold":"controller.animation.m110_sass_hold",
      "reload_m110_sass":"controller.animation.reload_m110_sass",
      "m110_sass_reload":"animation.m110_sass_reload",
      "m110_sass_shoot_noscope":"animation.m110_sass_shoot_noscope",
      "m110_sass_shoot_scope":"animation.m110_sass_shoot_scope",
      
      
      
      "glock53":"controller.animation.glock53",
      "glock53_hold":"controller.animation.glock53_hold",
      "reload_glock53":"controller.animation.reload_glock53",
      "glock53_reload":"animation.glock53_reload",
      "glock53_shoot_noscope":"animation.glock53_shoot_noscope",
      "glock53_shoot_scope":"animation.glock53_shoot_scope",
      
      
      
      "aa12":"controller.animation.aa12",
      "aa12_hold":"controller.animation.aa12_hold",
      "reload_aa12":"controller.animation.reload_aa12",
      "aa12_reload":"animation.aa12_reload",
      "aa12_shoot_noscope":"animation.aa12_shoot_noscope",
      "aa12_shoot_scope":"animation.aa12_shoot_scope",
      
      
      
      "m1911":"controller.animation.m1911",
      "m1911_hold":"controller.animation.m1911_hold",
      "reload_m1911":"controller.animation.reload_m1911",
      "m1911_reload":"animation.m1911_reload",
      "m1911_shoot_noscope":"animation.m1911_shoot_noscope",
      "m1911_shoot_scope":"animation.m1911_shoot_scope",
      
      
      
      "spas12":"controller.animation.spas12",
      "spas12_hold":"controller.animation.spas12_hold",
      "reload_spas12":"controller.animation.reload_spas12",
      "spas12_reload":"animation.spas12_reload",
      "spas12_shoot_noscope":"animation.spas12_shoot_noscope",
      "spas12_shoot_scope":"animation.spas12_shoot_scope",
      
      
      
      "bm3":"controller.animation.bm3",
      "bm3_hold":"controller.animation.bm3_hold",
      "reload_bm3":"controller.animation.reload_bm3",
      "bm3_reload":"animation.bm3_reload",
      "bm3_shoot_noscope":"animation.bm3_shoot_noscope",
      "bm3_shoot_scope":"animation.bm3_shoot_scope",
      
      
      
      "m24":"controller.animation.m24",
      "m24_hold":"controller.animation.m24_hold",
      "reload_m24":"controller.animation.reload_m24",
      "m24_reload":"animation.m24_reload",
      "m24_shoot_noscope":"animation.m24_shoot_noscope",
      "m24_shoot_scope":"animation.m24_shoot_scope",
      
      
      
      "m14":"controller.animation.m14",
      "m14_hold":"controller.animation.m14_hold",
      "reload_m14":"controller.animation.reload_m14",
      "m14_reload":"animation.m14_reload",
      "m14_shoot_noscope":"animation.m14_shoot_noscope",
      "m14_shoot_scope":"animation.m14_shoot_scope",
      
      
      
      "m1":"controller.animation.m1",
      "m1_hold":"controller.animation.m1_hold",
      "reload_m1":"controller.animation.reload_m1",
      "m1_reload":"animation.m1_reload",
      "m1_shoot_noscope":"animation.m1_shoot_noscope",
      "m1_shoot_scope":"animation.m1_shoot_scope",
      
      
      
      "m4":"controller.animation.m4",
      "m4_hold":"controller.animation.m4_hold",
      "reload_m4":"controller.animation.reload_m4",
      "m4_reload":"animation.m4_reload",
      
      
      
      "m4a1":"controller.animation.m4a1",
      "m4a1_hold":"controller.animation.m4a1_hold",
      "reload_m4a1":"controller.animation.reload_m4a1",
      "m4a1_reload":"animation.m4a1_reload",
      
      
      
      "hk417":"controller.animation.hk417",
      "hk417_hold":"controller.animation.hk417_hold",
      "reload_hk417":"controller.animation.reload_hk417",
      "hk417_reload":"animation.hk417_reload",
      
      
      
      "hbdgr":"controller.animation.hbdgr",
      "hbdgr_hold":"controller.animation.hbdgr_hold",
      "reload_hbdgr":"controller.animation.reload_hbdgr",
      "hbdgr_reload":"animation.hbdgr_reload",
      
      
      
      "gun_reload":"controller.animation.gun_reload",
      "ammo_out":"controller.animation.ammo_out",
      "walk":"controller.animation.walk"
       }
		},
		"component_groups": {
		"mage:standard_player": {
				"minecraft:health": {
					"value": 20,
					"max": 20
				},
				"minecraft:movement": {
					"value": 0.1
				},
				"minecraft:attack": {
					"damage": 1
				},
                "minecraft:mark_variant": {
                    "value": 0
                },
		        "minecraft:skin_id": {
                    "value": 0
                }
			},
            
            
            
      "default:scope": {
        "minecraft:movement": {
          "value": 0.07
        }
      },
      "sniper:scope": {
        "minecraft:movement": {
          "value": 0.001
        }
      },
      
      
      
      "he_grenade": {
        "minecraft:spawn_entity": {
          "entities": [
            {
              "min_wait_time": 0,
              "max_wait_time": 0,
              "single_use": true,
              "spawn_entity": "addon:he_grenade",
              "num_to_spawn": 1
            }
          ]
        }
      },
      "flash_grenade": {
        "minecraft:spawn_entity": {
          "entities": [
            {
              "min_wait_time": 0,
              "max_wait_time": 0,
              "single_use": true,
              "spawn_entity": "addon:flash_grenade",
              "num_to_spawn": 1
            }
          ]
        }
      },
      "intervention_bullet_scope": {
        "minecraft:spawn_entity": {
          "entities": [
            {
              "min_wait_time": 0,
              "max_wait_time": 0,
              "single_use": true,
              "spawn_entity": "addon:intervention_bullet",
              "spawn_event": "shoot:scope",
              "num_to_spawn": 1
            }
          ]
        }
      },
      "intervention_bullet_noscope": {
        "minecraft:spawn_entity": {
          "entities": [
            {
              "min_wait_time": 0,
              "max_wait_time": 0,
              "single_use": true,
              "spawn_entity": "addon:intervention_bullet",
              "spawn_event": "shoot:noscope",
              "num_to_spawn": 1
            }
          ]
        }
      },
      "sten_bullet_scope": {
        "minecraft:spawn_entity": {
          "entities": [
            {
              "min_wait_time": 0,
              "max_wait_time": 0,
              "single_use": true,
              "spawn_entity": "addon:sten_bullet",
              "spawn_event": "shoot:scope",
              "num_to_spawn": 1
            }
          ]
        }
      },
      "sten_bullet_noscope": {
        "minecraft:spawn_entity": {
          "entities": [
            {
              "min_wait_time": 0,
              "max_wait_time": 0,
              "single_use": true,
              "spawn_entity": "addon:sten_bullet",
              "spawn_event": "shoot:noscope",
              "num_to_spawn": 1
            }
          ]
        }
      },
      "aks74u_bullet_scope": {
        "minecraft:spawn_entity": {
          "entities": [
            {
              "min_wait_time": 0,
              "max_wait_time": 0,
              "single_use": true,
              "spawn_entity": "addon:aks74u_bullet",
              "spawn_event": "shoot:scope",
              "num_to_spawn": 1
            }
          ]
        }
      },
      "aks74u_bullet_noscope": {
        "minecraft:spawn_entity": {
          "entities": [
            {
              "min_wait_time": 0,
              "max_wait_time": 0,
              "single_use": true,
              "spawn_entity": "addon:aks74u_bullet",
              "spawn_event": "shoot:noscope",
              "num_to_spawn": 1
            }
          ]
        }
      },
      "m110_sass_bullet_scope": {
        "minecraft:spawn_entity": {
          "entities": [
            {
              "min_wait_time": 0,
              "max_wait_time": 0,
              "single_use": true,
              "spawn_entity": "addon:m110_sass_bullet",
              "spawn_event": "shoot:scope",
              "num_to_spawn": 1
            }
          ]
        }
      },
      "m110_sass_bullet_noscope": {
        "minecraft:spawn_entity": {
          "entities": [
            {
              "min_wait_time": 0,
              "max_wait_time": 0,
              "single_use": true,
              "spawn_entity": "addon:m110_sass_bullet",
              "spawn_event": "shoot:noscope",
              "num_to_spawn": 1
            }
          ]
        }
      },
      "ppsh41_bullet_scope": {
        "minecraft:spawn_entity": {
          "entities": [
            {
              "min_wait_time": 0,
              "max_wait_time": 0,
              "single_use": true,
              "spawn_entity": "addon:ppsh41_bullet",
              "spawn_event": "shoot:scope",
              "num_to_spawn": 1
            }
          ]
        }
      },
      "ppsh41_bullet_noscope": {
        "minecraft:spawn_entity": {
          "entities": [
            {
              "min_wait_time": 0,
              "max_wait_time": 0,
              "single_use": true,
              "spawn_entity": "addon:ppsh41_bullet",
              "spawn_event": "shoot:noscope",
              "num_to_spawn": 1
            }
          ]
        }
      },
      "vec35_bullet_scope": {
        "minecraft:spawn_entity": {
          "entities": [
            {
              "min_wait_time": 0,
              "max_wait_time": 0,
              "single_use": true,
              "spawn_entity": "addon:vec35_bullet",
              "spawn_event": "shoot:scope",
              "num_to_spawn": 1
            }
          ]
        }
      },
      "vec35_bullet_noscope": {
        "minecraft:spawn_entity": {
          "entities": [
            {
              "min_wait_time": 0,
              "max_wait_time": 0,
              "single_use": true,
              "spawn_entity": "addon:vec35_bullet",
              "spawn_event": "shoot:noscope",
              "num_to_spawn": 1
            }
          ]
        }
      },
      "ak37_bullet_scope": {
        "minecraft:spawn_entity": {
          "entities": [
            {
              "min_wait_time": 0,
              "max_wait_time": 0,
              "single_use": true,
              "spawn_entity": "addon:ak37_bullet",
              "spawn_event": "shoot:scope",
              "num_to_spawn": 1
            }
          ]
        }
      },
      "ak37_bullet_noscope": {
        "minecraft:spawn_entity": {
          "entities": [
            {
              "min_wait_time": 0,
              "max_wait_time": 0,
              "single_use": true,
              "spawn_entity": "addon:ak37_bullet",
              "spawn_event": "shoot:noscope",
              "num_to_spawn": 1
            }
          ]
        }
      },
      "m42_bullet_scope": {
        "minecraft:spawn_entity": {
          "entities": [
            {
              "min_wait_time": 0,
              "max_wait_time": 0,
              "single_use": true,
              "spawn_entity": "addon:m42_bullet",
              "spawn_event": "shoot:scope",
              "num_to_spawn": 1
            }
          ]
        }
      },
      "m42_bullet_noscope": {
        "minecraft:spawn_entity": {
          "entities": [
            {
              "min_wait_time": 0,
              "max_wait_time": 0,
              "single_use": true,
              "spawn_entity": "addon:m42_bullet",
              "spawn_event": "shoot:noscope",
              "num_to_spawn": 1
            }
          ]
        }
      },
      "m14_bullet_scope": {
        "minecraft:spawn_entity": {
          "entities": [
            {
              "min_wait_time": 0,
              "max_wait_time": 0,
              "single_use": true,
              "spawn_entity": "addon:m14_bullet",
              "spawn_event": "shoot:scope",
              "num_to_spawn": 1
            }
          ]
        }
      },
      "m14_bullet_noscope": {
        "minecraft:spawn_entity": {
          "entities": [
            {
              "min_wait_time": 0,
              "max_wait_time": 0,
              "single_use": true,
              "spawn_entity": "addon:m14_bullet",
              "spawn_event": "shoot:noscope",
              "num_to_spawn": 1
            }
          ]
        }
      },
      "m1_bullet_scope": {
        "minecraft:spawn_entity": {
          "entities": [
            {
              "min_wait_time": 0,
              "max_wait_time": 0,
              "single_use": true,
              "spawn_entity": "addon:m1_bullet",
              "spawn_event": "shoot:scope",
              "num_to_spawn": 1
            }
          ]
        }
      },
      "m1_bullet_noscope": {
        "minecraft:spawn_entity": {
          "entities": [
            {
              "min_wait_time": 0,
              "max_wait_time": 0,
              "single_use": true,
              "spawn_entity": "addon:m1_bullet",
              "spawn_event": "shoot:noscope",
              "num_to_spawn": 1
            }
          ]
        }
      },
      "type100_bullet_scope": {
        "minecraft:spawn_entity": {
          "entities": [
            {
              "min_wait_time": 0,
              "max_wait_time": 0,
              "single_use": true,
              "spawn_entity": "addon:type100_bullet",
              "spawn_event": "shoot:scope",
              "num_to_spawn": 1
            }
          ]
        }
      },
      "type100_bullet_noscope": {
        "minecraft:spawn_entity": {
          "entities": [
            {
              "min_wait_time": 0,
              "max_wait_time": 0,
              "single_use": true,
              "spawn_entity": "addon:type100_bullet",
              "spawn_event": "shoot:noscope",
              "num_to_spawn": 1
            }
          ]
        }
      },
      "m4_bullet_scope": {
        "minecraft:spawn_entity": {
          "entities": [
            {
              "min_wait_time": 0,
              "max_wait_time": 0,
              "single_use": true,
              "spawn_entity": "addon:m4_bullet",
              "spawn_event": "shoot:scope",
              "num_to_spawn": 1
            }
          ]
        }
      },
      "m4_bullet_noscope": {
        "minecraft:spawn_entity": {
          "entities": [
            {
              "min_wait_time": 0,
              "max_wait_time": 0,
              "single_use": true,
              "spawn_entity": "addon:m4_bullet",
              "spawn_event": "shoot:noscope",
              "num_to_spawn": 1
            }
          ]
        }
      },
      "m4a1_bullet_scope": {
        "minecraft:spawn_entity": {
          "entities": [
            {
              "min_wait_time": 0,
              "max_wait_time": 0,
              "single_use": true,
              "spawn_entity": "addon:m4a1_bullet",
              "spawn_event": "shoot:scope",
              "num_to_spawn": 1
            }
          ]
        }
      },
      "m4a1_bullet_noscope": {
        "minecraft:spawn_entity": {
          "entities": [
            {
              "min_wait_time": 0,
              "max_wait_time": 0,
              "single_use": true,
              "spawn_entity": "addon:m4a1_bullet",
              "spawn_event": "shoot:noscope",
              "num_to_spawn": 1
            }
          ]
        }
      },
      "glock53_bullet_scope": {
        "minecraft:spawn_entity": {
          "entities": [
            {
              "min_wait_time": 0,
              "max_wait_time": 0,
              "single_use": true,
              "spawn_entity": "addon:glock53_bullet",
              "spawn_event": "shoot:scope",
              "num_to_spawn": 1
            }
          ]
        }
      },
      "glock53_bullet_noscope": {
        "minecraft:spawn_entity": {
          "entities": [
            {
              "min_wait_time": 0,
              "max_wait_time": 0,
              "single_use": true,
              "spawn_entity": "addon:glock53_bullet",
              "spawn_event": "shoot:noscope",
              "num_to_spawn": 1
            }
          ]
        }
      },
      "hk417_bullet_scope": {
        "minecraft:spawn_entity": {
          "entities": [
            {
              "min_wait_time": 0,
              "max_wait_time": 0,
              "single_use": true,
              "spawn_entity": "addon:hk417_bullet",
              "spawn_event": "shoot:scope",
              "num_to_spawn": 1
            }
          ]
        }
      },
      "hk417_bullet_noscope": {
        "minecraft:spawn_entity": {
          "entities": [
            {
              "min_wait_time": 0,
              "max_wait_time": 0,
              "single_use": true,
              "spawn_entity": "addon:hk417_bullet",
              "spawn_event": "shoot:noscope",
              "num_to_spawn": 1
            }
          ]
        }
      },
      "hbdgr_bullet_scope": {
        "minecraft:spawn_entity": {
          "entities": [
            {
              "min_wait_time": 0,
              "max_wait_time": 0,
              "single_use": true,
              "spawn_entity": "addon:hbdgr_bullet",
              "spawn_event": "shoot:scope",
              "num_to_spawn": 1
            }
          ]
        }
      },
      "hbdgr_bullet_noscope": {
        "minecraft:spawn_entity": {
          "entities": [
            {
              "min_wait_time": 0,
              "max_wait_time": 0,
              "single_use": true,
              "spawn_entity": "addon:hbdgr_bullet",
              "spawn_event": "shoot:noscope",
              "num_to_spawn": 1
            }
          ]
        }
      },
      "akm_bullet_scope": {
        "minecraft:spawn_entity": {
          "entities": [
            {
              "min_wait_time": 0,
              "max_wait_time": 0,
              "single_use": true,
              "spawn_entity": "addon:akm_bullet",
              "spawn_event": "shoot:scope",
              "num_to_spawn": 1
            }
          ]
        }
      },
      "akm_bullet_noscope": {
        "minecraft:spawn_entity": {
          "entities": [
            {
              "min_wait_time": 0,
              "max_wait_time": 0,
              "single_use": true,
              "spawn_entity": "addon:akm_bullet",
              "spawn_event": "shoot:noscope",
              "num_to_spawn": 1
            }
          ]
        }
      },
      "ak12_bullet_scope": {
        "minecraft:spawn_entity": {
          "entities": [
            {
              "min_wait_time": 0,
              "max_wait_time": 0,
              "single_use": true,
              "spawn_entity": "addon:ak12_bullet",
              "spawn_event": "shoot:scope",
              "num_to_spawn": 1
            }
          ]
        }
      },
      "ak12_bullet_noscope": {
        "minecraft:spawn_entity": {
          "entities": [
            {
              "min_wait_time": 0,
              "max_wait_time": 0,
              "single_use": true,
              "spawn_entity": "addon:ak12_bullet",
              "spawn_event": "shoot:noscope",
              "num_to_spawn": 1
            }
          ]
        }
      },
      "m16a1_bullet_scope": {
        "minecraft:spawn_entity": {
          "entities": [
            {
              "min_wait_time": 0,
              "max_wait_time": 0,
              "single_use": true,
              "spawn_entity": "addon:m16a1_bullet",
              "spawn_event": "shoot:scope",
              "num_to_spawn": 1
            }
          ]
        }
      },
      "m16a1_bullet_noscope": {
        "minecraft:spawn_entity": {
          "entities": [
            {
              "min_wait_time": 0,
              "max_wait_time": 0,
              "single_use": true,
              "spawn_entity": "addon:m16a1_bullet",
              "spawn_event": "shoot:noscope",
              "num_to_spawn": 1
            }
          ]
        }
      },
      "mp5k_bullet_scope": {
        "minecraft:spawn_entity": {
          "entities": [
            {
              "min_wait_time": 0,
              "max_wait_time": 0,
              "single_use": true,
              "spawn_entity": "addon:mp5k_bullet",
              "spawn_event": "shoot:scope",
              "num_to_spawn": 1
            }
          ]
        }
      },
      "mp5k_bullet_noscope": {
        "minecraft:spawn_entity": {
          "entities": [
            {
              "min_wait_time": 0,
              "max_wait_time": 0,
              "single_use": true,
              "spawn_entity": "addon:mp5k_bullet",
              "spawn_event": "shoot:noscope",
              "num_to_spawn": 1
            }
          ]
        }
      },
      "glock19_bullet_scope": {
        "minecraft:spawn_entity": {
          "entities": [
            {
              "min_wait_time": 0,
              "max_wait_time": 0,
              "single_use": true,
              "spawn_entity": "addon:glock19_bullet",
              "spawn_event": "shoot:scope",
              "num_to_spawn": 1
            }
          ]
        }
      },
      "glock19_bullet_noscope": {
        "minecraft:spawn_entity": {
          "entities": [
            {
              "min_wait_time": 0,
              "max_wait_time": 0,
              "single_use": true,
              "spawn_entity": "addon:glock19_bullet",
              "spawn_event": "shoot:noscope",
              "num_to_spawn": 1
            }
          ]
        }
      },
      "scar_bullet_scope": {
        "minecraft:spawn_entity": {
          "entities": [
            {
              "min_wait_time": 0,
              "max_wait_time": 0,
              "single_use": true,
              "spawn_entity": "addon:scar_bullet",
              "spawn_event": "shoot:scope",
              "num_to_spawn": 1
            }
          ]
        }
      },
      "scar_bullet_noscope": {
        "minecraft:spawn_entity": {
          "entities": [
            {
              "min_wait_time": 0,
              "max_wait_time": 0,
              "single_use": true,
              "spawn_entity": "addon:scar_bullet",
              "spawn_event": "shoot:noscope",
              "num_to_spawn": 1
            }
          ]
        }
      },
      "m24_bullet_scope": {
        "minecraft:spawn_entity": {
          "entities": [
            {
              "min_wait_time": 0,
              "max_wait_time": 0,
              "single_use": true,
              "spawn_entity": "addon:m24_bullet",
              "spawn_event": "shoot:scope",
              "num_to_spawn": 1
            }
          ]
        }
      },
      "m24_bullet_noscope": {
        "minecraft:spawn_entity": {
          "entities": [
            {
              "min_wait_time": 0,
              "max_wait_time": 0,
              "single_use": true,
              "spawn_entity": "addon:m24_bullet",
              "spawn_event": "shoot:noscope",
              "num_to_spawn": 1
            }
          ]
        }
      },
      "as_val_bullet_scope": {
        "minecraft:spawn_entity": {
          "entities": [
            {
              "min_wait_time": 0,
              "max_wait_time": 0,
              "single_use": true,
              "spawn_entity": "addon:as_val_bullet",
              "spawn_event": "shoot:scope",
              "num_to_spawn": 1
            }
          ]
        }
      },
      "as_val_bullet_noscope": {
        "minecraft:spawn_entity": {
          "entities": [
            {
              "min_wait_time": 0,
              "max_wait_time": 0,
              "single_use": true,
              "spawn_entity": "addon:as_val_bullet",
              "spawn_event": "shoot:noscope",
              "num_to_spawn": 1
            }
          ]
        }
      },
      "m1911_bullet_scope": {
        "minecraft:spawn_entity": {
          "entities": [
            {
              "min_wait_time": 0,
              "max_wait_time": 0,
              "single_use": true,
              "spawn_entity": "addon:m1911_bullet",
              "spawn_event": "shoot:scope",
              "num_to_spawn": 1
            }
          ]
        }
      },
      "m1911_bullet_noscope": {
        "minecraft:spawn_entity": {
          "entities": [
            {
              "min_wait_time": 0,
              "max_wait_time": 0,
              "single_use": true,
              "spawn_entity": "addon:m1911_bullet",
              "spawn_event": "shoot:noscope",
              "num_to_spawn": 1
            }
          ]
        }
      },
      "vector_bullet_scope": {
        "minecraft:spawn_entity": {
          "entities": [
            {
              "min_wait_time": 0,
              "max_wait_time": 0,
              "single_use": true,
              "spawn_entity": "addon:vector_bullet",
              "spawn_event": "shoot:scope",
              "num_to_spawn": 1
            }
          ]
        }
      },
      "vector_bullet_noscope": {
        "minecraft:spawn_entity": {
          "entities": [
            {
              "min_wait_time": 0,
              "max_wait_time": 0,
              "single_use": true,
              "spawn_entity": "addon:vector_bullet",
              "spawn_event": "shoot:noscope",
              "num_to_spawn": 1
            }
          ]
        }
      },
      "ump45_bullet_scope": {
        "minecraft:spawn_entity": {
          "entities": [
            {
              "min_wait_time": 0,
              "max_wait_time": 0,
              "single_use": true,
              "spawn_entity": "addon:ump45_bullet",
              "spawn_event": "shoot:scope",
              "num_to_spawn": 1
            }
          ]
        }
      },
      "ump45_bullet_noscope": {
        "minecraft:spawn_entity": {
          "entities": [
            {
              "min_wait_time": 0,
              "max_wait_time": 0,
              "single_use": true,
              "spawn_entity": "addon:ump45_bullet",
              "spawn_event": "shoot:noscope",
              "num_to_spawn": 1
            }
          ]
        }
      },
      "aa12_bullet_scope": {
        "minecraft:spawn_entity": {
          "entities": [
            {
              "min_wait_time": 0,
              "max_wait_time": 0,
              "single_use": true,
              "spawn_entity": "addon:aa12_bullet",
              "spawn_event": "shoot:scope",
              "num_to_spawn": 5
            }
          ]
        }
      },
      "aa12_bullet_noscope": {
        "minecraft:spawn_entity": {
          "entities": [
            {
              "min_wait_time": 0,
              "max_wait_time": 0,
              "single_use": true,
              "spawn_entity": "addon:aa12_bullet",
              "spawn_event": "shoot:noscope",
              "num_to_spawn": 5
            }
          ]
        }
      },
      "bm3_bullet_scope": {
        "minecraft:spawn_entity": {
          "entities": [
            {
              "min_wait_time": 0,
              "max_wait_time": 0,
              "single_use": true,
              "spawn_entity": "addon:bm3_bullet",
              "spawn_event": "shoot:scope",
              "num_to_spawn": 8
            }
          ]
        }
      },
      "bm3_bullet_noscope": {
        "minecraft:spawn_entity": {
          "entities": [
            {
              "min_wait_time": 0,
              "max_wait_time": 0,
              "single_use": true,
              "spawn_entity": "addon:bm3_bullet",
              "spawn_event": "shoot:noscope",
              "num_to_spawn": 8
            }
          ]
        }
      },
      "spas12_bullet_scope": {
        "minecraft:spawn_entity": {
          "entities": [
            {
              "min_wait_time": 0,
              "max_wait_time": 0,
              "single_use": true,
              "spawn_entity": "addon:spas12_bullet",
              "spawn_event": "shoot:scope",
              "num_to_spawn": 8
            }
          ]
        }
      },
      "spas12_bullet_noscope": {
        "minecraft:spawn_entity": {
          "entities": [
            {
              "min_wait_time": 0,
              "max_wait_time": 0,
              "single_use": true,
              "spawn_entity": "addon:spas12_bullet",
              "spawn_event": "shoot:noscope",
              "num_to_spawn": 8
            }
          ]
        }
      },
      "thompson_bullet_scope": {
        "minecraft:spawn_entity": {
          "entities": [
            {
              "min_wait_time": 0,
              "max_wait_time": 0,
              "single_use": true,
              "spawn_entity": "addon:thompson_bullet",
              "spawn_event": "shoot:scope",
              "num_to_spawn": 1
            }
          ]
        }
      },
      "thompson_bullet_noscope": {
        "minecraft:spawn_entity": {
          "entities": [
            {
              "min_wait_time": 0,
              "max_wait_time": 0,
              "single_use": true,
              "spawn_entity": "addon:thompson_bullet",
              "spawn_event": "shoot:noscope",
              "num_to_spawn": 1
            }
          ]
        }
      }
		},
		"components": {
			"minecraft:type_family": {
				"family": [
					"player"
				]
			},
			"minecraft:loot": {
				"table": "loot_tables/empty.json"
			},
			"minecraft:collision_box": {
				"width": 0.6,
				"height": 1.8
			},
			"minecraft:can_climb": {},
			"minecraft:movement": {
				"value": 0.1
			},
			"minecraft:environment_sensor": [
				{
					"on_environment": {
						"filters": {
							"any_of": [
								{
									"test": "is_family",
									"subject": "self",
									"value": "player"
								}
							]
						},
						"event": "mage:reset_player"
					}
				},
                {
            "filters": {
              "all_of": [
                { "test": "is_sneaking", "subject": "self", "value": true },
                {
                "any_of": [
                { "test": "has_equipment", "subject": "self", "domain": "hand", "value": "addon:type100" },
                { "test": "has_equipment", "subject": "self", "domain": "hand", "value": "addon:type100_empty" },
                { "test": "has_equipment", "subject": "self", "domain": "hand", "value": "addon:m4" },
                { "test": "has_equipment", "subject": "self", "domain": "hand", "value": "addon:m4_empty" },
                { "test": "has_equipment", "subject": "self", "domain": "hand", "value": "addon:m4a1" },
                { "test": "has_equipment", "subject": "self", "domain": "hand", "value": "addon:m4a1_empty" },
                { "test": "has_equipment", "subject": "self", "domain": "hand", "value": "addon:hk417" },
                { "test": "has_equipment", "subject": "self", "domain": "hand", "value": "addon:hk417_empty" },
                { "test": "has_equipment", "subject": "self", "domain": "hand", "value": "addon:hbdgr" },
                { "test": "has_equipment", "subject": "self", "domain": "hand", "value": "addon:hbdgr_empty" },
                { "test": "has_equipment", "subject": "self", "domain": "hand", "value": "addon:ak12" },
                { "test": "has_equipment", "subject": "self", "domain": "hand", "value": "addon:ak12_empty" },
                { "test": "has_equipment", "subject": "self", "domain": "hand", "value": "addon:akm" },
                { "test": "has_equipment", "subject": "self", "domain": "hand", "value": "addon:akm_empty" },
                { "test": "has_equipment", "subject": "self", "domain": "hand", "value": "addon:mp5k" },
                { "test": "has_equipment", "subject": "self", "domain": "hand", "value": "addon:mp5k_empty" },
                { "test": "has_equipment", "subject": "self", "domain": "hand", "value": "addon:m16a1" },
                { "test": "has_equipment", "subject": "self", "domain": "hand", "value": "addon:m16a1_empty" },
                { "test": "has_equipment", "subject": "self", "domain": "hand", "value": "addon:scar" },
                { "test": "has_equipment", "subject": "self", "domain": "hand", "value": "addon:scar_empty" },
                { "test": "has_equipment", "subject": "self", "domain": "hand", "value": "addon:glock19" },
                { "test": "has_equipment", "subject": "self", "domain": "hand", "value": "addon:glock19_empty" },
                { "test": "has_equipment", "subject": "self", "domain": "hand", "value": "addon:as_val" },
                { "test": "has_equipment", "subject": "self", "domain": "hand", "value": "addon:as_val_empty" },
                { "test": "has_equipment", "subject": "self", "domain": "hand", "value": "addon:m1911" },
                { "test": "has_equipment", "subject": "self", "domain": "hand", "value": "addon:m1911_empty" },
                { "test": "has_equipment", "subject": "self", "domain": "hand", "value": "addon:spas12" },
                { "test": "has_equipment", "subject": "self", "domain": "hand", "value": "addon:spas12_empty" },
                { "test": "has_equipment", "subject": "self", "domain": "hand", "value": "addon:bm3" },
                { "test": "has_equipment", "subject": "self", "domain": "hand", "value": "addon:bm3_empty" },
                { "test": "has_equipment", "subject": "self", "domain": "hand", "value": "addon:thompson" },
                { "test": "has_equipment", "subject": "self", "domain": "hand", "value": "addon:thompson_empty" },
                { "test": "has_equipment", "subject": "self", "domain": "hand", "value": "addon:m14" },
                { "test": "has_equipment", "subject": "self", "domain": "hand", "value": "addon:m14_empty" },
                { "test": "has_equipment", "subject": "self", "domain": "hand", "value": "addon:ump45" },
                { "test": "has_equipment", "subject": "self", "domain": "hand", "value": "addon:ump45_empty" },
                { "test": "has_equipment", "subject": "self", "domain": "hand", "value": "addon:vector" },
                { "test": "has_equipment", "subject": "self", "domain": "hand", "value": "addon:vector_empty" },
                { "test": "has_equipment", "subject": "self", "domain": "hand", "value": "addon:aa12" },
                { "test": "has_equipment", "subject": "self", "domain": "hand", "value": "addon:aa12_empty" },
                { "test": "has_equipment", "subject": "self", "domain": "hand", "value": "addon:m42" },
                { "test": "has_equipment", "subject": "self", "domain": "hand", "value": "addon:m42_empty" },
                { "test": "has_equipment", "subject": "self", "domain": "hand", "value": "addon:glock53" },
                { "test": "has_equipment", "subject": "self", "domain": "hand", "value": "addon:glock53_empty" },
                { "test": "has_equipment", "subject": "self", "domain": "hand", "value": "addon:vec35" },
                { "test": "has_equipment", "subject": "self", "domain": "hand", "value": "addon:vec35_empty" },
                { "test": "has_equipment", "subject": "self", "domain": "hand", "value": "addon:ak37" },
                { "test": "has_equipment", "subject": "self", "domain": "hand", "value": "addon:ak37_empty" },
                { "test": "has_equipment", "subject": "self", "domain": "hand", "value": "addon:ppsh41" },
                { "test": "has_equipment", "subject": "self", "domain": "hand", "value": "addon:ppsh41_empty" },
                { "test": "has_equipment", "subject": "self", "domain": "hand", "value": "addon:aks74u" },
                { "test": "has_equipment", "subject": "self", "domain": "hand", "value": "addon:aks74u_empty" },
                { "test": "has_equipment", "subject": "self", "domain": "hand", "value": "addon:sten" },
                { "test": "has_equipment", "subject": "self", "domain": "hand", "value": "addon:sten_empty" }
                  ]
                }
              ]
            },
            "event": "default:scope"
          },
                {
            "filters": {
              "all_of": [
                { "test": "is_sneaking", "subject": "self", "value": true },
                {
                "any_of": [
                { "test": "has_equipment", "subject": "self", "domain": "hand", "value": "addon:m24" },
                { "test": "has_equipment", "subject": "self", "domain": "hand", "value": "addon:m24_empty" },
                { "test": "has_equipment", "subject": "self", "domain": "hand", "value": "addon:m1" },
                { "test": "has_equipment", "subject": "self", "domain": "hand", "value": "addon:m1_empty" },
                { "test": "has_equipment", "subject": "self", "domain": "hand", "value": "addon:m110_sass" },
                { "test": "has_equipment", "subject": "self", "domain": "hand", "value": "addon:m110_sass_empty" },
                { "test": "has_equipment", "subject": "self", "domain": "hand", "value": "addon:intervention" },
                { "test": "has_equipment", "subject": "self", "domain": "hand", "value": "addon:intervention_empty" }
                  ]
                }
              ]
            },
            "event": "sniper:scope"
          }
			],
			"minecraft:player.saturation": {
				"value": 20
			},
			"minecraft:player.exhaustion": {
				"value": 0,
				"max": 4
			},
			"minecraft:player.level": {
				"value": 0,
				"max": 24791
			},
			"minecraft:player.experience": {
				"value": 0,
				"max": 1
			},
			"minecraft:breathable": {
				"totalSupply": 15,
				"suffocateTime": -1,
				"inhaleTime": 3.75,
				"generatesBubbles": false
			},
			"minecraft:nameable": {
				"alwaysShow": true,
				"allowNameTagRenaming": false
			},
			"minecraft:physics": {},
			"minecraft:insomnia": {
				"days_until_insomnia": 3
			},
			"minecraft:rideable": {
				"seat_count": 2,
				"family_types": [
					"parrot_tame"
				],
				"pull_in_entities": true,
				"seats": [
					{
						"position": [
							0.4,
							-0.15,
							0.04
						],
						"min_rider_count": 0,
						"max_rider_count": 0,
						"lock_rider_rotation": 0
					},
					{
						"position": [
							-0.4,
							-0.15,
							0.04
						],
						"min_rider_count": 1,
						"max_rider_count": 2,
						"lock_rider_rotation": 0
					}
				]
			},
			"minecraft:scaffolding_climber": {}
		},
		"events": {
			"m110_sass_bullet_scope": {
				"add": {
					"component_groups": [
						"m110_sass_bullet_scope"
					]
				}
			},
			"m110_sass_bullet_noscope": {
				"add": {
					"component_groups": [
						"m110_sass_bullet_noscope"
					]
				}
			},
			"aks74u_bullet_scope": {
				"add": {
					"component_groups": [
						"aks74u_bullet_scope"
					]
				}
			},
			"aks74u_bullet_noscope": {
				"add": {
					"component_groups": [
						"aks74u_bullet_noscope"
					]
				}
			},
			"sten_bullet_scope": {
				"add": {
					"component_groups": [
						"sten_bullet_scope"
					]
				}
			},
			"sten_bullet_noscope": {
				"add": {
					"component_groups": [
						"sten_bullet_noscope"
					]
				}
			},
			"m14_bullet_scope": {
				"add": {
					"component_groups": [
						"m14_bullet_scope"
					]
				}
			},
			"m14_bullet_noscope": {
				"add": {
					"component_groups": [
						"m14_bullet_noscope"
					]
				}
			},
			"m1_bullet_scope": {
				"add": {
					"component_groups": [
						"m1_bullet_scope"
					]
				}
			},
			"m1_bullet_noscope": {
				"add": {
					"component_groups": [
						"m1_bullet_noscope"
					]
				}
			},
			"type100_bullet_scope": {
				"add": {
					"component_groups": [
						"type100_bullet_scope"
					]
				}
			},
			"type100_bullet_noscope": {
				"add": {
					"component_groups": [
						"type100_bullet_noscope"
					]
				}
			},
			"intervention_bullet_scope": {
				"add": {
					"component_groups": [
						"intervention_bullet_scope"
					]
				}
			},
			"intervention_bullet_noscope": {
				"add": {
					"component_groups": [
						"intervention_bullet_noscope"
					]
				}
			},
			"m4_bullet_scope": {
				"add": {
					"component_groups": [
						"m4_bullet_scope"
					]
				}
			},
			"m4_bullet_noscope": {
				"add": {
					"component_groups": [
						"m4_bullet_noscope"
					]
				}
			},
			"m4a1_bullet_scope": {
				"add": {
					"component_groups": [
						"m4a1_bullet_scope"
					]
				}
			},
			"m4a1_bullet_noscope": {
				"add": {
					"component_groups": [
						"m4a1_bullet_noscope"
					]
				}
			},
			"hbdgr_bullet_scope": {
				"add": {
					"component_groups": [
						"hbdgr_bullet_scope"
					]
				}
			},
			"hbdgr_bullet_noscope": {
				"add": {
					"component_groups": [
						"hbdgr_bullet_noscope"
					]
				}
			},
			"hk417_bullet_scope": {
				"add": {
					"component_groups": [
						"hk417_bullet_scope"
					]
				}
			},
			"hk417_bullet_noscope": {
				"add": {
					"component_groups": [
						"hk417_bullet_noscope"
					]
				}
			},
			"ppsh41_bullet_scope": {
				"add": {
					"component_groups": [
						"ppsh41_bullet_scope"
					]
				}
			},
			"ppsh41_bullet_noscope": {
				"add": {
					"component_groups": [
						"ppsh41_bullet_noscope"
					]
				}
			},
			"m16a1_bullet_scope": {
				"add": {
					"component_groups": [
						"m16a1_bullet_scope"
					]
				}
			},
			"m16a1_bullet_noscope": {
				"add": {
					"component_groups": [
						"m16a1_bullet_noscope"
					]
				}
			},
			"ak37_bullet_scope": {
				"add": {
					"component_groups": [
						"ak37_bullet_scope"
					]
				}
			},
			"ak37_bullet_noscope": {
				"add": {
					"component_groups": [
						"ak37_bullet_noscope"
					]
				}
			},
			"vec35_bullet_scope": {
				"add": {
					"component_groups": [
						"vec35_bullet_scope"
					]
				}
			},
			"vec35_bullet_noscope": {
				"add": {
					"component_groups": [
						"vec35_bullet_noscope"
					]
				}
			},
			"glock19_bullet_scope": {
				"add": {
					"component_groups": [
						"glock19_bullet_scope"
					]
				}
			},
			"glock19_bullet_noscope": {
				"add": {
					"component_groups": [
						"glock19_bullet_noscope"
					]
				}
			},
			"glock53_bullet_scope": {
				"add": {
					"component_groups": [
						"glock53_bullet_scope"
					]
				}
			},
			"glock53_bullet_noscope": {
				"add": {
					"component_groups": [
						"glock53_bullet_noscope"
					]
				}
			},
			"mp5k_bullet_scope": {
				"add": {
					"component_groups": [
						"mp5k_bullet_scope"
					]
				}
			},
			"mp5k_bullet_noscope": {
				"add": {
					"component_groups": [
						"mp5k_bullet_noscope"
					]
				}
			},
			"m42_bullet_scope": {
				"add": {
					"component_groups": [
						"m42_bullet_scope"
					]
				}
			},
			"m42_bullet_noscope": {
				"add": {
					"component_groups": [
						"m42_bullet_noscope"
					]
				}
			},
			"scar_bullet_scope": {
				"add": {
					"component_groups": [
						"scar_bullet_scope"
					]
				}
			},
			"scar_bullet_noscope": {
				"add": {
					"component_groups": [
						"scar_bullet_noscope"
					]
				}
			},
			"ak12_bullet_scope": {
				"add": {
					"component_groups": [
						"ak12_bullet_scope"
					]
				}
			},
			"ak12_bullet_noscope": {
				"add": {
					"component_groups": [
						"ak12_bullet_noscope"
					]
				}
			},
			"akm_bullet_scope": {
				"add": {
					"component_groups": [
						"akm_bullet_scope"
					]
				}
			},
			"akm_bullet_noscope": {
				"add": {
					"component_groups": [
						"akm_bullet_noscope"
					]
				}
			},
			"m24_bullet_scope": {
				"add": {
					"component_groups": [
						"m24_bullet_scope"
					]
				}
			},
			"m24_bullet_noscope": {
				"add": {
					"component_groups": [
						"m24_bullet_noscope"
					]
				}
			},
			"as_val_bullet_scope": {
				"add": {
					"component_groups": [
						"as_val_bullet_scope"
					]
				}
			},
			"as_val_bullet_noscope": {
				"add": {
					"component_groups": [
						"as_val_bullet_noscope"
					]
				}
			},
			"m1911_bullet_scope": {
				"add": {
					"component_groups": [
						"m1911_bullet_scope"
					]
				}
			},
			"m1911_bullet_noscope": {
				"add": {
					"component_groups": [
						"m1911_bullet_noscope"
					]
				}
			},
			"bm3_bullet_scope": {
				"add": {
					"component_groups": [
						"bm3_bullet_scope"
					]
				}
			},
			"bm3_bullet_noscope": {
				"add": {
					"component_groups": [
						"bm3_bullet_noscope"
					]
				}
			},
			"spas12_bullet_scope": {
				"add": {
					"component_groups": [
						"spas12_bullet_scope"
					]
				}
			},
			"spas12_bullet_noscope": {
				"add": {
					"component_groups": [
						"spas12_bullet_noscope"
					]
				}
			},
			"thompson_bullet_scope": {
				"add": {
					"component_groups": [
						"thompson_bullet_scope"
					]
				}
			},
			"thompson_bullet_noscope": {
				"add": {
					"component_groups": [
						"thompson_bullet_noscope"
					]
				}
			},
			"aa12_bullet_scope": {
				"add": {
					"component_groups": [
						"aa12_bullet_scope"
					]
				}
			},
			"aa12_bullet_noscope": {
				"add": {
					"component_groups": [
						"aa12_bullet_noscope"
					]
				}
			},
			"ump45_bullet_scope": {
				"add": {
					"component_groups": [
						"ump45_bullet_scope"
					]
				}
			},
			"ump45_bullet_noscope": {
				"add": {
					"component_groups": [
						"ump45_bullet_noscope"
					]
				}
			},
			"vector_bullet_scope": {
				"add": {
					"component_groups": [
						"vector_bullet_scope"
					]
				}
			},
			"vector_bullet_noscope": {
				"add": {
					"component_groups": [
						"vector_bullet_noscope"
					]
				}
			},
			"he_grenade": {
				"add": {
					"component_groups": [
						"he_grenade"
					]
				}
			},
			"flash_grenade": {
				"add": {
					"component_groups": [
						"flash_grenade"
					]
				}
			},
			"default:scope": {
				"add": {
					"component_groups": [
						"default:scope"
					]
				}
			},
			"sniper:scope": {
				"add": {
					"component_groups": [
						"sniper:scope"
					]
				}
			},
			"mage:reset_player": {
				"add": {
					"component_groups": [
						"mage:standard_player"
					]
				},
				"remove": {
					"component_groups": [
					    "default:scope",
					    "sniper:scope"
				    ]
				}
			},
			"minecraft:entity_spawned": {
				"add": {
					"component_groups": [
						"mage:standard_player"
					]
				}
			}
		}
	}
}