{"geometry.chicken":{"visible_bounds_width":1.5,"visible_bounds_height":1.5,"visible_bounds_offset":[0,0.5,0],"texturewidth":64,"textureheight":32,"bones":[{"name":"head","pivot":[0,9,-4],"rotation":[0,0,0],"cubes":[{"origin":[-2,9,-6],"size":[4,6,3],"uv":[0,0]}]},{"name":"beak","pivot":[0,9,-4],"rotation":[0,0,0],"cubes":[{"origin":[-2,11,-8],"size":[4,2,2],"uv":[14,0]}]},{"name":"comb","pivot":[0,9,-4],"rotation":[0,0,0],"cubes":[{"origin":[-1,9,-7],"size":[2,2,2],"uv":[14,4]}]},{"name":"body","pivot":[0,8,0],"rotation":[0,0,0],"cubes":[{"origin":[-3,4,-3],"size":[6,8,6],"uv":[0,9]}]},{"name":"leg0","pivot":[-2,5,1],"rotation":[0,0,0],"cubes":[{"origin":[-3,0,-2],"size":[3,5,3],"uv":[26,0]}]},{"name":"leg1","pivot":[1,5,1],"rotation":[0,0,0],"cubes":[{"origin":[0,0,-2],"size":[3,5,3],"uv":[26,0]}]},{"name":"wing0","pivot":[-3,11,0],"rotation":[0,0,0],"cubes":[{"origin":[-4,7,-3],"size":[1,4,6],"uv":[24,13]}]},{"name":"wing1","pivot":[3,11,0],"rotation":[0,0,0],"cubes":[{"origin":[3,7,-3],"size":[1,4,6],"uv":[24,13]}]}]},"geometry.blaze":{"visible_bounds_width":1.5,"visible_bounds_height":2,"visible_bounds_offset":[0,1,0],"texturewidth":64,"textureheight":32,"bones":[{"name":"upperBodyParts0","pivot":[0,24,0],"rotation":[0,0,0],"cubes":[{"origin":[0,16,0],"size":[2,8,2],"uv":[0,16]}]},{"name":"upperBodyParts1","pivot":[0,24,0],"rotation":[0,0,0],"cubes":[{"origin":[0,16,0],"size":[2,8,2],"uv":[0,16]}]},{"name":"upperBodyParts2","pivot":[0,24,0],"rotation":[0,0,0],"cubes":[{"origin":[0,16,0],"size":[2,8,2],"uv":[0,16]}]},{"name":"upperBodyParts3","pivot":[0,24,0],"rotation":[0,0,0],"cubes":[{"origin":[0,16,0],"size":[2,8,2],"uv":[0,16]}]},{"name":"upperBodyParts4","pivot":[0,24,0],"rotation":[0,0,0],"cubes":[{"origin":[0,16,0],"size":[2,8,2],"uv":[0,16]}]},{"name":"upperBodyParts5","pivot":[0,24,0],"rotation":[0,0,0],"cubes":[{"origin":[0,16,0],"size":[2,8,2],"uv":[0,16]}]},{"name":"upperBodyParts6","pivot":[0,24,0],"rotation":[0,0,0],"cubes":[{"origin":[0,16,0],"size":[2,8,2],"uv":[0,16]}]},{"name":"upperBodyParts7","pivot":[0,24,0],"rotation":[0,0,0],"cubes":[{"origin":[0,16,0],"size":[2,8,2],"uv":[0,16]}]},{"name":"upperBodyParts8","pivot":[0,24,0],"rotation":[0,0,0],"cubes":[{"origin":[0,16,0],"size":[2,8,2],"uv":[0,16]}]},{"name":"upperBodyParts9","pivot":[0,24,0],"rotation":[0,0,0],"cubes":[{"origin":[0,16,0],"size":[2,8,2],"uv":[0,16]}]},{"name":"upperBodyParts10","pivot":[0,24,0],"rotation":[0,0,0],"cubes":[{"origin":[0,16,0],"size":[2,8,2],"uv":[0,16]}]},{"name":"upperBodyParts11","pivot":[0,24,0],"rotation":[0,0,0],"cubes":[{"origin":[0,16,0],"size":[2,8,2],"uv":[0,16]}]},{"name":"head","pivot":[0,24,0],"rotation":[0,0,0],"cubes":[{"origin":[-4,20,-4],"size":[8,8,8],"uv":[0,0]}]}]},"geometry.llamaspit":{"visible_bounds_width":1,"visible_bounds_height":1,"visible_bounds_offset":[0,0.5,0],"texturewidth":64,"textureheight":64,"bones":[{"name":"body","pivot":[0,24,0],"rotation":[0,0,0],"cubes":[{"origin":[-4,22,0],"size":[2,2,2],"uv":[0,0]},{"origin":[0,26,0],"size":[2,2,2],"uv":[0,0]},{"origin":[0,22,-4],"size":[2,2,2],"uv":[0,0]},{"origin":[0,22,0],"size":[2,2,2],"uv":[0,0]},{"origin":[2,22,0],"size":[2,2,2],"uv":[0,0]},{"origin":[0,20,0],"size":[2,2,2],"uv":[0,0]},{"origin":[0,22,2],"size":[2,2,2],"uv":[0,0]}]}]},"geometry.llama":{"visible_bounds_width":2,"visible_bounds_height":2.5,"visible_bounds_offset":[0,1,0],"texturewidth":128,"textureheight":64,"bones":[{"name":"head","pivot":[0,17,-6],"rotation":[0,0,0],"cubes":[{"origin":[-2,27,-16],"size":[4,4,9],"uv":[0,0]},{"origin":[-4,15,-12],"size":[8,18,6],"uv":[0,14]},{"origin":[-4,33,-10],"size":[3,3,2],"uv":[17,0]},{"origin":[1,33,-10],"size":[3,3,2],"uv":[17,0]}]},{"name":"chest1","pivot":[-8.5,21,3],"rotation":[0,90,0],"cubes":[{"origin":[-11.5,13,3],"size":[8,8,3],"uv":[45,28]}]},{"name":"chest2","pivot":[5.5,21,3],"rotation":[0,90,0],"cubes":[{"origin":[2.5,13,3],"size":[8,8,3],"uv":[45,41]}]},{"name":"body","pivot":[0,19,2],"rotation":[0,0,0],"cubes":[{"origin":[-6,11,-5],"size":[12,18,10],"uv":[29,0]}]},{"name":"leg0","pivot":[-3.5,14,6],"rotation":[0,0,0],"cubes":[{"origin":[-5.5,0,4],"size":[4,14,4],"uv":[29,29]}]},{"name":"leg1","pivot":[3.5,14,6],"rotation":[0,0,0],"cubes":[{"origin":[1.5,0,4],"size":[4,14,4],"uv":[29,29]}]},{"name":"leg2","pivot":[-3.5,14,-5],"rotation":[0,0,0],"cubes":[{"origin":[-5.5,0,-7],"size":[4,14,4],"uv":[29,29]}]},{"name":"leg3","pivot":[3.5,14,-5],"rotation":[0,0,0],"cubes":[{"origin":[1.5,0,-7],"size":[4,14,4],"uv":[29,29]}]}]},"geometry.dragon":{"visible_bounds_width":14,"visible_bounds_height":13,"visible_bounds_offset":[0,2,0],"texturewidth":256,"textureheight":256,"bones":[{"name":"head","pivot":[0,24,0],"rotation":[0,0,0],"cubes":[{"origin":[-6,20,-24],"size":[12,5,16],"uv":[176,44]},{"origin":[-8,16,-10],"size":[16,16,16],"uv":[112,30]},{"mirror":true,"origin":[-5,32,-4],"size":[2,4,6],"uv":[0,0]},{"mirror":true,"origin":[-5,25,-22],"size":[2,2,4],"uv":[112,0]},{"origin":[3,32,-4],"size":[2,4,6],"uv":[0,0]},{"origin":[3,25,-22],"size":[2,2,4],"uv":[112,0]}]},{"name":"jaw","pivot":[0,20,-8],"rotation":[0,0,0],"cubes":[{"origin":[-6,16,-24],"size":[12,4,16],"uv":[176,65]}]},{"name":"neck","pivot":[0,24,0],"rotation":[0,0,0],"cubes":[{"origin":[-5,19,-5],"size":[10,10,10],"uv":[192,104]},{"origin":[-1,29,-3],"size":[2,4,6],"uv":[48,0]}]},{"name":"body","pivot":[0,20,8],"rotation":[0,0,0],"cubes":[{"origin":[-12,-4,-8],"size":[24,24,64],"uv":[0,0]},{"origin":[-1,20,-2],"size":[2,6,12],"uv":[220,53]},{"origin":[-1,20,18],"size":[2,6,12],"uv":[220,53]},{"origin":[-1,20,38],"size":[2,6,12],"uv":[220,53]}]},{"name":"wing","pivot":[-12,19,2],"rotation":[0,0,0],"cubes":[{"origin":[-68,15,-2],"size":[56,8,8],"uv":[112,88]},{"origin":[-68,19,4],"size":[56,0,56],"uv":[-56,88]}]},{"name":"wingtip","pivot":[-56,24,0],"rotation":[0,0,0],"cubes":[{"origin":[-112,22,-2],"size":[56,4,4],"uv":[112,136]},{"origin":[-112,24,2],"size":[56,0,56],"uv":[-56,144]}]},{"name":"wing1","pivot":[12,19,2],"rotation":[0,0,0],"cubes":[{"origin":[-44,15,-2],"size":[56,8,8],"uv":[112,88]},{"origin":[-44,19,4],"size":[56,0,56],"uv":[-56,88]}]},{"name":"wingtip1","pivot":[-56,24,0],"rotation":[0,0,0],"cubes":[{"origin":[-112,22,-2],"size":[56,4,4],"uv":[112,136]},{"origin":[-112,24,2],"size":[56,0,56],"uv":[-56,144]}]},{"name":"rearleg","pivot":[-16,8,42],"rotation":[0,0,0],"cubes":[{"origin":[-24,-20,34],"size":[16,32,16],"uv":[0,0]}]},{"name":"rearleg1","pivot":[16,8,42],"rotation":[0,0,0],"cubes":[{"origin":[8,-20,34],"size":[16,32,16],"uv":[0,0]}]},{"name":"frontleg","pivot":[-12,4,2],"rotation":[0,0,0],"cubes":[{"origin":[-16,-16,-2],"size":[8,24,8],"uv":[112,104]}]},{"name":"frontleg1","pivot":[12,4,2],"rotation":[0,0,0],"cubes":[{"origin":[8,-16,-2],"size":[8,24,8],"uv":[112,104]}]},{"name":"rearlegtip","pivot":[0,-8,-4],"rotation":[0,0,0],"cubes":[{"origin":[-6,-38,-4],"size":[12,32,12],"uv":[196,0]}]},{"name":"rearlegtip1","pivot":[0,-8,-4],"rotation":[0,0,0],"cubes":[{"origin":[-6,-38,-4],"size":[12,32,12],"uv":[196,0]}]},{"name":"frontlegtip","pivot":[0,4,-1],"rotation":[0,0,0],"cubes":[{"origin":[-3,-19,-4],"size":[6,24,6],"uv":[226,138]}]},{"name":"frontlegtip1","pivot":[0,4,-1],"rotation":[0,0,0],"cubes":[{"origin":[-3,-19,-4],"size":[6,24,6],"uv":[226,138]}]},{"name":"rearfoot","pivot":[0,-7,4],"rotation":[0,0,0],"cubes":[{"origin":[-9,-13,-16],"size":[18,6,24],"uv":[112,0]}]},{"name":"rearfoot1","pivot":[0,-7,4],"rotation":[0,0,0],"cubes":[{"origin":[-9,-13,-16],"size":[18,6,24],"uv":[112,0]}]},{"name":"frontfoot","pivot":[0,1,0],"rotation":[0,0,0],"cubes":[{"origin":[-4,-3,-12],"size":[8,4,16],"uv":[144,104]}]},{"name":"frontfoot1","pivot":[0,1,0],"rotation":[0,0,0],"cubes":[{"origin":[-4,-3,-12],"size":[8,4,16],"uv":[144,104]}]}]},"geometry.ghast":{"visible_bounds_width":6,"visible_bounds_height":9,"visible_bounds_offset":[0,4.5,0],"texturewidth":64,"textureheight":32,"bones":[{"name":"tentacles_0","pivot":[-3.8,1,-5],"rotation":[0,0,0],"cubes":[{"origin":[-4.8,-8,-6],"size":[2,9,2],"uv":[0,0]}]},{"name":"tentacles_1","pivot":[1.3,1,-5],"rotation":[0,0,0],"cubes":[{"origin":[0.3,-10,-6],"size":[2,11,2],"uv":[0,0]}]},{"name":"tentacles_2","pivot":[6.3,1,-5],"rotation":[0,0,0],"cubes":[{"origin":[5.3,-7,-6],"size":[2,8,2],"uv":[0,0]}]},{"name":"tentacles_3","pivot":[-6.3,1,0],"rotation":[0,0,0],"cubes":[{"origin":[-7.3,-8,-1],"size":[2,9,2],"uv":[0,0]}]},{"name":"tentacles_4","pivot":[-1.3,1,0],"rotation":[0,0,0],"cubes":[{"origin":[-2.3,-12,-1],"size":[2,13,2],"uv":[0,0]}]},{"name":"tentacles_5","pivot":[3.8,1,0],"rotation":[0,0,0],"cubes":[{"origin":[2.8,-10,-1],"size":[2,11,2],"uv":[0,0]}]},{"name":"tentacles_6","pivot":[-3.8,1,5],"rotation":[0,0,0],"cubes":[{"origin":[-4.8,-11,4],"size":[2,12,2],"uv":[0,0]}]},{"name":"tentacles_7","pivot":[1.3,1,5],"rotation":[0,0,0],"cubes":[{"origin":[0.3,-11,4],"size":[2,12,2],"uv":[0,0]}]},{"name":"tentacles_8","pivot":[6.3,1,5],"rotation":[0,0,0],"cubes":[{"origin":[5.3,-12,4],"size":[2,13,2],"uv":[0,0]}]},{"name":"body","pivot":[0,8,0],"rotation":[0,0,0],"cubes":[{"origin":[-8,0,-8],"size":[16,16,16],"uv":[0,0]}]}]},"geometry.slime":{"visible_bounds_width":5,"visible_bounds_height":2,"visible_bounds_offset":[0,1,0],"texturewidth":64,"textureheight":32,"bones":[{"name":"cube","pivot":[0,24,0],"rotation":[0,0,0],"cubes":[{"origin":[-3,1,-3],"size":[6,6,6],"uv":[0,16]}]},{"name":"eye0","pivot":[0,24,0],"rotation":[0,0,0],"cubes":[{"origin":[-3.3,4,-3.5],"size":[2,2,2],"uv":[32,0]}]},{"name":"eye1","pivot":[0,24,0],"rotation":[0,0,0],"cubes":[{"origin":[1.3,4,-3.5],"size":[2,2,2],"uv":[32,4]}]},{"name":"mouth","pivot":[0,24,0],"rotation":[0,0,0],"cubes":[{"origin":[0,2,-3.5],"size":[1,1,1],"uv":[32,8]}]}]},"geometry.slime.armor":{"visible_bounds_width":1,"visible_bounds_height":1,"visible_bounds_offset":[0,0.5,0],"texturewidth":64,"textureheight":32,"bones":[{"name":"cube","pivot":[0,24,0],"rotation":[0,0,0],"cubes":[{"origin":[-4,0,-4],"size":[8,8,8],"uv":[0,0]}]},{"name":"eye0","pivot":[0,24,0],"rotation":[0,0,0],"cubes":[{"origin":[-3.3,4,-3.5],"size":[2,2,2],"uv":[32,0]}]},{"name":"eye1","pivot":[0,24,0],"rotation":[0,0,0],"cubes":[{"origin":[1.3,4,-3.5],"size":[2,2,2],"uv":[32,4]}]},{"name":"mouth","pivot":[0,24,0],"rotation":[0,0,0],"cubes":[{"origin":[0,2,-3.5],"size":[1,1,1],"uv":[32,8]}]}]},"geometry.lavaslime":{"visible_bounds_width":2.5,"visible_bounds_height":5,"visible_bounds_offset":[0,2.5,0],"texturewidth":64,"textureheight":32,"bones":[{"name":"bodyCube_0","pivot":[0,24,0],"rotation":[0,0,0],"cubes":[{"origin":[-4,7,-4],"size":[8,1,8],"uv":[0,0]}]},{"name":"bodyCube_1","pivot":[0,24,0],"rotation":[0,0,0],"cubes":[{"origin":[-4,6,-4],"size":[8,1,8],"uv":[0,1]}]},{"name":"bodyCube_2","pivot":[0,24,0],"rotation":[0,0,0],"cubes":[{"origin":[-4,5,-4],"size":[8,1,8],"uv":[24,10]}]},{"name":"bodyCube_3","pivot":[0,24,0],"rotation":[0,0,0],"cubes":[{"origin":[-4,4,-4],"size":[8,1,8],"uv":[24,19]}]},{"name":"bodyCube_4","pivot":[0,24,0],"rotation":[0,0,0],"cubes":[{"origin":[-4,3,-4],"size":[8,1,8],"uv":[0,4]}]},{"name":"bodyCube_5","pivot":[0,24,0],"rotation":[0,0,0],"cubes":[{"origin":[-4,2,-4],"size":[8,1,8],"uv":[0,5]}]},{"name":"bodyCube_6","pivot":[0,24,0],"rotation":[0,0,0],"cubes":[{"origin":[-4,1,-4],"size":[8,1,8],"uv":[0,6]}]},{"name":"bodyCube_7","pivot":[0,24,0],"rotation":[0,0,0],"cubes":[{"origin":[-4,0,-4],"size":[8,1,8],"uv":[0,7]}]},{"name":"insideCube","pivot":[0,24,0],"rotation":[0,0,0],"cubes":[{"origin":[-2,2,-2],"size":[4,4,4],"uv":[0,16]}]}]},"geometry.silverfish":{"visible_bounds_width":1.5,"visible_bounds_height":1,"visible_bounds_offset":[0,0.5,0],"texturewidth":64,"textureheight":32,"bones":[{"name":"bodyPart_0","pivot":[0,2,-3.5],"rotation":[0,0,0],"cubes":[{"origin":[-1.5,0,-4.5],"size":[3,2,2],"uv":[0,0]}]},{"name":"bodyPart_1","pivot":[0,3,-1.5],"rotation":[0,0,0],"cubes":[{"origin":[-2,0,-2.5],"size":[4,3,2],"uv":[0,4]}]},{"name":"bodyPart_2","pivot":[0,4,1],"rotation":[0,0,0],"cubes":[{"origin":[-3,0,-0.5],"size":[6,4,3],"uv":[0,9]}]},{"name":"bodyPart_3","pivot":[0,3,4],"rotation":[0,0,0],"cubes":[{"origin":[-1.5,0,2.5],"size":[3,3,3],"uv":[0,16]}]},{"name":"bodyPart_4","pivot":[0,2,7],"rotation":[0,0,0],"cubes":[{"origin":[-1,0,5.5],"size":[2,2,3],"uv":[0,22]}]},{"name":"bodyPart_5","pivot":[0,1,9.5],"rotation":[0,0,0],"cubes":[{"origin":[-1,0,8.5],"size":[2,1,2],"uv":[11,0]}]},{"name":"bodyPart_6","pivot":[0,1,11.5],"rotation":[0,0,0],"cubes":[{"origin":[-0.5,0,10.5],"size":[1,1,2],"uv":[13,4]}]},{"name":"bodyLayer_0","pivot":[0,8,1],"rotation":[0,0,0],"cubes":[{"origin":[-5,0,-0.5],"size":[10,8,3],"uv":[20,0]}]},{"name":"bodyLayer_1","pivot":[0,4,7],"rotation":[0,0,0],"cubes":[{"origin":[-3,0,5.5],"size":[6,4,3],"uv":[20,11]}]},{"name":"bodyLayer_2","pivot":[0,5,-1.5],"rotation":[0,0,0],"cubes":[{"origin":[-3,0,-3],"size":[6,5,2],"uv":[20,18]}]}]},"geometry.shulker":{"visible_bounds_width":3,"visible_bounds_height":3,"visible_bounds_offset":[0,0.5,0],"texturewidth":64,"textureheight":64,"bones":[{"name":"lid","pivot":[0,0,0],"rotation":[0,0,0],"cubes":[{"origin":[-8,4,-8],"size":[16,12,16],"uv":[0,0]}]},{"name":"base","pivot":[0,0,0],"rotation":[0,0,0],"cubes":[{"origin":[-8,0,-8],"size":[16,8,16],"uv":[0,28]}]},{"name":"head","pivot":[0,12,0],"rotation":[0,0,0],"cubes":[{"origin":[-3,6,-3],"size":[6,6,6],"uv":[0,52]}]}]},"geometry.rabbit":{"visible_bounds_width":1,"visible_bounds_height":1,"visible_bounds_offset":[0,0.5,0],"texturewidth":64,"textureheight":32,"bones":[{"name":"rearFootLeft","pivot":[3,6.5,3.7],"rotation":[0,0,0],"mirror":true,"cubes":[{"origin":[2,0,0],"size":[2,1,7],"uv":[8,24]}]},{"name":"rearFootRight","pivot":[-3,6.5,3.7],"rotation":[0,0,0],"mirror":true,"cubes":[{"origin":[-4,0,0],"size":[2,1,7],"uv":[26,24]}]},{"name":"haunchLeft","pivot":[3,6.5,3.7],"rotation":[-20,0,0],"mirror":true,"cubes":[{"origin":[2,2.5,3.7],"size":[2,4,5],"uv":[16,15]}]},{"name":"haunchRight","pivot":[-3,6.5,3.7],"rotation":[-20,0,0],"mirror":true,"cubes":[{"origin":[-4,2.5,3.7],"size":[2,4,5],"uv":[30,15]}]},{"name":"body","pivot":[0,5,8],"rotation":[-20,0,0],"mirror":true,"cubes":[{"origin":[-3,2,-2],"size":[6,5,10],"uv":[0,0]}]},{"name":"frontLegLeft","pivot":[3,7,-1],"rotation":[-10,0,0],"mirror":true,"cubes":[{"origin":[2,0,-2],"size":[2,7,2],"uv":[8,15]}]},{"name":"frontLegRight","pivot":[-3,7,-1],"rotation":[-10,0,0],"mirror":true,"cubes":[{"origin":[-4,0,-2],"size":[2,7,2],"uv":[0,15]}]},{"name":"head","pivot":[0,8,-1],"rotation":[0,0,0],"mirror":true,"cubes":[{"origin":[-2.5,8,-6],"size":[5,4,5],"uv":[32,0]}]},{"name":"earRight","pivot":[0,8,-1],"rotation":[0,-15,0],"mirror":true,"cubes":[{"origin":[-2.5,12,-2],"size":[2,5,1],"uv":[52,0]}]},{"name":"earLeft","pivot":[0,8,-1],"rotation":[0,15,0],"mirror":true,"cubes":[{"origin":[0.5,12,-2],"size":[2,5,1],"uv":[58,0]}]},{"name":"tail","pivot":[0,4,7],"rotation":[-20,0,0],"mirror":true,"cubes":[{"origin":[-1.5,2.5,7],"size":[3,3,2],"uv":[52,6]}]},{"name":"nose","pivot":[0,8,-1],"rotation":[0,0,0],"mirror":true,"cubes":[{"origin":[-0.5,9.5,-6.5],"size":[1,1,1],"uv":[32,9]}]}]},"geometry.horse.v2":{"visible_bounds_width":2,"visible_bounds_height":3,"visible_bounds_offset":[0,1,0],"bones":[{"pivot":[0,13,9],"rotation":[0,0,0],"cubes":[{"origin":[-5,11,-11],"size":[10,10,22],"uv":[0,32],"inflate":0,"mirror":false}],"META_BoneType":"base","name":"Body","parent":null},{"pivot":[0,20,11],"rotation":[30,0,0],"cubes":[{"origin":[-1.5,6,9],"size":[3,14,4],"uv":[42,36],"inflate":0,"mirror":false}],"META_BoneType":null,"name":"TailA","parent":null},{"pivot":[3,11,9],"rotation":[0,0,0],"cubes":[{"origin":[1,0,7],"size":[4,11,4],"uv":[48,21],"inflate":0,"mirror":true}],"META_BoneType":null,"name":"Leg1A","parent":null},{"pivot":[-3,11,9],"rotation":[0,0,0],"cubes":[{"origin":[-5,0,7],"size":[4,11,4],"uv":[48,21],"inflate":0,"mirror":false}],"META_BoneType":null,"name":"Leg2A","parent":null},{"pivot":[3,11,-9],"rotation":[0,0,0],"cubes":[{"origin":[1,0,-11],"size":[4,11,4],"uv":[48,21],"inflate":0,"mirror":true}],"META_BoneType":null,"name":"Leg3A","parent":null},{"pivot":[-3,11,-9],"rotation":[0,0,0],"cubes":[{"origin":[-5,0,-11],"size":[4,11,4],"uv":[48,21],"inflate":0,"mirror":false}],"META_BoneType":null,"name":"Leg4A","parent":null},{"pivot":[0,28,-11],"rotation":[30,0,0],"cubes":[{"origin":[-3,28,-11],"size":[6,5,7],"uv":[0,13],"inflate":0,"mirror":false}],"META_BoneType":"base","name":"Head","parent":null},{"pivot":[0,28,-11],"rotation":[30,0,0],"cubes":[{"origin":[-2,28,-16],"size":[4,5,5],"uv":[0,25],"inflate":0,"mirror":false}],"META_BoneType":null,"name":"UMouth","parent":null},{"pivot":[0,17,-8],"rotation":[30,0,5],"cubes":[{"origin":[-0.5,32,-5.01],"size":[2,3,1],"uv":[19,16],"inflate":0,"mirror":true}],"META_BoneType":null,"name":"Ear1","parent":null},{"pivot":[0,17,-8],"rotation":[30,0,-5],"cubes":[{"origin":[-1.5,32,-5.01],"size":[2,3,1],"uv":[19,16],"inflate":0,"mirror":false}],"META_BoneType":null,"name":"Ear2","parent":null},{"pivot":[0,17,-8],"rotation":[30,0,15],"cubes":[{"origin":[-3,32,-5.01],"size":[2,7,1],"uv":[0,12],"inflate":0,"mirror":true}],"META_BoneType":null,"name":"MuleEarL","parent":null},{"pivot":[0,17,-8],"rotation":[30,0,-15],"cubes":[{"origin":[1,32,-5.01],"size":[2,7,1],"uv":[0,12],"inflate":0,"mirror":false}],"META_BoneType":null,"name":"MuleEarR","parent":null},{"pivot":[0,17,-8],"rotation":[30,0,0],"cubes":[{"origin":[-2,16,-11],"size":[4,12,7],"uv":[0,35],"inflate":0,"mirror":false}],"META_BoneType":null,"name":"Neck","parent":null},{"pivot":[-5,21,11],"rotation":[0,-90,0],"cubes":[{"origin":[-14,13,11],"size":[8,8,3],"uv":[26,21],"inflate":0,"mirror":false}],"META_BoneType":null,"name":"Bag1","parent":null},{"pivot":[5,21,11],"rotation":[0,90,0],"cubes":[{"origin":[6,13,11],"size":[8,8,3],"uv":[26,21],"inflate":0,"mirror":true}],"META_BoneType":null,"name":"Bag2","parent":null},{"pivot":[0,22,2],"rotation":[0,0,0],"cubes":[{"origin":[-5,12,-3.5],"size":[10,9,9],"uv":[26,0],"inflate":0.5,"mirror":false}],"META_BoneType":null,"name":"Saddle","parent":null},{"pivot":[0,17,-8],"rotation":[30,0,0],"cubes":[{"origin":[2,29,-14],"size":[1,2,2],"uv":[29,5],"inflate":0,"mirror":false}],"META_BoneType":null,"name":"SaddleMouthL","parent":null},{"pivot":[0,17,-8],"rotation":[30,0,0],"cubes":[{"origin":[-3,29,-14],"size":[1,2,2],"uv":[29,5],"inflate":0,"mirror":false}],"META_BoneType":null,"name":"SaddleMouthR","parent":null},{"pivot":[0,17,-8],"rotation":[0,0,0],"cubes":[{"origin":[3.1,24,-19.5],"size":[0,3,16],"uv":[32,2],"inflate":0,"mirror":false}],"META_BoneType":null,"name":"SaddleMouthLine","parent":null},{"pivot":[0,17,-8],"rotation":[0,0,0],"cubes":[{"origin":[-3.1,24,-19.5],"size":[0,3,16],"uv":[32,2],"inflate":0,"mirror":false}],"META_BoneType":null,"name":"SaddleMouthLineR","parent":null},{"pivot":[0,17,-8],"rotation":[30,0,0],"cubes":[{"origin":[-1,17,-4],"size":[2,16,2],"uv":[56,36],"inflate":0,"mirror":false}],"META_BoneType":null,"name":"Mane","parent":null},{"pivot":[0,17,-8],"rotation":[30,0,0],"cubes":[{"origin":[-2,28,-13],"size":[4,5,2],"uv":[19,0],"inflate":0.25,"mirror":false},{"origin":[-3,28,-11],"size":[6,5,7],"uv":[0,0],"inflate":0.25,"mirror":false}],"META_BoneType":null,"name":"HeadSaddle","parent":null}],"texturewidth":64,"textureheight":64,"META_ModelVersion":"1.0.6"},"geometry.horse":{"visible_bounds_width":2,"visible_bounds_height":3,"visible_bounds_offset":[0,1,0],"texturewidth":128,"textureheight":128,"bones":[{"name":"Body","pivot":[0,13,9],"rotation":[0,0,0],"cubes":[{"origin":[-5,11,-10],"size":[10,10,24],"uv":[0,34]}]},{"name":"TailA","pivot":[0,21,14],"rotation":[-65,0,0],"cubes":[{"origin":[-1,20,14],"size":[2,2,3],"uv":[44,0]}]},{"name":"TailB","pivot":[0,21,14],"rotation":[-65,0,0],"cubes":[{"origin":[-1.5,19,17],"size":[3,4,7],"uv":[38,7]}]},{"name":"TailC","pivot":[0,21,14],"rotation":[-80.34,0,0],"cubes":[{"origin":[-1.5,21.5,23],"size":[3,4,7],"uv":[24,3]}]},{"name":"Leg1A","pivot":[4,15,11],"rotation":[0,0,0],"cubes":[{"origin":[1.5,8,8.5],"size":[4,9,5],"uv":[78,29]}]},{"name":"Leg1B","pivot":[4,8,11],"rotation":[0,0,0],"cubes":[{"origin":[2,3,9.5],"size":[3,5,3],"uv":[78,43]}]},{"name":"Leg1C","pivot":[4,8,11],"rotation":[0,0,0],"cubes":[{"origin":[1.5,-0.1,9],"size":[4,3,4],"uv":[78,51]}]},{"name":"Leg2A","pivot":[-4,15,11],"rotation":[0,0,0],"cubes":[{"origin":[-5.5,8,8.5],"size":[4,9,5],"uv":[96,29]}]},{"name":"Leg2B","pivot":[-4,8,11],"rotation":[0,0,0],"cubes":[{"origin":[-5,3,9.5],"size":[3,5,3],"uv":[96,43]}]},{"name":"Leg2C","pivot":[-4,8,11],"rotation":[0,0,0],"cubes":[{"origin":[-5.5,-0.1,9],"size":[4,3,4],"uv":[96,51]}]},{"name":"Leg3A","pivot":[4,15,-8],"rotation":[0,0,0],"cubes":[{"origin":[2.1,8,-10.1],"size":[3,8,4],"uv":[44,29]}]},{"name":"Leg3B","pivot":[4,8,-8],"rotation":[0,0,0],"cubes":[{"origin":[2.1,3,-9.6],"size":[3,5,3],"uv":[44,41]}]},{"name":"Leg3C","pivot":[4,8,-8],"rotation":[0,0,0],"cubes":[{"origin":[1.6,-0.1,-10.1],"size":[4,3,4],"uv":[44,51]}]},{"name":"Leg4A","pivot":[-4,15,-8],"rotation":[0,0,0],"cubes":[{"origin":[-5.1,8,-10.1],"size":[3,8,4],"uv":[60,29]}]},{"name":"Leg4B","pivot":[-4,8,-8],"rotation":[0,0,0],"cubes":[{"origin":[-5.1,3,-9.6],"size":[3,5,3],"uv":[60,41]}]},{"name":"Leg4C","pivot":[-4,8,-8],"rotation":[0,0,0],"cubes":[{"origin":[-5.6,-0.1,-10.1],"size":[4,3,4],"uv":[60,51]}]},{"name":"Head","pivot":[0,20,-10],"rotation":[30,0,0],"cubes":[{"origin":[-2.5,25,-11.5],"size":[5,5,7],"uv":[0,0]}]},{"name":"UMouth","pivot":[0,20.05,-10],"rotation":[30,0,0],"cubes":[{"origin":[-2,27.05,-17],"size":[4,3,6],"uv":[24,18]}]},{"name":"LMouth","pivot":[0,20,-10],"rotation":[30,0,0],"cubes":[{"origin":[-2,25,-16.5],"size":[4,2,5],"uv":[24,27]}]},{"name":"Ear1","pivot":[0,20,-10],"rotation":[30,0,0],"cubes":[{"origin":[0.45,29,-6],"size":[2,3,1],"uv":[0,0]}]},{"name":"Ear2","pivot":[0,20,-10],"rotation":[30,0,0],"cubes":[{"origin":[-2.45,29,-6],"size":[2,3,1],"uv":[0,0]}]},{"name":"MuleEarL","pivot":[0,20,-10],"rotation":[30,0,15],"cubes":[{"origin":[-2,29,-6],"size":[2,7,1],"uv":[0,12]}]},{"name":"MuleEarR","pivot":[0,20,-10],"rotation":[30,0,-15],"cubes":[{"origin":[0,29,-6],"size":[2,7,1],"uv":[0,12]}]},{"name":"Neck","pivot":[0,20,-10],"rotation":[30,0,0],"cubes":[{"origin":[-2.05,15.8,-12],"size":[4,14,8],"uv":[0,12]}]},{"name":"Bag1","pivot":[-7.5,21,10],"rotation":[0,90,0],"cubes":[{"origin":[-10.5,13,10],"size":[8,8,3],"uv":[0,34]}]},{"name":"Bag2","pivot":[4.5,21,10],"rotation":[0,90,0],"cubes":[{"origin":[1.5,13,10],"size":[8,8,3],"uv":[0,47]}]},{"name":"Saddle","pivot":[0,22,2],"rotation":[0,0,0],"cubes":[{"origin":[-5,21,-1],"size":[10,1,8],"uv":[80,0]}]},{"name":"SaddleB","pivot":[0,22,2],"rotation":[0,0,0],"cubes":[{"origin":[-1.5,22,-1],"size":[3,1,2],"uv":[106,9]}]},{"name":"SaddleC","pivot":[0,22,2],"rotation":[0,0,0],"cubes":[{"origin":[-4,22,5],"size":[8,1,2],"uv":[80,9]}]},{"name":"SaddleL2","pivot":[5,21,2],"rotation":[0,0,0],"cubes":[{"origin":[4.5,13,1],"size":[1,2,2],"uv":[74,0]}]},{"name":"SaddleL","pivot":[5,21,2],"rotation":[0,0,0],"cubes":[{"origin":[4.5,15,1.5],"size":[1,6,1],"uv":[70,0]}]},{"name":"SaddleR2","pivot":[-5,21,2],"rotation":[0,0,0],"cubes":[{"origin":[-5.5,13,1],"size":[1,2,2],"uv":[74,4]}]},{"name":"SaddleR","pivot":[-5,21,2],"rotation":[0,0,0],"cubes":[{"origin":[-5.5,15,1.5],"size":[1,6,1],"uv":[80,0]}]},{"name":"SaddleMouthL","pivot":[0,20,-10],"rotation":[30,0,0],"cubes":[{"origin":[1.5,26,-14],"size":[1,2,2],"uv":[74,13]}]},{"name":"SaddleMouthR","pivot":[0,20,-10],"rotation":[30,0,0],"cubes":[{"origin":[-2.5,26,-14],"size":[1,2,2],"uv":[74,13]}]},{"name":"SaddleMouthLine","pivot":[0,20,-10],"rotation":[0,0,0],"cubes":[{"origin":[2.6,23,-16],"size":[0,3,16],"uv":[44,10]}]},{"name":"SaddleMouthLineR","pivot":[0,20,-10],"rotation":[0,0,0],"cubes":[{"origin":[-2.6,23,-16],"size":[0,3,16],"uv":[44,5]}]},{"name":"Mane","pivot":[0,20,-10],"rotation":[30,0,0],"cubes":[{"origin":[-1,15.5,-5],"size":[2,16,4],"uv":[58,0]}]},{"name":"HeadSaddle","pivot":[0,20,-10],"rotation":[30,0,0],"cubes":[{"origin":[-2.5,25.1,-17],"size":[5,5,12],"uv":[80,12],"inflate":0.05}]}]},"geometry.humanoid":{"visible_bounds_width":1,"visible_bounds_height":1,"visible_bounds_offset":[0,0.5,0],"bones":[{"name":"body","pivot":[0,24,0],"cubes":[{"origin":[-4,12,-2],"size":[8,12,4],"uv":[16,16]}]},{"name":"waist","neverRender":true,"pivot":[0,12,0]},{"name":"head","pivot":[0,24,0],"cubes":[{"origin":[-4,24,-4],"size":[8,8,8],"uv":[0,0]}]},{"name":"hat","pivot":[0,24,0],"cubes":[{"origin":[-4,24,-4],"size":[8,8,8],"uv":[32,0],"inflate":0.5}],"neverRender":true},{"name":"rightArm","pivot":[-5,22,0],"cubes":[{"origin":[-8,12,-2],"size":[4,12,4],"uv":[40,16]}]},{"name":"rightItem","pivot":[-6,15,1],"neverRender":true,"parent":"rightArm"},{"name":"leftArm","pivot":[5,22,0],"cubes":[{"origin":[4,12,-2],"size":[4,12,4],"uv":[40,16]}],"mirror":true},{"name":"rightLeg","pivot":[-1.9,12,0],"cubes":[{"origin":[-3.9,0,-2],"size":[4,12,4],"uv":[0,16]}]},{"name":"leftLeg","pivot":[1.9,12,0],"cubes":[{"origin":[-0.1,0,-2],"size":[4,12,4],"uv":[0,16]}],"mirror":true}]},"geometry.cape":{"visible_bounds_width":1,"visible_bounds_height":1,"visible_bounds_offset":[0,0.5,0],"texturewidth":64,"textureheight":32,"bones":[{"name":"cape","pivot":[0,24,-3],"cubes":[{"origin":[-5,8,-3],"size":[10,16,1],"uv":[0,0]}],"material":"alpha"}]},"geometry.humanoid.custom:geometry.humanoid":{"visible_bounds_width":1,"visible_bounds_height":1,"visible_bounds_offset":[0,0.5,0],"bones":[{"name":"hat","neverRender":false,"material":"alpha","pivot":[0,24,0]},{"name":"leftArm","reset":true,"mirror":false,"pivot":[5,22,0],"cubes":[{"origin":[4,12,-2],"size":[4,12,4],"uv":[32,48]}]},{"name":"rightArm","reset":true,"pivot":[-5,22,0],"cubes":[{"origin":[-8,12,-2],"size":[4,12,4],"uv":[40,16]}]},{"name":"rightItem","pivot":[-6,15,1],"neverRender":true,"parent":"rightArm"},{"name":"leftSleeve","pivot":[5,22,0],"cubes":[{"origin":[4,12,-2],"size":[4,12,4],"uv":[48,48],"inflate":0.25}],"material":"alpha"},{"name":"rightSleeve","pivot":[-5,22,0],"cubes":[{"origin":[-8,12,-2],"size":[4,12,4],"uv":[40,32],"inflate":0.25}],"material":"alpha"},{"name":"leftLeg","reset":true,"mirror":false,"pivot":[1.9,12,0],"cubes":[{"origin":[-0.1,0,-2],"size":[4,12,4],"uv":[16,48]}]},{"name":"leftPants","pivot":[1.9,12,0],"cubes":[{"origin":[-0.1,0,-2],"size":[4,12,4],"uv":[0,48],"inflate":0.25}],"pos":[1.9,12,0],"material":"alpha"},{"name":"rightPants","pivot":[-1.9,12,0],"cubes":[{"origin":[-3.9,0,-2],"size":[4,12,4],"uv":[0,32],"inflate":0.25}],"pos":[-1.9,12,0],"material":"alpha"},{"name":"jacket","pivot":[0,24,0],"cubes":[{"origin":[-4,12,-2],"size":[8,12,4],"uv":[16,32],"inflate":0.25}],"material":"alpha"}]},"geometry.humanoid.customSlim:geometry.humanoid":{"visible_bounds_width":1,"visible_bounds_height":2,"visible_bounds_offset":[0,1,0],"bones":[{"name":"hat","neverRender":false,"material":"alpha"},{"name":"leftArm","reset":true,"mirror":false,"pivot":[5,21.5,0],"cubes":[{"origin":[4,11.5,-2],"size":[3,12,4],"uv":[32,48]}]},{"name":"rightArm","reset":true,"pivot":[-5,21.5,0],"cubes":[{"origin":[-7,11.5,-2],"size":[3,12,4],"uv":[40,16]}]},{"name":"rightItem","pivot":[-6,14.5,1],"neverRender":true,"parent":"rightArm"},{"name":"leftSleeve","pivot":[5,21.5,0],"cubes":[{"origin":[4,11.5,-2],"size":[3,12,4],"uv":[48,48],"inflate":0.25}],"material":"alpha"},{"name":"rightSleeve","pivot":[-5,21.5,0],"cubes":[{"origin":[-7,11.5,-2],"size":[3,12,4],"uv":[40,32],"inflate":0.25}],"material":"alpha"},{"name":"leftLeg","reset":true,"mirror":false,"pivot":[1.9,12,0],"cubes":[{"origin":[-0.1,0,-2],"size":[4,12,4],"uv":[16,48]}]},{"name":"leftPants","pivot":[1.9,12,0],"cubes":[{"origin":[-0.1,0,-2],"size":[4,12,4],"uv":[0,48],"inflate":0.25}],"material":"alpha"},{"name":"rightPants","pivot":[-1.9,12,0],"cubes":[{"origin":[-3.9,0,-2],"size":[4,12,4],"uv":[0,32],"inflate":0.25}],"material":"alpha"},{"name":"jacket","pivot":[0,24,0],"cubes":[{"origin":[-4,12,-2],"size":[8,12,4],"uv":[16,32],"inflate":0.25}],"material":"alpha"}]},"geometry.creeper":{"visible_bounds_width":1,"visible_bounds_height":2,"visible_bounds_offset":[0,0.75,0],"texturewidth":64,"textureheight":32,"bones":[{"name":"body","cubes":[{"origin":[-4,6,-2],"size":[8,12,4],"uv":[16,16]}]},{"name":"head","pivot":[0,18,0],"cubes":[{"origin":[-4,18,-4],"size":[8,8,8],"uv":[0,0]}]},{"name":"leg0","pivot":[-2,6,4],"cubes":[{"origin":[-4,0,2],"size":[4,6,4],"uv":[0,16]}]},{"name":"leg1","pivot":[2,6,4],"cubes":[{"origin":[0,0,2],"size":[4,6,4],"uv":[0,16]}]},{"name":"leg2","pivot":[-2,6,-4],"cubes":[{"origin":[-4,0,-6],"size":[4,6,4],"uv":[0,16]}]},{"name":"leg3","pivot":[2,6,-4],"cubes":[{"origin":[0,0,-6],"size":[4,6,4],"uv":[0,16]}]}]},"geometry.creeper.charged:geometry.creeper":{"visible_bounds_width":1,"visible_bounds_height":2,"visible_bounds_offset":[0,0.75,0],"texturewidth":64,"textureheight":32,"bones":[{"name":"body","inflate":2,"material":"charged"},{"name":"head","inflate":2,"material":"charged"},{"name":"leg0","inflate":2,"material":"charged"},{"name":"leg1","inflate":2,"material":"charged"},{"name":"leg2","inflate":2,"material":"charged"},{"name":"leg3","inflate":2,"material":"charged"}]},"geometry.enderman:geometry.humanoid":{"visible_bounds_width":1.5,"visible_bounds_height":3,"visible_bounds_offset":[0,1.5,0],"texturewidth":64,"textureheight":32,"bones":[{"name":"hat","reset":true,"pivot":[0,38,0],"cubes":[{"origin":[-4,38,-4],"size":[8,8,8],"uv":[0,16],"inflate":-0.5}],"material":"alpha"},{"name":"head","pivot":[0,24,0],"material":"emissive"},{"name":"body","reset":true,"pivot":[0,38,0],"cubes":[{"origin":[-4,26,-2],"size":[8,12,4],"uv":[32,16]}]},{"name":"rightArm","reset":true,"mirror":false,"pivot":[-3,36,0],"cubes":[{"origin":[-4,8,-1],"size":[2,30,2],"uv":[56,0]}]},{"name":"leftArm","reset":true,"mirror":true,"pivot":[5,36,0],"cubes":[{"origin":[4,8,-1],"size":[2,30,2],"uv":[56,0]}]},{"name":"rightLeg","reset":true,"mirror":false,"pivot":[-2,26,0],"cubes":[{"origin":[-3,-4,-1],"size":[2,30,2],"uv":[56,0]}]},{"name":"leftLeg","reset":true,"mirror":true,"pivot":[2,26,0],"cubes":[{"origin":[1,-4,-1],"size":[2,30,2],"uv":[56,0]}]}]},"geometry.zombie:geometry.humanoid":{"visible_bounds_width":2,"visible_bounds_height":2,"visible_bounds_offset":[0,1,0],"texturewidth":64,"textureheight":32},"geometry.zombie.husk:geometry.zombie":{"visible_bounds_width":1.5,"visible_bounds_height":2.5,"visible_bounds_offset":[0,1.25,0]},"geometry.zombie.drowned":{"visible_bounds_width":2.5,"visible_bounds_height":2.5,"visible_bounds_offset":[0,1.25,0],"bones":[{"pivot":[0,24,0],"rotation":[0,0,0],"cubes":[{"origin":[-4,12,-2],"size":[8,12,4],"uv":[16,16],"inflate":0,"mirror":false}],"META_BoneType":"base","name":"body","parent":null},{"pivot":[0,24,0],"rotation":[0,0,0],"cubes":[{"origin":[-4,12,-2],"size":[8,12,4],"uv":[16,32],"inflate":0.5,"mirror":false}],"META_BoneType":"base","name":"jacket","parent":null},{"pivot":[0,24,0],"rotation":[0,0,0],"cubes":[{"origin":[-4,24,-4],"size":[8,8,8],"uv":[0,0],"inflate":0.5,"mirror":false}],"META_BoneType":"base","name":"head","parent":null},{"pivot":[0,24,0],"rotation":[0,0,0],"cubes":[{"origin":[-4,24,-4],"size":[8,8,8],"uv":[32,0],"inflate":1,"mirror":false}],"META_BoneType":"clothing","name":"hat","parent":null},{"pivot":[-5,22,0],"rotation":[0,0,0],"cubes":[{"origin":[-7,12,-2],"size":[4,12,4],"uv":[0,16],"inflate":0,"mirror":false}],"META_BoneType":"base","name":"rightArm","parent":null},{"pivot":[5,22,0],"rotation":[0,0,0],"cubes":[{"origin":[4,12,-2],"size":[4,12,4],"uv":[40,16],"inflate":0,"mirror":true}],"META_BoneType":"base","name":"leftArm","parent":null},{"pivot":[-5,22,0],"rotation":[0,0,0],"cubes":[{"origin":[-7,12,-2],"size":[4,12,4],"uv":[48,48],"inflate":0.5,"mirror":false}],"META_BoneType":"base","name":"rightSleeve","parent":null},{"pivot":[5,22,0],"rotation":[0,0,0],"cubes":[{"origin":[4,12,-2],"size":[4,12,4],"uv":[40,32],"inflate":0.5,"mirror":true}],"META_BoneType":"base","name":"leftSleeve","parent":null},{"pivot":[-1.9,12,0],"rotation":[0,0,0],"cubes":[{"origin":[-4.05,0,-2],"size":[4,12,4],"uv":[16,48],"inflate":0,"mirror":false}],"META_BoneType":"base","name":"rightLeg","parent":null},{"pivot":[1.9,12,0],"rotation":[0,0,0],"cubes":[{"origin":[0.05,0,-2],"size":[4,12,4],"uv":[32,48],"inflate":0,"mirror":true}],"META_BoneType":"base","name":"leftLeg","parent":null},{"pivot":[-1.9,12,0],"rotation":[0,0,0],"cubes":[{"origin":[-4.25,0,-2],"size":[4,12,4],"uv":[0,48],"inflate":0.25,"mirror":false}],"META_BoneType":"base","name":"rightPants","parent":null},{"pivot":[1.9,12,0],"rotation":[0,0,0],"cubes":[{"origin":[0.25,0,-2],"size":[4,12,4],"uv":[0,32],"inflate":0.25,"mirror":true}],"META_BoneType":"base","name":"leftPants","parent":null},{"pivot":[0,12,0],"rotation":[0,0,0],"cubes":[],"META_BoneType":"offset","name":"waist","parent":"body"},{"pivot":[-6,15,1],"rotation":[0,0,0],"cubes":[],"META_BoneType":"item","name":"rightItem","parent":"rightArm"},{"pivot":[6,15,1],"rotation":[0,0,0],"cubes":[],"META_BoneType":"item","name":"leftItem","parent":"leftArm"}],"texturewidth":64,"textureheight":64,"META_ModelVersion":"1.0.6","rigtype":"normal","animationArmsDown":false,"animationArmsOutFront":false,"animationStatueOfLibertyArms":false,"animationSingleArmAnimation":false,"animationStationaryLegs":false,"animationSingleLegAnimation":false,"animationNoHeadBob":false,"animationDontShowArmor":false,"animationUpsideDown":false,"animationInvertedCrouch":false},"geometry.humanoid.armor1:geometry.zombie":{"visible_bounds_width":2,"visible_bounds_height":2,"visible_bounds_offset":[0,1,0],"bones":[{"name":"head","inflate":1},{"name":"hat","inflate":1.5,"neverRender":false},{"name":"body","inflate":1},{"name":"rightArm","inflate":1},{"name":"leftArm","inflate":1},{"name":"rightLeg","inflate":1},{"name":"leftLeg","inflate":1}]},"geometry.humanoid.armor2:geometry.zombie":{"visible_bounds_width":2,"visible_bounds_height":2,"visible_bounds_offset":[0,1,0],"bones":[{"name":"head","inflate":0.5},{"name":"body","inflate":0.5},{"name":"rightArm","inflate":0.5},{"name":"leftArm","inflate":0.5},{"name":"rightLeg","inflate":0.5},{"name":"leftLeg","inflate":0.5}]},"geometry.pigzombie:geometry.humanoid":{"visible_bounds_width":2,"visible_bounds_height":2.5,"visible_bounds_offset":[0,1.25,0],"texturewidth":64,"textureheight":32,"bones":[{"name":"hat","neverRender":false,"material":"alpha"}]},"geometry.pigzombie.baby:geometry.pigzombie":{"visible_bounds_width":1.5,"visible_bounds_height":1.5,"visible_bounds_offset":[0,0.75,0],"bones":[{"name":"hat","neverRender":true,"material":"alpha"}]},"geometry.skeleton:geometry.zombie":{"visible_bounds_width":1.5,"visible_bounds_height":2,"visible_bounds_offset":[0,1,0],"bones":[{"name":"rightArm","reset":true,"pivot":[-5,22,0],"cubes":[{"origin":[-6,12,-1],"size":[2,12,2],"uv":[40,16]}]},{"name":"leftArm","reset":true,"pivot":[5,22,0],"cubes":[{"origin":[4,12,-1],"size":[2,12,2],"uv":[40,16]}],"mirror":true},{"name":"rightLeg","reset":true,"pivot":[-2,12,0],"cubes":[{"origin":[-3,0,-1],"size":[2,12,2],"uv":[0,16]}]},{"name":"leftLeg","reset":true,"pivot":[2,12,0],"cubes":[{"origin":[1,0,-1],"size":[2,12,2],"uv":[0,16]}],"mirror":true},{"name":"body","material":"alpha"}]},"geometry.stray.armor:geometry.zombie":{"visible_bounds_width":2,"visible_bounds_height":2,"visible_bounds_offset":[0,1,0],"bones":[{"name":"head","inflate":0.25},{"name":"rightArm","inflate":0.25},{"name":"leftArm","inflate":0.25},{"name":"rightLeg","inflate":0.25},{"name":"leftLeg","inflate":0.25},{"name":"body","inflate":0.25}]},"geometry.skeleton.wither:geometry.skeleton":{"visible_bounds_width":1.5,"visible_bounds_height":3,"visible_bounds_offset":[0,1.5,0]},"geometry.skeleton.stray:geometry.skeleton":{"visible_bounds_width":1.5,"visible_bounds_height":2,"visible_bounds_offset":[0,1,0]},"geometry.squid":{"visible_bounds_width":3,"visible_bounds_height":2,"visible_bounds_offset":[0,0.5,0],"texturewidth":64,"textureheight":32,"bones":[{"name":"body","cubes":[{"origin":[-6,-8,-6],"size":[12,16,12],"uv":[0,0]}]},{"name":"tentacle1","pivot":[5,-7,0],"cubes":[{"origin":[4,-25,-1],"size":[2,18,2],"uv":[48,0]}],"rotation":[0,90,0]},{"name":"tentacle2","pivot":[3.5,-7,3.5],"cubes":[{"origin":[2.5,-25,2.5],"size":[2,18,2],"uv":[48,0]}],"rotation":[0,45,0]},{"name":"tentacle3","pivot":[0,-7,5],"cubes":[{"origin":[-1,-25,4],"size":[2,18,2],"uv":[48,0]}],"rotation":[0,0,0]},{"name":"tentacle4","pivot":[-3.5,-7,3.5],"cubes":[{"origin":[-4.5,-25,2.5],"size":[2,18,2],"uv":[48,0]}],"rotation":[0,-45,0]},{"name":"tentacle5","pivot":[-5,-7,0],"cubes":[{"origin":[-6,-25,-1],"size":[2,18,2],"uv":[48,0]}],"rotation":[0,-90,0]},{"name":"tentacle6","pivot":[-3.5,-7,-3.5],"cubes":[{"origin":[-4.5,-25,-4.5],"size":[2,18,2],"uv":[48,0]}],"rotation":[0,-135,0]},{"name":"tentacle7","pivot":[0,-7,-5],"cubes":[{"origin":[-1,-25,-6],"size":[2,18,2],"uv":[48,0]}],"rotation":[0,-180,0]},{"name":"tentacle8","pivot":[3.5,-7,-3.5],"cubes":[{"origin":[2.5,-25,-4.5],"size":[2,18,2],"uv":[48,0]}],"rotation":[0,-225,0]}]},"geometry.spider":{"visible_bounds_width":2,"visible_bounds_height":1,"visible_bounds_offset":[0,0.5,0],"texturewidth":64,"textureheight":32,"bones":[{"name":"head","pivot":[0,9,-3],"cubes":[{"origin":[-4,5,-11],"size":[8,8,8],"uv":[32,4]}],"material":"emissive"},{"name":"body0","pivot":[0,9,0],"cubes":[{"origin":[-3,6,-3],"size":[6,6,6],"uv":[0,0]}]},{"name":"body1","pivot":[0,9,9],"cubes":[{"origin":[-5,5,3],"size":[10,8,12],"uv":[0,12]}]},{"name":"leg0","pivot":[-4,9,2],"cubes":[{"origin":[-19,8,1],"size":[16,2,2],"uv":[18,0]}]},{"name":"leg1","pivot":[4,9,2],"cubes":[{"origin":[3,8,1],"size":[16,2,2],"uv":[18,0]}]},{"name":"leg2","pivot":[-4,9,1],"cubes":[{"origin":[-19,8,0],"size":[16,2,2],"uv":[18,0]}]},{"name":"leg3","pivot":[4,9,1],"cubes":[{"origin":[3,8,0],"size":[16,2,2],"uv":[18,0]}]},{"name":"leg4","pivot":[-4,9,0],"cubes":[{"origin":[-19,8,-1],"size":[16,2,2],"uv":[18,0]}]},{"name":"leg5","pivot":[4,9,0],"cubes":[{"origin":[3,8,-1],"size":[16,2,2],"uv":[18,0]}]},{"name":"leg6","pivot":[-4,9,-1],"cubes":[{"origin":[-19,8,-2],"size":[16,2,2],"uv":[18,0]}]},{"name":"leg7","pivot":[4,9,-1],"cubes":[{"origin":[3,8,-2],"size":[16,2,2],"uv":[18,0]}]}]},"geometry.quadruped":{"visible_bounds_width":1,"visible_bounds_height":1,"visible_bounds_offset":[0,0.5,0],"bones":[{"name":"body","pivot":[0,19,2],"cubes":[{"origin":[-5,13,-5],"size":[10,16,8],"uv":[28,8]}]},{"name":"head","pivot":[0,18,-6],"cubes":[{"origin":[-4,14,-14],"size":[8,8,8],"uv":[0,0]}]},{"name":"leg0","pivot":[-3,12,7],"cubes":[{"origin":[-5,0,5],"size":[4,12,4],"uv":[0,16]}]},{"name":"leg1","pivot":[3,12,7],"cubes":[{"origin":[1,0,5],"size":[4,12,4],"uv":[0,16]}]},{"name":"leg2","pivot":[-3,12,-5],"cubes":[{"origin":[-5,0,-7],"size":[4,12,4],"uv":[0,16]}]},{"name":"leg3","pivot":[3,12,-5],"cubes":[{"origin":[1,0,-7],"size":[4,12,4],"uv":[0,16]}]}]},"geometry.cow":{"visible_bounds_width":2,"visible_bounds_height":1.75,"visible_bounds_offset":[0,0.75,0],"texturewidth":64,"textureheight":32,"bones":[{"name":"body","reset":true,"pivot":[0,19,2],"cubes":[{"origin":[-6,11,-5],"size":[12,18,10],"uv":[18,4]},{"origin":[-2,11,-6],"size":[4,6,1],"uv":[52,0]}]},{"name":"head","reset":true,"pivot":[0,20,-8],"cubes":[{"origin":[-4,16,-14],"size":[8,8,6],"uv":[0,0]},{"origin":[-5,22,-12],"size":[1,3,1],"uv":[22,0]},{"origin":[4,22,-12],"size":[1,3,1],"uv":[22,0]}]},{"name":"leg0","pivot":[-4,12,7],"cubes":[{"origin":[-6,0,5],"size":[4,12,4],"uv":[0,16]}]},{"name":"leg1","pivot":[4,12,7],"cubes":[{"origin":[2,0,5],"size":[4,12,4],"uv":[0,16]}]},{"name":"leg2","pivot":[-4,12,-6],"cubes":[{"origin":[-6,0,-7],"size":[4,12,4],"uv":[0,16]}]},{"name":"leg3","pivot":[4,12,-6],"cubes":[{"origin":[2,0,-7],"size":[4,12,4],"uv":[0,16]}]}]},"geometry.mooshroom:geometry.cow":{"visible_bounds_width":2,"visible_bounds_height":2,"visible_bounds_offset":[0,1,0],"texturewidth":64,"textureheight":32},"geometry.sheep.sheared:geometry.quadruped":{"visible_bounds_width":2,"visible_bounds_height":1.75,"visible_bounds_offset":[0,0.5,0],"bones":[{"name":"body","reset":true,"pivot":[0,19,2],"cubes":[{"origin":[-4,13,-5],"size":[8,16,6],"uv":[28,8]}],"material":"changecolor"},{"name":"head","reset":true,"pivot":[0,18,-8],"cubes":[{"origin":[-3,16,-14],"size":[6,6,8],"uv":[0,0]}],"material":"changecolor"},{"name":"leg0","material":"changecolor"},{"name":"leg1","material":"changecolor"},{"name":"leg2","material":"changecolor"},{"name":"leg3","material":"changecolor"}]},"geometry.sheep:geometry.sheep.sheared":{"visible_bounds_width":2,"visible_bounds_height":1.75,"visible_bounds_offset":[0,0.5,0],"bones":[{"name":"body","pivot":[0,19,2],"cubes":[{"origin":[-4,13,-5],"size":[8,16,6],"uv":[28,40],"inflate":1.75}]},{"name":"head","pivot":[0,18,-8],"cubes":[{"origin":[-3,16,-12],"size":[6,6,6],"uv":[0,32],"inflate":0.6}]},{"name":"leg0","pivot":[-3,12,7],"cubes":[{"origin":[-5,6,5],"size":[4,6,4],"uv":[0,48],"inflate":0.5}]},{"name":"leg1","pivot":[3,12,7],"cubes":[{"origin":[1,6,5],"size":[4,6,4],"uv":[0,48],"inflate":0.5}]},{"name":"leg2","pivot":[-3,12,-5],"cubes":[{"origin":[-5,6,-7],"size":[4,6,4],"uv":[0,48],"inflate":0.5}]},{"name":"leg3","pivot":[3,12,-5],"cubes":[{"origin":[1,6,-7],"size":[4,6,4],"uv":[0,48],"inflate":0.5}]}]},"geometry.pig:geometry.quadruped":{"visible_bounds_width":2,"visible_bounds_height":1.5,"visible_bounds_offset":[0,0.5,0],"texturewidth":64,"textureheight":32,"bones":[{"name":"body","reset":true,"pivot":[0,13,2],"cubes":[{"origin":[-5,7,-5],"size":[10,16,8],"uv":[28,8]}]},{"name":"head","reset":true,"pivot":[0,12,-6],"cubes":[{"origin":[-4,8,-14],"size":[8,8,8],"uv":[0,0]},{"origin":[-2,9,-15],"size":[4,3,1],"uv":[16,16]}]},{"name":"leg0","reset":true,"pivot":[-3,6,7],"cubes":[{"origin":[-5,0,5],"size":[4,6,4],"uv":[0,16]}]},{"name":"leg1","reset":true,"pivot":[3,6,7],"cubes":[{"origin":[1,0,5],"size":[4,6,4],"uv":[0,16]}]},{"name":"leg2","reset":true,"pivot":[-3,6,-5],"cubes":[{"origin":[-5,0,-7],"size":[4,6,4],"uv":[0,16]}]},{"name":"leg3","reset":true,"pivot":[3,6,-5],"cubes":[{"origin":[1,0,-7],"size":[4,6,4],"uv":[0,16]}]}]},"geometry.bat":{"visible_bounds_width":1,"visible_bounds_height":1,"visible_bounds_offset":[0,0.5,0],"bones":[{"name":"head","pivot":[0,24,0],"cubes":[{"origin":[-3,21,-3],"size":[6,6,6],"uv":[0,0]}],"material":"alpha"},{"name":"rightEar","pivot":[0,24,0],"cubes":[{"origin":[-4,26,-2],"size":[3,4,1],"uv":[24,0]}],"parent":"head","material":"alpha"},{"name":"leftEar","mirror":true,"pivot":[0,24,0],"cubes":[{"origin":[1,26,-2],"size":[3,4,1],"uv":[24,0]}],"parent":"head","material":"alpha"},{"name":"body","pivot":[0,24,0],"cubes":[{"origin":[-3,8,-3],"size":[6,12,6],"uv":[0,16]},{"origin":[-5,-8,0],"size":[10,16,1],"uv":[0,34]}],"material":"alpha"},{"name":"rightWing","pivot":[0,24,0],"cubes":[{"origin":[-12,7,1.5],"size":[10,16,1],"uv":[42,0]}],"parent":"body","material":"alpha"},{"name":"rightWingTip","pivot":[-12,23,1.5],"cubes":[{"origin":[-20,10,1.5],"size":[8,12,1],"uv":[24,16]}],"parent":"rightWing","material":"alpha","pos":[-12,1,1.5]},{"name":"leftWing","mirror":true,"pivot":[0,24,0],"cubes":[{"origin":[2,7,1.5],"size":[10,16,1],"uv":[42,0]}],"parent":"body","material":"alpha"},{"name":"leftWingTip","mirror":true,"pivot":[12,23,1.5],"cubes":[{"origin":[12,10,1.5],"size":[8,12,1],"uv":[24,16]}],"parent":"leftWing","material":"alpha","pos":[12,1,1.5]}]},"geometry.dolphin":{"bones":[{"pivot":[0,0,-3],"rotation":[0,0,0],"cubes":[{"origin":[-4,0,-9],"size":[8,7,6],"uv":[0,0],"inflate":0,"mirror":false}],"META_BoneType":"base","name":"head","parent":null},{"pivot":[0,0,-3],"rotation":[0,0,0],"cubes":[{"origin":[-4,0,-3],"size":[8,7,13],"uv":[0,13],"inflate":0,"mirror":false}],"META_BoneType":"base","name":"body","parent":null},{"pivot":[0,2.5,11],"rotation":[0,0,0],"cubes":[{"origin":[-2,0,10],"size":[4,5,11],"uv":[0,33],"inflate":0,"mirror":false}],"META_BoneType":null,"name":"tail","parent":null},{"pivot":[0,2.5,20],"rotation":[0,0,0],"cubes":[{"origin":[-5,2,19],"size":[10,1,6],"uv":[0,49],"inflate":0,"mirror":false}],"META_BoneType":null,"name":"tail_fin","parent":null},{"pivot":[0,7,2],"rotation":[-30,0,0],"cubes":[{"origin":[-0.5,6.25,1],"size":[1,5,4],"uv":[29,0],"inflate":0,"mirror":false}],"META_BoneType":null,"name":"back_fin","parent":null},{"pivot":[3,1,-1],"rotation":[0,-25,20],"cubes":[{"origin":[3,1,-2.5],"size":[8,1,4],"uv":[40,0],"inflate":0,"mirror":false}],"META_BoneType":null,"name":"left_fin","parent":null},{"pivot":[-3,1,-1],"rotation":[0,25,-20],"cubes":[{"origin":[-11,1,-2.5],"size":[8,1,4],"uv":[40,6],"inflate":0,"mirror":false}],"META_BoneType":null,"name":"right_fin","parent":null},{"pivot":[0,0,-13],"rotation":[0,0,0],"cubes":[{"origin":[-1,0,-13],"size":[2,2,4],"uv":[0,13],"inflate":0,"mirror":false}],"META_BoneType":null,"name":"nose","parent":null}],"texturewidth":64,"textureheight":64,"META_ModelVersion":"1.0.6","rigtype":null,"animationArmsDown":false,"animationArmsOutFront":false,"animationStatueOfLibertyArms":false,"animationSingleArmAnimation":false,"animationStationaryLegs":false,"animationSingleLegAnimation":false,"animationNoHeadBob":false,"animationDontShowArmor":false,"animationUpsideDown":false,"animationInvertedCrouch":false},"geometry.irongolem":{"visible_bounds_width":3,"visible_bounds_height":3,"visible_bounds_offset":[0,1.5,0],"texturewidth":128,"textureheight":128,"bones":[{"name":"body","pivot":[0,31,0],"cubes":[{"origin":[-9,21,-6],"size":[18,12,11],"uv":[0,40]},{"origin":[-4.5,16,-3],"size":[9,5,6],"uv":[0,70],"inflate":0.5}],"pos":[0,-7,0]},{"name":"head","pivot":[0,31,-2],"cubes":[{"origin":[-4,33,-7.5],"size":[8,10,8],"uv":[0,0]},{"origin":[-1,32,-9.5],"size":[2,4,2],"uv":[24,0]}]},{"name":"arm0","pivot":[0,31,0],"cubes":[{"origin":[-13,3.5,-3],"size":[4,30,6],"uv":[60,21]}]},{"name":"arm1","pivot":[0,31,0],"cubes":[{"origin":[9,3.5,-3],"size":[4,30,6],"uv":[60,58]}]},{"name":"leg0","pivot":[-4,13,0],"cubes":[{"origin":[-7.5,0,-3],"size":[6,16,5],"uv":[37,0]}]},{"name":"leg1","mirror":true,"pivot":[5,13,0],"cubes":[{"origin":[1.5,0,-3],"size":[6,16,5],"uv":[60,0]}],"pos":[5,11,0]}]},"geometry.snowgolem":{"visible_bounds_width":1,"visible_bounds_height":2,"visible_bounds_offset":[0,1,0],"bones":[{"name":"head","pivot":[0,20,0],"cubes":[{"origin":[-4,20,-4],"size":[8,8,8],"uv":[0,0],"inflate":-0.5}]},{"name":"arm1","pivot":[0,18,0],"cubes":[{"origin":[-1,16,-1],"size":[12,2,2],"uv":[32,0],"inflate":-0.5}]},{"name":"arm2","pivot":[0,18,0],"cubes":[{"origin":[-1,16,-1],"size":[12,2,2],"uv":[32,0],"inflate":-0.5}]},{"name":"piece1","pivot":[0,11,0],"cubes":[{"origin":[-5,11,-5],"size":[10,10,10],"uv":[0,16],"inflate":-0.5}]},{"name":"piece2","pivot":[0,0,0],"cubes":[{"origin":[-6,0,-6],"size":[12,12,12],"uv":[0,36],"inflate":-0.5}]}]},"geometry.zombie.villager:geometry.humanoid":{"visible_bounds_width":1.5,"visible_bounds_height":2.5,"visible_bounds_offset":[0,1.25,0],"texturewidth":64,"textureheight":64,"bones":[{"name":"head","reset":true,"pivot":[0,24,0],"cubes":[{"origin":[-4,24,-4],"size":[8,10,8],"uv":[0,0],"inflate":0.25},{"origin":[-1,23,-6],"size":[2,4,2],"uv":[24,0],"inflate":0.25}]},{"name":"body","reset":true,"pivot":[0,24,0],"cubes":[{"origin":[-4,12,-3],"size":[8,12,6],"uv":[16,20]},{"origin":[-4,6,-3],"size":[8,18,6],"uv":[0,38],"inflate":0.5}],"material":"alpha"},{"name":"waist","neverRender":true,"pivot":[0,12,0]},{"name":"rightArm","reset":true,"pivot":[-5,22,0],"cubes":[{"origin":[-8,12,-2],"size":[4,12,4],"uv":[44,38]}]},{"name":"rightItem","pivot":[-6,15,1],"neverRender":true,"parent":"rightArm"},{"name":"leftArm","reset":true,"mirror":true,"pivot":[5,22,0],"cubes":[{"origin":[4,12,-2],"size":[4,12,4],"uv":[44,38]}]},{"name":"rightLeg","reset":true,"pivot":[-2,12,0],"cubes":[{"origin":[-4,0,-2],"size":[4,12,4],"uv":[0,22]}]},{"name":"leftLeg","reset":true,"mirror":true,"pivot":[2,12,0],"cubes":[{"origin":[0,0,-2],"size":[4,12,4],"uv":[0,22]}]}]},"geometry.evoker:geometry.villager":{"visible_bounds_width":1.5,"visible_bounds_height":2.5,"visible_bounds_offset":[0,1.25,0],"texturewidth":64,"textureheight":64,"bones":[{"name":"rightarm","pivot":[-5,22,0],"rotation":[0,0,0],"cubes":[{"origin":[-8,12,-2],"size":[4,12,4],"uv":[40,46]}]},{"name":"leftarm","pivot":[5,22,0],"rotation":[0,0,0],"mirror":true,"cubes":[{"origin":[4,12,-2],"size":[4,12,4],"uv":[40,46]}]}]},"geometry.vex:geometry.humanoid":{"visible_bounds_width":1.5,"visible_bounds_height":1,"visible_bounds_offset":[0,0.5,0],"texturewidth":64,"textureheight":64,"bones":[{"name":"head","pivot":[0,24,0],"rotation":[0,0,0],"cubes":[{"origin":[-4,24,-4],"size":[8,8,8],"uv":[0,0]}]},{"name":"body","pivot":[0,24,0],"rotation":[0,0,0],"cubes":[{"origin":[-4,12,-2],"size":[8,12,4],"uv":[16,16]}]},{"name":"rightarm","pivot":[-5,22,0],"rotation":[0,0,0],"cubes":[{"origin":[-8,12,-2],"size":[4,12,4],"uv":[40,16]}]},{"name":"rightItem","pivot":[-6,15,1],"neverRender":true,"parent":"rightArm"},{"name":"leftarm","pivot":[5,22,0],"rotation":[0,0,0],"mirror":true,"cubes":[{"origin":[4,12,-2],"size":[4,12,4],"uv":[40,16]}]},{"name":"leg0","pivot":[-1.9,12,0],"rotation":[0,0,0],"cubes":[{"origin":[-3.9,0,-2],"size":[4,12,4],"uv":[0,16]},{"origin":[-2.9,3,-2],"size":[6,10,4],"uv":[32,0]}]},{"name":"leftwing","pivot":[0,24,0],"rotation":[0,0,0],"mirror":true,"cubes":[{"origin":[0,12,0],"size":[20,12,1],"uv":[0,32]}]},{"name":"rightwing","pivot":[0,24,0],"rotation":[0,0,0],"cubes":[{"origin":[-20,12,0],"size":[20,12,1],"uv":[0,32]}]}]},"geometry.vindicator":{"visible_bounds_width":1.5,"visible_bounds_height":2.5,"visible_bounds_offset":[0,1.25,0],"texturewidth":64,"textureheight":64,"bones":[{"name":"head","pivot":[0,24,0],"rotation":[0,0,0],"cubes":[{"origin":[-4,24,-4],"size":[8,10,8],"uv":[0,0]}]},{"name":"nose","pivot":[0,26,0],"rotation":[0,0,0],"cubes":[{"origin":[-1,23,-6],"size":[2,4,2],"uv":[24,0]}]},{"name":"body","pivot":[0,24,0],"rotation":[0,0,0],"cubes":[{"origin":[-4,12,-3],"size":[8,12,6],"uv":[16,20]},{"origin":[-4,6,-3],"size":[8,18,6],"uv":[0,38],"inflate":0.5}],"material":"alpha"},{"name":"arms","pivot":[0,22,0],"rotation":[0,0,0],"cubes":[{"origin":[-8,16,-2],"size":[4,8,4],"uv":[44,22]},{"origin":[4,16,-2],"size":[4,8,4],"uv":[44,22]},{"origin":[-4,16,-2],"size":[8,4,4],"uv":[40,38]}]},{"name":"leg0","pivot":[-2,12,0],"rotation":[0,0,0],"cubes":[{"origin":[-4,0,-2],"size":[4,12,4],"uv":[0,22]}]},{"name":"leg1","pivot":[2,12,0],"rotation":[0,0,0],"mirror":true,"cubes":[{"origin":[0,0,-2],"size":[4,12,4],"uv":[0,22]}]},{"name":"rightarm","pivot":[-5,22,0],"rotation":[0,0,0],"cubes":[{"origin":[-8,12,-2],"size":[4,12,4],"uv":[40,46]}]},{"name":"rightItem","pivot":[-1,15,1],"neverRender":true,"parent":"rightArm"},{"name":"leftarm","pivot":[5,22,0],"rotation":[0,0,0],"mirror":true,"cubes":[{"origin":[4,12,-2],"size":[4,12,4],"uv":[40,46]}]}]},"geometry.wolf":{"visible_bounds_width":1.5,"visible_bounds_height":1,"visible_bounds_offset":[0,0.5,0],"texturewidth":64,"textureheight":32,"bones":[{"name":"head","pivot":[-1,10.5,-7],"cubes":[{"origin":[-4,7.5,-9],"size":[6,6,4],"uv":[0,0]},{"origin":[-4,13.5,-7],"size":[2,2,1],"uv":[16,14]},{"origin":[0,13.5,-7],"size":[2,2,1],"uv":[16,14]},{"origin":[-2.5,7.515625,-12],"size":[3,3,4],"uv":[0,10]}]},{"name":"body","pivot":[0,10,2],"cubes":[{"origin":[-4,3,-1],"size":[6,9,6],"uv":[18,14]}]},{"name":"upperBody","pivot":[-1,10,2],"cubes":[{"origin":[-5,7,-1],"size":[8,6,7],"uv":[21,0]}]},{"name":"leg0","pivot":[-2.5,8,7],"cubes":[{"origin":[-3.5,0,6],"size":[2,8,2],"uv":[0,18]}]},{"name":"leg1","pivot":[0.5,8,7],"cubes":[{"origin":[-0.5,0,6],"size":[2,8,2],"uv":[0,18]}]},{"name":"leg2","pivot":[-2.5,8,-4],"cubes":[{"origin":[-3.5,0,-5],"size":[2,8,2],"uv":[0,18]}]},{"name":"leg3","pivot":[0.5,8,-4],"cubes":[{"origin":[-0.5,0,-5],"size":[2,8,2],"uv":[0,18]}]},{"name":"tail","pivot":[-1,12,8],"cubes":[{"origin":[-2,4,7],"size":[2,8,2],"uv":[9,18]}]}]},"geometry.ocelot":{"visible_bounds_width":2.5,"visible_bounds_height":1,"visible_bounds_offset":[0,0.5,0],"texturewidth":64,"textureheight":32,"bones":[{"name":"head","pivot":[0,9,-9],"cubes":[{"origin":[-2.5,7,-12],"size":[5,4,5],"uv":[0,0]},{"origin":[-1.5,7.015625,-13],"size":[3,2,2],"uv":[0,24]},{"origin":[-2,11,-9],"size":[1,1,2],"uv":[0,10]},{"origin":[1,11,-9],"size":[1,1,2],"uv":[6,10]}]},{"name":"body","pivot":[0,12,-10],"cubes":[{"origin":[-2,-7,-18],"size":[4,16,6],"uv":[20,0]}]},{"name":"tail1","pivot":[0,9,8],"cubes":[{"origin":[-0.5,1,8],"size":[1,8,1],"uv":[0,15]}],"rotation":[50,0,0]},{"name":"tail2","pivot":[0,4,13],"cubes":[{"origin":[-0.5,-4,13],"size":[1,8,1],"uv":[4,15]}]},{"name":"backLegL","pivot":[1.1,6,5],"cubes":[{"origin":[0.1,0,6],"size":[2,6,2],"uv":[8,13]}]},{"name":"backLegR","pivot":[-1.1,6,5],"cubes":[{"origin":[-2.1,0,6],"size":[2,6,2],"uv":[8,13]}]},{"name":"frontLegL","pivot":[1.2,10.2,-5],"cubes":[{"origin":[0.2,0.2,-5],"size":[2,10,2],"uv":[40,0]}]},{"name":"frontLegR","pivot":[-1.2,10.2,-5],"cubes":[{"origin":[-2.2,0.2,-5],"size":[2,10,2],"uv":[40,0]}]}]},"geometry.trident":{"texturewidth":32,"textureheight":32,"bones":[{"name":"pole","pivot":[0,24,0],"rotation":[0,0,0],"cubes":[{"origin":[-0.5,-3,-0.5],"size":[1,31,1],"inflate":0.01,"uv":[0,0]},{"origin":[-1.5,22,-0.5],"size":[3,2,1],"uv":[4,0]},{"origin":[-2.5,23,-0.5],"size":[1,4,1],"uv":[4,3]}]},{"name":"rDent","pivot":[0,24,0],"rotation":[0,0,0],"mirror":true,"cubes":[{"origin":[1.5,23,-0.5],"size":[1,4,1],"uv":[4,3]}]}]},"geometry.guardian":{"visible_bounds_width":3.5,"visible_bounds_height":2,"visible_bounds_offset":[0,0.5,0],"texturewidth":64,"textureheight":64,"bones":[{"name":"head","pivot":[0,24,0],"rotation":[0,0,0],"mirror":true,"cubes":[{"mirror":false,"origin":[-6,2,-8],"size":[12,12,16],"uv":[0,0]},{"mirror":false,"origin":[-8,2,-6],"size":[2,12,12],"uv":[0,28]},{"origin":[6,2,-6],"size":[2,12,12],"uv":[0,28]},{"origin":[-6,14,-6],"size":[12,2,12],"uv":[16,40]},{"origin":[-6,0,-6],"size":[12,2,12],"uv":[16,40]}]},{"name":"eye","pivot":[0,24,0],"rotation":[0,0,0],"cubes":[{"origin":[-1,7,0],"size":[2,2,1],"uv":[8,0]}]},{"name":"tailpart0","pivot":[0,24,0],"rotation":[0,0,0],"cubes":[{"origin":[-2,6,7],"size":[4,4,8],"uv":[40,0]}]},{"name":"tailpart1","pivot":[0,24,0],"rotation":[0,0,0],"cubes":[{"origin":[0,7,0],"size":[3,3,7],"uv":[0,54]}]},{"name":"tailpart2","pivot":[0,24,0],"rotation":[0,0,0],"cubes":[{"origin":[0,8,0],"size":[2,2,6],"uv":[41,32]},{"origin":[1,4.5,3],"size":[1,9,9],"uv":[25,19]}]},{"name":"spikepart0","pivot":[0,24,0],"rotation":[0,0,0],"cubes":[{"origin":[-1,19.5,-1],"size":[2,9,2],"uv":[0,0]}]},{"name":"spikepart1","pivot":[0,24,0],"rotation":[0,0,0],"cubes":[{"origin":[-1,19.5,-1],"size":[2,9,2],"uv":[0,0]}]},{"name":"spikepart2","pivot":[0,24,0],"rotation":[0,0,0],"cubes":[{"origin":[-1,19.5,-1],"size":[2,9,2],"uv":[0,0]}]},{"name":"spikepart3","pivot":[0,24,0],"rotation":[0,0,0],"cubes":[{"origin":[-1,19.5,-1],"size":[2,9,2],"uv":[0,0]}]},{"name":"spikepart4","pivot":[0,24,0],"rotation":[0,0,0],"cubes":[{"origin":[-1,19.5,-1],"size":[2,9,2],"uv":[0,0]}]},{"name":"spikepart5","pivot":[0,24,0],"rotation":[0,0,0],"cubes":[{"origin":[-1,19.5,-1],"size":[2,9,2],"uv":[0,0]}]},{"name":"spikepart6","pivot":[0,24,0],"rotation":[0,0,0],"cubes":[{"origin":[-1,19.5,-1],"size":[2,9,2],"uv":[0,0]}]},{"name":"spikepart7","pivot":[0,24,0],"rotation":[0,0,0],"cubes":[{"origin":[-1,19.5,-1],"size":[2,9,2],"uv":[0,0]}]},{"name":"spikepart8","pivot":[0,24,0],"rotation":[0,0,0],"cubes":[{"origin":[-1,19.5,-1],"size":[2,9,2],"uv":[0,0]}]},{"name":"spikepart9","pivot":[0,24,0],"rotation":[0,0,0],"cubes":[{"origin":[-1,19.5,-1],"size":[2,9,2],"uv":[0,0]}]},{"name":"spikepart10","pivot":[0,24,0],"rotation":[0,0,0],"cubes":[{"origin":[-1,19.5,-1],"size":[2,9,2],"uv":[0,0]}]},{"name":"spikepart11","pivot":[0,24,0],"rotation":[0,0,0],"cubes":[{"origin":[-1,19.5,-1],"size":[2,9,2],"uv":[0,0]}]}]},"geometry.polarbear":{"visible_bounds_width":3,"visible_bounds_height":2,"visible_bounds_offset":[0,0.5,0],"texturewidth":128,"textureheight":64,"bones":[{"name":"head","pivot":[0,14,-16],"rotation":[0,0,0],"mirror":true,"cubes":[{"mirror":false,"origin":[-3.5,10,-19],"size":[7,7,7],"uv":[0,0]},{"mirror":false,"origin":[-2.5,10,-22],"size":[5,3,3],"uv":[0,44]},{"mirror":false,"origin":[-4.5,16,-17],"size":[2,2,1],"uv":[26,0]},{"origin":[2.5,16,-17],"size":[2,2,1],"uv":[26,0]}]},{"name":"body","pivot":[-2,15,12],"rotation":[0,0,0],"cubes":[{"origin":[-7,14,5],"size":[14,14,11],"uv":[0,19]},{"origin":[-6,28,5],"size":[12,12,10],"uv":[39,0]}]},{"name":"leg0","pivot":[-4.5,10,6],"rotation":[0,0,0],"cubes":[{"origin":[-6.5,0,4],"size":[4,10,8],"uv":[50,22]}]},{"name":"leg1","pivot":[4.5,10,6],"rotation":[0,0,0],"cubes":[{"origin":[2.5,0,4],"size":[4,10,8],"uv":[50,22]}]},{"name":"leg2","pivot":[-3.5,10,-8],"rotation":[0,0,0],"cubes":[{"origin":[-5.5,0,-10],"size":[4,10,6],"uv":[50,40]}]},{"name":"leg3","pivot":[3.5,10,-8],"rotation":[0,0,0],"cubes":[{"origin":[1.5,0,-10],"size":[4,10,6],"uv":[50,40]}]}]},"geometry.turtle":{"texturewidth":128,"textureheight":64,"bones":[{"name":"head","pivot":[0,5,-10],"rotation":[0,0,0],"cubes":[{"origin":[-3,1,-13],"size":[6,5,6],"uv":[2,0]}]},{"name":"eggbelly","pivot":[0,13,-10],"rotation":[0,0,0],"cubes":[{"origin":[-4.5,-8,-24],"size":[9,18,1],"uv":[69,33]}]},{"name":"body","pivot":[0,13,-10],"rotation":[0,0,0],"cubes":[{"origin":[-9.5,-10,-20],"size":[19,20,6],"uv":[6,37]},{"origin":[-5.5,-8,-23],"size":[11,18,3],"uv":[30,1]}]},{"name":"leg0","pivot":[-3.5,2,11],"rotation":[0,0,0],"cubes":[{"origin":[-5.5,1,11],"size":[4,1,10],"uv":[0,23]}]},{"name":"leg1","pivot":[3.5,2,11],"rotation":[0,0,0],"cubes":[{"origin":[1.5,1,11],"size":[4,1,10],"uv":[0,12]}]},{"name":"leg2","pivot":[-5,3,-4],"rotation":[0,0,0],"cubes":[{"origin":[-18,2,-6],"size":[13,1,5],"uv":[26,30]}]},{"name":"leg3","pivot":[5,3,-4],"rotation":[0,0,0],"cubes":[{"origin":[5,2,-6],"size":[13,1,5],"uv":[26,24]}]}]},"geometry.villager":{"visible_bounds_width":1.5,"visible_bounds_height":2.5,"visible_bounds_offset":[0,1.25,0],"bones":[{"name":"head","pivot":[0,24,0],"cubes":[{"origin":[-4,24,-4],"size":[8,10,8],"uv":[0,0]}]},{"name":"nose","parent":"head","pivot":[0,26,0],"cubes":[{"origin":[-1,23,-6],"size":[2,4,2],"uv":[24,0]}]},{"name":"body","pivot":[0,24,0],"cubes":[{"origin":[-4,12,-3],"size":[8,12,6],"uv":[16,20]},{"origin":[-4,6,-3],"size":[8,18,6],"uv":[0,38],"inflate":0.5}],"material":"alpha"},{"name":"arms","pivot":[0,22,0],"cubes":[{"origin":[-4,16,-2],"size":[8,4,4],"uv":[40,38]},{"origin":[-8,16,-2],"size":[4,8,4],"uv":[44,22]},{"origin":[4,16,-2],"size":[4,8,4],"uv":[44,22]}]},{"name":"leg0","pivot":[-2,12,0],"cubes":[{"origin":[-4,0,-2],"size":[4,12,4],"uv":[0,22]}]},{"name":"leg1","pivot":[2,12,0],"cubes":[{"origin":[0,0,-2],"size":[4,12,4],"uv":[0,22]}]}]},"geometry.villager.witch:geometry.villager":{"visible_bounds_width":1.5,"visible_bounds_height":3,"visible_bounds_offset":[0,1.5,0],"texturewidth":64,"textureheight":128,"bones":[{"name":"nose","parent":"head","cubes":[{"origin":[0,25,-6.75],"size":[1,1,1],"uv":[0,0],"inflate":-0.25}]},{"name":"hat","parent":"head","pivot":[-5,32.03125,-5],"cubes":[{"origin":[-5,32.05,-5],"size":[10,2,10],"uv":[0,64]}]},{"name":"hat2","parent":"hat","pivot":[1.75,32,2],"cubes":[{"origin":[-3.25,33.5,-3],"size":[7,4,7],"uv":[0,76]}],"rotation":[-3,0,1.5]},{"name":"hat3","parent":"hat2","pivot":[1.75,35,2],"cubes":[{"origin":[-1.5,36.5,-1],"size":[4,4,4],"uv":[0,87]}],"rotation":[-6,0,3]},{"name":"hat4","parent":"hat3","pivot":[1.75,38,2],"cubes":[{"origin":[0.25,40,1],"size":[1,2,1],"uv":[0,95],"inflate":0.25}],"rotation":[-12,0,6]}]},"geometry.chalkboard_small":{"visible_bounds_width":1,"visible_bounds_height":1,"visible_bounds_offset":[0,0.5,0],"texturewidth":64,"textureheight":32,"bones":[{"name":"body","cubes":[{"origin":[-8,4,-1],"uv":[0,0],"size":[16,12,2]}],"pivot":[-8.881784E-18,0,7.105427E-17]},{"name":"rightLeg","cubes":[{"origin":[-1,0,-1],"uv":[0,14],"size":[2,4,2]}],"pivot":[0,2.842171E-16,7.105427E-17]}]},"geometry.chalkboard_medium":{"visible_bounds_width":1,"visible_bounds_height":1,"visible_bounds_offset":[0,0.5,0],"texturewidth":128,"textureheight":32,"bones":[{"name":"body","cubes":[{"origin":[-16,4,-1],"uv":[0,0],"size":[32,12,2]}],"pivot":[0,0,1.421085E-16]},{"name":"leftLeg","cubes":[{"origin":[10,0,-1],"uv":[0,14],"size":[2,4,2]}],"pivot":[2.273737E-15,-5.684342E-16,7.105427E-17]},{"name":"rightLeg","cubes":[{"origin":[-12,0,-1],"uv":[0,14],"size":[2,4,2]}],"pivot":[-4.547474E-15,-8.526513E-16,0]}]},"geometry.chalkboard_large":{"visible_bounds_width":1,"visible_bounds_height":1,"visible_bounds_offset":[0,0.5,0],"texturewidth":128,"textureheight":64,"bones":[{"name":"body","cubes":[{"origin":[-24,4,-1],"uv":[0,0],"size":[48,28,2]}],"pivot":[0,-1.136868E-15,7.105427E-17]},{"name":"leftLeg","cubes":[{"origin":[16,0,-1],"uv":[0,30],"size":[2,4,2]}],"pivot":[0,2.842171E-16,0]},{"name":"rightLeg","cubes":[{"origin":[-18,0,-1],"uv":[0,30],"size":[2,4,2]}],"pivot":[0,2.842171E-16,0]}]},"geometry.npc":{"visible_bounds_width":1,"visible_bounds_height":1,"visible_bounds_offset":[0,0.5,0],"texturewidth":64,"textureheight":64,"bones":[{"name":"head","pivot":[0,24,0],"cubes":[{"origin":[-4,24,-4],"size":[8,10,8],"uv":[0,0]}]},{"name":"hat","neverRender":false,"material":"alpha","pivot":[0,24,0],"cubes":[{"origin":[-4,24,-4],"size":[8,8,8],"uv":[32,0],"inflate":0.5}],"parent":"head"},{"name":"nose","parent":"head","pivot":[0,26,0],"cubes":[{"origin":[-1,23,-6],"size":[2,4,2],"uv":[24,0]}]},{"name":"body","pivot":[0,24,0],"cubes":[{"origin":[-4,12,-3],"size":[8,12,6],"uv":[16,20]},{"origin":[-4,6,-3],"size":[8,18,6],"uv":[0,38],"inflate":0.5}],"material":"alpha"},{"name":"arms","pivot":[0,22,0],"cubes":[{"origin":[-4,16,-2],"size":[8,4,4],"uv":[40,38]},{"origin":[-8,16,-2],"size":[4,8,4],"uv":[44,22]},{"origin":[4,16,-2],"size":[4,8,4],"uv":[44,46]}],"parent":"body"},{"name":"leg0","pivot":[-2,12,0],"cubes":[{"origin":[-4,0,-2],"size":[4,12,4],"uv":[0,22]}]},{"name":"leg1","pivot":[2,12,0],"cubes":[{"origin":[0,0,-2],"size":[4,12,4],"uv":[0,22]}]},{"name":"leftPants","pivot":[1.9,12,0],"cubes":[{"origin":[-0.1,0,-2],"size":[4,12,4],"uv":[0,48],"inflate":0.25}],"pos":[1.9,12,0],"material":"alpha","parent":"leg1"},{"name":"rightPants","pivot":[-1.9,12,0],"cubes":[{"origin":[-3.9,0,-2],"size":[4,12,4],"uv":[0,32],"inflate":0.25}],"pos":[-1.9,12,0],"material":"alpha","parent":"leg0"},{"name":"jacket","pivot":[0,24,0],"cubes":[{"origin":[-4,12,-2],"size":[8,12,4],"uv":[16,32],"inflate":0.25}],"material":"alpha","parent":"body"}]},"geometry.witherBoss":{"visible_bounds_width":3,"visible_bounds_height":4,"visible_bounds_offset":[0,2,0],"texturewidth":64,"textureheight":64,"bones":[{"name":"upperBodyPart1","pivot":[0,24,0],"cubes":[{"origin":[-10,17.1,-0.5],"size":[20,3,3],"uv":[0,16]}]},{"name":"upperBodyPart2","pivot":[-2,17.1,-0.5],"cubes":[{"origin":[-2,7.1,-0.5],"size":[3,10,3],"uv":[0,22]},{"origin":[-6,13.6,0],"size":[11,2,2],"uv":[24,22]},{"origin":[-6,11.1,0],"size":[11,2,2],"uv":[24,22]},{"origin":[-6,8.6,0],"size":[11,2,2],"uv":[24,22]}]},{"name":"upperBodyPart3","pivot":[0,24,0],"cubes":[{"origin":[0,18,0],"size":[3,6,3],"uv":[12,22]}]},{"name":"head1","pivot":[0,20,0],"cubes":[{"origin":[-4,20,-4],"size":[8,8,8],"uv":[0,0]}]},{"name":"head2","pivot":[-9,18,-1],"cubes":[{"origin":[-12,18,-4],"size":[6,6,6],"uv":[32,0]}]},{"name":"head3","pivot":[9,18,-1],"cubes":[{"origin":[6,18,-4],"size":[6,6,6],"uv":[32,0]}]}]},"geometry.witherBoss.armor:geometry.witherBoss":{"visible_bounds_width":1,"visible_bounds_height":1,"visible_bounds_offset":[0,0.5,0],"texturewidth":64,"textureheight":64,"bones":[{"name":"upperBodyPart1","inflate":2,"material":"charged"},{"name":"upperBodyPart2","inflate":2,"material":"charged"},{"name":"upperBodyPart3","inflate":2,"material":"charged"},{"name":"head1","inflate":2,"material":"charged"},{"name":"head2","inflate":2,"material":"charged"},{"name":"head3","inflate":2,"material":"charged"}]},"geometry.agent":{"visible_bounds_width":1,"visible_bounds_height":1,"visible_bounds_offset":[0,0.5,0],"texturewidth":32,"textureheight":32,"bones":[{"pivot":[0,24,0],"rotation":[0,0,0],"cubes":[{"origin":[-4,5,-2],"size":[8,4,4],"uv":[0,12]},{"origin":[-3,3,-2],"size":[6,2,4],"uv":[0,20]}],"name":"body"},{"pivot":[0,9,-0.8],"rotation":[0,0,0],"cubes":[{"origin":[-3,9,-3],"size":[6,7,5],"uv":[0,0]},{"origin":[-1,9,-4],"size":[2,3,1],"uv":[17,1]}],"name":"head"},{"pivot":[5,9,0],"rotation":[0,0,0],"cubes":[{"origin":[4,0,-1],"size":[2,9,2],"uv":[24,11]}],"name":"leftArm"},{"pivot":[-5,9,0],"rotation":[0,0,0],"cubes":[{"origin":[-6,0,-1],"size":[2,9,2],"uv":[24,0]}],"name":"rightArm"},{"pivot":[1.9,3,0],"rotation":[0,0,0],"cubes":[{"origin":[1,0,-1],"size":[2,3,2],"uv":[8,26]}],"name":"leftLeg"},{"pivot":[-1.9,3,0],"rotation":[0,0,0],"cubes":[{"origin":[-3,0,-1],"size":[2,3,2],"uv":[0,26]}],"name":"rightLeg"}]},"geometry.armor_stand":{"visible_bounds_width":1.5,"visible_bounds_height":1,"visible_bounds_offset":[0,0.5,0],"texturewidth":64,"textureheight":64,"bones":[{"name":"head","pivot":[0,24,0],"cubes":[{"origin":[-1,24,-1],"size":[2,7,2],"uv":[0,0]}]},{"name":"body","pivot":[0,24,0],"cubes":[{"origin":[-6,21,-1.5],"size":[12,3,3],"uv":[0,26]},{"origin":[-3,14,-1],"size":[2,7,2],"uv":[16,0]},{"origin":[1,14,-1],"size":[2,7,2],"uv":[48,16]},{"origin":[-4,12,-1],"size":[8,2,2],"uv":[0,48]}]},{"name":"rightArm","pivot":[-5,22,0],"cubes":[{"origin":[-7,12,-1],"size":[2,12,2],"uv":[24,0]}]},{"name":"leftArm","pivot":[5,22,0],"cubes":[{"origin":[5,12,-1],"size":[2,12,2],"uv":[32,16]}],"mirror":"true"},{"name":"rightLeg","pivot":[-1.9,12,0],"cubes":[{"origin":[-2.9,1,-1],"size":[2,11,2],"uv":[8,0]}]},{"name":"leftLeg","pivot":[1.9,12,0],"cubes":[{"origin":[0.9,1,-1],"size":[2,11,2],"uv":[40,16]}],"mirror":"true"},{"name":"basePlate","cubes":[{"origin":[-6,0,-6],"size":[12,1,12],"uv":[0,32]}]}]},"geometry.parrot":{"visible_bounds_width":1,"visible_bounds_height":1,"visible_bounds_offset":[0,0.5,0],"texturewidth":32,"textureheight":32,"bones":[{"name":"head","pivot":[0,8.3,-2.8],"rotation":[0,0,0],"cubes":[{"origin":[-1,6.8,-3.8],"size":[2,3,2],"uv":[2,2]}]},{"name":"head2","pivot":[0,26,-1],"rotation":[0,0,0],"cubes":[{"origin":[-1,25.5,-3],"size":[2,1,4],"uv":[10,0]}]},{"name":"beak1","pivot":[0,24.5,-1.5],"rotation":[0,0,0],"cubes":[{"origin":[-0.5,23.5,-2],"size":[1,2,1],"uv":[11,7]}]},{"name":"beak2","pivot":[0,25.8,-2.5],"rotation":[0,0,0],"cubes":[{"origin":[-0.5,23.8,-3],"size":[1,1.7,1],"uv":[16,7]}]},{"name":"body","pivot":[0,7.5,-3],"rotation":[0,0,0],"cubes":[{"origin":[-1.5,1.5,-4.5],"size":[3,6,3],"uv":[2,8]}]},{"name":"tail","pivot":[0,2.9,1.2],"rotation":[0,0,0],"cubes":[{"origin":[-1.5,-0.1,0.2],"size":[3,4,1],"uv":[22,1]}]},{"name":"wing0","pivot":[1.5,7.1,-2.8],"rotation":[0,0,0],"cubes":[{"origin":[1,2.1,-4.3],"size":[1,5,3],"uv":[19,8]}]},{"name":"wing1","pivot":[-1.5,7.1,-2.8],"rotation":[0,0,0],"cubes":[{"origin":[-2,2.1,-4.3],"size":[1,5,3],"uv":[19,8]}]},{"name":"feather","pivot":[0,26.1,0.2],"rotation":[0,0,0],"cubes":[{"origin":[0,25.1,-1.9],"size":[0,5,4],"uv":[2,18]}]},{"name":"leg0","pivot":[1,2,-1],"rotation":[0,0,0],"cubes":[{"origin":[0.5,0,-0.5],"size":[1,2,1],"uv":[14,18]}]},{"name":"leg1","pivot":[-1,2,-1],"rotation":[0,0,0],"cubes":[{"origin":[-1.5,0,-0.5],"size":[1,2,1],"uv":[14,18]}]}]},"geometry.bed":{"visible_bounds_width":1,"visible_bounds_height":1,"visible_bounds_offset":[0,0.5,0],"bones":[{"pivot":[0,24,0],"rotation":[0,0,0],"cubes":[{"origin":[0,0,0],"size":[16,32,6],"uv":[0,0],"inflate":0,"mirror":false},{"origin":[3,31,6],"size":[10,1,3],"uv":[38,2],"inflate":0,"mirror":false},{"origin":[3,0,6],"size":[10,1,3],"uv":[38,38],"inflate":0,"mirror":false},{"origin":[15,3,6],"size":[1,26,3],"uv":[52,6],"inflate":0,"mirror":false},{"origin":[0,3,6],"size":[1,26,3],"uv":[44,6],"inflate":0,"mirror":false}],"META_BoneType":"base","name":"bed","parent":null},{"pivot":[5,22,0],"rotation":[0,0,0],"cubes":[{"origin":[13,29,6],"size":[3,3,3],"uv":[12,38],"inflate":0,"mirror":false}],"META_BoneType":"base","name":"leg1","parent":null},{"pivot":[-5,22,0],"rotation":[0,0,0],"cubes":[{"origin":[0,29,6],"size":[3,3,3],"uv":[0,38],"inflate":0,"mirror":false}],"META_BoneType":"base","name":"leg0","parent":null},{"pivot":[2,12,0],"rotation":[0,0,0],"cubes":[{"origin":[13,0,6],"size":[3,3,3],"uv":[12,44],"inflate":0,"mirror":false}],"META_BoneType":"base","name":"leg3","parent":null},{"pivot":[-2,12,0],"rotation":[0,0,0],"cubes":[{"origin":[0,0,6],"size":[3,3,3],"uv":[0,44],"inflate":0,"mirror":false}],"META_BoneType":"base","name":"leg2","parent":null}],"texturewidth":64,"textureheight":64,"META_ModelVersion":"1.0.6","rigtype":"normal"},"geometry.player_head":{"visible_bounds_width":1,"visible_bounds_height":1,"visible_bounds_offset":[0,0.5,0],"texturewidth":64,"textureheight":64,"bones":[{"name":"head","pivot":[0,24,0],"cubes":[{"origin":[-4,24,-4],"size":[8,8,8],"uv":[0,0]}]}]},"geometry.mob_head":{"visible_bounds_width":1,"visible_bounds_height":1,"visible_bounds_offset":[0,0.5,0],"texturewidth":64,"textureheight":32,"bones":[{"name":"head","pivot":[0,24,0],"cubes":[{"origin":[-4,24,-4],"size":[8,8,8],"uv":[0,0]}]}]},"geometry.dragon_head":{"visible_bounds_width":1,"visible_bounds_height":1,"visible_bounds_offset":[0,0.5,0],"texturewidth":256,"textureheight":256,"bones":[{"name":"head","pivot":[0,24,0],"rotation":[0,0,0],"cubes":[{"origin":[-8,16,-10],"size":[16,16,16],"uv":[112,30]},{"mirror":true,"origin":[-5,32,-4],"size":[2,4,6],"uv":[0,0]},{"origin":[3,32,-4],"size":[2,4,6],"uv":[0,0]}]},{"name":"snout","pivot":[0,24,0],"rotation":[0,0,0],"cubes":[{"origin":[-6,20,-24],"size":[12,5,16],"uv":[176,44]},{"mirror":true,"origin":[-5,25,-22],"size":[2,2,4],"uv":[112,0]},{"origin":[3,25,-22],"size":[2,2,4],"uv":[112,0]}]},{"name":"jaw","pivot":[0,20,-8],"rotation":[0,0,0],"cubes":[{"origin":[-6,16,-24],"size":[12,4,16],"uv":[176,65]}]}]},"geometry.cod":{"texturewidth":32,"textureheight":32,"bones":[{"name":"body","pivot":[0,0,0],"rotation":[0,0,0],"cubes":[{"origin":[-1,0,1],"size":[2,4,7],"uv":[0,0]},{"origin":[0.0016,3.9992,0],"size":[0,1,6],"uv":[20,-6]},{"origin":[-8.0E-4,-1,3.0008],"size":[0,1,2],"uv":[24,-2]}]},{"name":"head","pivot":[0,2,0],"rotation":[0,0,0],"cubes":[{"origin":[-0.9992,1.0008,-3],"size":[2,3,1],"uv":[0,0]},{"origin":[-1,0,-2],"size":[2,4,3],"uv":[11,0]}]},{"name":"leftFin","pivot":[1,1,0],"rotation":[0,0,35],"cubes":[{"origin":[1,0,0],"size":[2,1,2],"uv":[24,4]}]},{"name":"rightFin","pivot":[-1,1,0],"rotation":[0,0,-35],"cubes":[{"origin":[-3,0,0],"size":[2,1,2],"uv":[24,1]}]},{"name":"tailfin","pivot":[0,0,8],"rotation":[0,0,0],"cubes":[{"origin":[0,0,8],"size":[0,4,6],"uv":[20,1]}]},{"name":"waist","pivot":[0,0,0],"rotation":[0,0,0],"cubes":[]}]},"geometry.pufferfish.small":{"texturewidth":32,"textureheight":32,"bones":[{"name":"body","pivot":[0,0,0],"rotation":[0,0,0],"cubes":[{"origin":[-1.5,0,-1.5],"size":[3,2,3],"uv":[0,27]},{"origin":[0.5,2,-1.5],"size":[1,1,1],"uv":[24,6]},{"origin":[-1.5,2,-1.5],"size":[1,1,1],"uv":[28,6]}]},{"name":"tailfin","pivot":[0,0,0],"rotation":[0,0,0],"cubes":[{"origin":[-1.5,1,1.5],"size":[3,0,3],"uv":[-3,0]}]},{"name":"leftFin","pivot":[4,7,3],"rotation":[0,0,0],"cubes":[{"origin":[1.5,0,-1.4904],"size":[1,1,2],"uv":[25,0]}]},{"name":"rightFin","pivot":[-4,7,1],"rotation":[0,0,0],"cubes":[{"origin":[-2.4968,0,-1.492],"size":[1,1,2],"uv":[25,0]}]}]},"geometry.pufferfish.mid":{"texturewidth":32,"textureheight":32,"bones":[{"name":"body","pivot":[0,0,0],"rotation":[0,0,0],"cubes":[{"origin":[-2.5,1,-2.5],"size":[5,5,5],"uv":[12,22]}]},{"name":"leftFin","pivot":[4,7,3],"rotation":[0,0,0],"cubes":[{"origin":[2.5,5,-1.4904],"size":[2,1,2],"uv":[24,3]}]},{"name":"rightFin","pivot":[-4,7,1],"rotation":[0,0,0],"cubes":[{"origin":[-4,6,1],"size":[2,1,2],"uv":[24,0]}]},{"name":"spines_top_front","pivot":[-2.5,6,-2.5],"rotation":[45,0,0],"cubes":[{"origin":[-2.5,6,-2.5],"size":[4,1,1],"uv":[18,16]}]},{"name":"spines_top_back","pivot":[-2.5,6,2.5],"rotation":[-45,0,0],"cubes":[{"origin":[-1.5,6,1.5],"size":[4,1,1],"uv":[10,16]}]},{"name":"spines_bottom_front","pivot":[-2.5,0,-2.5],"rotation":[-45,0,0],"cubes":[{"origin":[-2.5,0.5,-2.5],"size":[5,1,1],"uv":[17,19]}]},{"name":"spines_bottom_back","pivot":[0,1,2.5],"rotation":[-45,0,0],"cubes":[{"origin":[-2.5,0,2.5],"size":[5,1,1],"uv":[17,20]}]},{"name":"spines_left_front","pivot":[2.5,0,-2.5],"rotation":[0,45,0],"cubes":[{"origin":[2.5,1,-2.5],"size":[1,5,1],"uv":[4,16]}]},{"name":"spines_left_back","pivot":[2.5,0,2.5],"rotation":[0,-45,0],"cubes":[{"origin":[2.5,1,2.5],"size":[1,5,1],"uv":[4,16]}]},{"name":"spines_right_front","pivot":[-2.5,0,-2.5],"rotation":[0,-45,0],"cubes":[{"origin":[-3.5,1,-2.5],"size":[1,5,1],"uv":[4,16]}]},{"name":"spines_right_back","pivot":[-2.5,0,2.5],"rotation":[0,45,0],"cubes":[{"origin":[-3.5,1,2.5],"size":[1,5,1],"uv":[8,16]}]}]},"geometry.pufferfish.large":{"texturewidth":32,"textureheight":32,"bones":[{"name":"body","pivot":[0,0,0],"rotation":[0,0,0],"cubes":[{"origin":[-4,0,-4],"size":[8,8,8],"uv":[0,0]}]},{"name":"leftFin","pivot":[4,7,3],"rotation":[0,0,0],"cubes":[{"origin":[4,6,-2.9904],"size":[2,1,2],"uv":[24,3]}]},{"name":"rightFin","pivot":[-4,7,1],"rotation":[0,0,0],"cubes":[{"origin":[-5.9968,6,-2.992],"size":[2,1,2],"uv":[24,0]}]},{"name":"spines_top_front","pivot":[-4,8,-4],"rotation":[45,0,0],"cubes":[{"origin":[-4,8,-4],"size":[8,1,1],"uv":[14,16]}]},{"name":"spines_top_mid","pivot":[0,8,0],"rotation":[0,0,0],"cubes":[{"origin":[-4,8,0],"size":[8,1,1],"uv":[14,16]}]},{"name":"spines_top_back","pivot":[0,8,4],"rotation":[-45,0,0],"cubes":[{"origin":[-4,8,4],"size":[8,1,1],"uv":[14,16]}]},{"name":"spines_bottom_front","pivot":[0,0,-4],"rotation":[-45,0,0],"cubes":[{"origin":[-4,-1,-4],"size":[8,1,1],"uv":[14,19]}]},{"name":"spines_bottom_mid","pivot":[0,-1,0],"rotation":[0,0,0],"cubes":[{"origin":[-4,-1,0],"size":[8,1,1],"uv":[14,19]}]},{"name":"spines_bottom_back","pivot":[0,0,4],"rotation":[-45,0,0],"cubes":[{"origin":[-4,-1,4],"size":[8,1,1],"uv":[14,20]}]},{"name":"spines_left_front","pivot":[4,0,-4],"rotation":[0,45,0],"cubes":[{"origin":[4,0,-4],"size":[1,8,1],"uv":[0,16]}]},{"name":"spines_left_mid","pivot":[4,0,0],"rotation":[0,0,0],"cubes":[{"origin":[4,0,0],"size":[1,8,1],"uv":[4,16]}]},{"name":"spines_left_back","pivot":[4,0,4],"rotation":[0,-45,0],"cubes":[{"origin":[4,0,4],"size":[1,8,1],"uv":[8,16]}]},{"name":"spines_right_front","pivot":[-4,0,-4],"rotation":[0,-45,0],"cubes":[{"origin":[-5,0,-4],"size":[1,8,1],"uv":[4,16]}]},{"name":"spines_right_mid","pivot":[-4,0,0],"rotation":[0,0,0],"cubes":[{"origin":[-5,0,0],"size":[1,8,1],"uv":[8,16]}]},{"name":"spines_right_back","pivot":[-4,0,4],"rotation":[0,45,0],"cubes":[{"origin":[-5,0,4],"size":[1,8,1],"uv":[8,16]}]}]},"geometry.salmon":{"texturewidth":32,"textureheight":32,"bones":[{"name":"body_front","pivot":[0,0,-4],"rotation":[0,0,0],"cubes":[{"origin":[-1.5,3.5,-4],"size":[3,5,8],"uv":[0,0]}]},{"name":"body_back","pivot":[0,0,4],"rotation":[0,0,0],"cubes":[{"origin":[-1.5,3.5,4],"size":[3,5,8],"uv":[0,13]}]},{"name":"dorsal_front","pivot":[0,5,2],"rotation":[0,0,0],"cubes":[{"origin":[0,8.5,2],"size":[0,2,2],"uv":[4,2]}]},{"name":"dorsal_back","pivot":[0,5,4],"rotation":[0,0,0],"cubes":[{"origin":[0,8.5,4],"size":[0,2,3],"uv":[2,3]}]},{"name":"tailfin","pivot":[0,0,12],"rotation":[0,0,0],"cubes":[{"origin":[0,3.5,12],"size":[0,5,6],"uv":[20,10]}]},{"name":"head","pivot":[0,3,-4],"rotation":[0,0,0],"cubes":[{"origin":[-1,4.5,-7],"size":[2,4,3],"uv":[22,0]}]},{"name":"leftFin","pivot":[1.5,1,-4],"rotation":[0,0,35],"cubes":[{"origin":[-0.50752,3.86703,-4],"size":[2,0,2],"uv":[2,0]}]},{"name":"rightFin","pivot":[-1.5,1,-4],"rotation":[0,0,-35],"cubes":[{"origin":[-1.49258,3.86703,-4],"size":[2,0,2],"uv":[-2,0]}]}]},"geometry.tropicalfish_a":{"bones":[{"pivot":[-0.5,0,0],"rotation":[0,0,0],"cubes":[{"origin":[-1,0,-3],"size":[2,3,6],"uv":[0,0],"mirror":false},{"origin":[0,3,-2.9992],"size":[0,4,6],"uv":[10,-6],"mirror":false}],"name":"body"},{"pivot":[0,0,3],"rotation":[0,0,0],"cubes":[{"origin":[0,0,3],"size":[0,3,4],"uv":[24,-4],"mirror":false}],"name":"tailfin"},{"pivot":[0.5,0,1],"rotation":[0,-35,0],"cubes":[{"origin":[0.336,0,-0.10594],"size":[2,2,0],"uv":[2,12],"mirror":false}],"name":"leftFin"},{"pivot":[-0.5,0,1],"rotation":[0,35,0],"cubes":[{"origin":[-2.336,0,-0.10594],"size":[2,2,0],"uv":[2,16],"mirror":false}],"name":"rightFin"}],"texturewidth":32,"textureheight":32},"geometry.tropicalfish_b":{"bones":[{"pivot":[-0.5,0,0],"rotation":[0,0,0],"cubes":[{"origin":[-1,0,-8.0E-4],"size":[2,6,6],"uv":[0,20],"mirror":false},{"origin":[0,-5,-8.0E-4],"size":[0,5,6],"uv":[20,21],"mirror":false},{"origin":[0,6,-8.0E-4],"size":[0,5,6],"uv":[20,10],"mirror":false}],"name":"body"},{"pivot":[0,0,6],"rotation":[0,0,0],"cubes":[{"origin":[0,8.0E-4,6],"size":[0,6,5],"uv":[21,16],"mirror":false}],"name":"tailfin"},{"pivot":[0.5,0,1],"rotation":[0,-35,0],"cubes":[{"origin":[2.05673,0,2.35152],"size":[2,2,0],"uv":[2,12],"mirror":false}],"name":"leftFin"},{"pivot":[-0.5,0,1],"rotation":[0,35,0],"cubes":[{"origin":[-4.05673,0,2.35152],"size":[2,2,0],"uv":[2,16],"mirror":false}],"name":"rightFin"}],"texturewidth":32,"textureheight":32}}