{
	"format_version": "1.16.0",
	"minecraft:entity": {
		"description": {
			"identifier": "addon:he_grenade",
			"is_spawnable": false,
			"is_summonable": true,
			"is_experimental": false,
			"runtime_identifier": "minecraft:snowball"
		},
		"component_groups": {
			"entity:instant_despawn": {
				"minecraft:despawn": {}
			},
		"addon:despawning": {
		"minecraft:timer": {
            "time": 0.2,
            "looping": false,
            "time_down_event": {
            "event": "entity:despawn"
                    }
                },
			"minecraft:explode": {
			"fuseLength": 0.1,
			"fuseLit": true,
			"power": 3,
			"causesFire": false,
			"breaks_blocks": false
		    }
		  }
		},
		"components": {
		"minecraft:timer": {
            "time": 5,
            "looping": false,
            "time_down_event": {
            "event": "addon:despawning"
                    }
                },
			"minecraft:projectile": {
				"onHit": {
				"stick_in_ground": {}
				},
				"power": 1,
				"anchor": 1,
				"gravity": 0.025,
				"offset": [
					0,
					0,
					0
				]
			},
			"minecraft:type_family": {
				"family": [ "grenade" ]
			},
			"minecraft:damage_sensor": {
				"triggers": {
					"cause": "all",
					"deals_damage": false
				}
			},
			"minecraft:collision_box": {
				"width": 0.25,
				"height": 0.25
			},
			"minecraft:scale": {
				"value": 1
			},
			"minecraft:physics": {}
		},
		"events": {
		"addon:despawning": {
			"add": {
				"component_groups": [
					"addon:despawning"
				    ]
			    }
		    },
		"entity:despawn": {
			"add": {
				"component_groups": [
					"entity:despawn"
				    ]
			    }
		    }
		}
	}
}