{
  "minecraft:item" : {
    "components" : {
      "minecraft:stacked_by_data" : true,
      "minecraft:max_stack_size" : 1,
      "minecraft:hand_equipped" : true,
      "minecraft:use_duration" : 999999,
      "minecraft:food" : {
        "effects" : [

        ],
        "can_always_eat" : true,
        "cooldown_type" : "chorusfruit",
        "cooldown_time" : 20
      }
    },
    "description" : {
      "identifier" : "cc:loaded_ballistic_knife_holder"
    }
  },
  "format_version" : "1.10"
}