{
  "entity_sounds" : {
    "entities" : {
      "bullet:loaded_ballistic_knife_holder" : {
        "volume" : 1,
        "pitch" : [
          1,
          1
        ],
        "events" : {
          "purr" : "loaded_ballistic_knife_holder.shot"
        }
      },
      "bullet:tomahawk" : {
        "volume" : 1,
        "pitch" : [
          1,
          1
        ],
        "events" : {
          "purr" : "tomahawk.shot"
        }
      },
      "bullet:throwing_knives" : {
        "volume" : 1,
        "pitch" : [
          1,
          1
        ],
        "events" : {
          "purr" : "throwing_knives.shot"
        }
      }
    }
  }
}