{
  "format_version": "1.16.100",
  "minecraft:item": {
    "description": {
      "identifier": "addon:vec35_ammo",
      "category": "Equipment"
    },
    "components": {
      "minecraft:creative_category": {
        "parent": "itemGroup.name.tools"
      },
      "minecraft:display_name": {
        "value": "Vec35 Mag\n[2067 pack]\nAmmo: 30/30"
      },
      "minecraft:allow_off_hand": true,
      "minecraft:hand_equipped": true,
      "minecraft:max_stack_size": 5,
      "minecraft:icon": {
        "texture": "vec35_ammo"
      },
      "minecraft:render_offsets":{
        "off_hand": {
            "first_person": {
                "scale": [0,0,0]
            },
            "third_person": {
                "scale": [0,0,0]
          }
        },
        "main_hand": {
            "first_person": {
                "scale": [0.007,0.007,0.007]
            },
            "third_person": {
                "scale": [0.012,0.012,0.012]
          }
        }
      }
    }
  }
}