{
"pools": [
    {
      "rolls": 1,
      "conditions": [
        {
          "condition": "random_chance",
          "chance": 0.10
        }
      ],
      "entries": [
        {
          "type": "item",
          "name": "minecraft:snowball",
          "weight": 5,
		  "functions": [
                        {
                            "function": "set_count",
                            "count": {
                                "min": 16,
                                "max": 16
                            }
                        }
                    ]
        }
      ]
    },
    {
      "rolls": 1,
      "conditions": [
        {
          "condition": "random_chance",
          "chance": 0.04
        }
      ],
      "entries": [
        {
          "type": "item",
          "name": "minecraft:egg",
          "weight": 5,
		  "functions": [
                        {
                            "function": "set_count",
                            "count": {
                                "min": 16,
                                "max": 16
                            }
                        }
                    ]
        }
      ]
    }
  ]
  }