{
	"format_version": "1.8.0",
	"animations": {
		"animation.item.ak12" : {
			"loop" : true,
			"bones" : {
				"root": {
			"position" : [1, "0+Math.cos(query.anim_time * 40 + 40) *0.1", -4]
				},
				"rightArm": {
			"position" : [-4.7, 7, -8],
			"rotation": [-10, 47, 60]
				},
				"leftArm": {
			"position": [-6.5, -8, 11],
			"rotation": [75, -32.5, 147.5],
			"scale": [1, 1.5, 1]
				},
				"gun" : {
			"position" : [0, 0, 2],
			"rotation": [0, 0, 0],
			"scale" : [1.5, 1.5, 1.2]
				}
			}
		},
		"animation.item.ak12_aim" : {
			"loop" : true,
			"bones" : {
				"root": {
			"position" : [-0.1, 0.15, -2],
			"rotation": [0, 0, 0]
				},
				"rightArm": {
			"position" : [-8, 10, -15],
			"rotation": [-7, 53, 65]
				},
				"leftArm": {
			"position": [-10, -8, 11],
			"rotation": [75, -32.5, 147.5],
			"scale": [1, 1.5, 1]
				},
				"gun" : {
			"position" : [0, 0, 1],
			"rotation": [0, 0, 7.8],
			"scale" : [1.2, 1.2, 1]
				}
			}
		},
		"animation.item.ak12_sprint": {
			"loop": true,
			"animation_length": 99999999,
			"bones": {
				"root": {
		    "rotation": {
			"0.0": [0, -50, -15],
			"3": [0, -50, -15],
			"3.2": [0, 0, 0]
					},
		    "position": {
			"0.0": [16, 1, -2.5],
			"3": [16, 1, -2.5],
			"3.2": [1, -0.5, 1]
					},
		    "scale": {
			"0.0": [1, 1, 1],
			"3": [1, 1, 1],
			"3.2": [0.8, 0.8, 0.8]
					}
				},
				"gun": {
		    "position": {
			"0.0": [0, 0, 2]
					},
		    "rotation": {
			"0.0": [0, 0, 0]
					},
		    "scale": {
			"0.0": [1.5, 1.5, 1.2]
					}
				},
				"rightArm": {
		    "rotation": {
			"0.0": [-10, 47, 60],
			"3": [-10, 47, 60],
			"3.2": [-70, 30, 60]
					},
		    "position": {
			"0.0": [-4.7, 7, -8],
			"3": [-4.7, 7, -8],
			"3.2": [3.5, 6, -2.5]
					}
				},
				"leftArm": {
		    "position": {
			"0.0": [-6.5, -8, 11],
			"3": [-6.5, -8, 11],
			"3.2": [-20, 0, -4]
					},
		    "rotation": {
			"0.0": [75, -32.5, 147.5],
			"3": [75, -32.5, 147.5],
			"3.2": [75, -10, 210]
					},
		    "scale": {
			"0.0": [1, 1.5, 1],
			"3": [1, 1.5, 1],
			"3.2": [1, 1.8, 1]
					}
				}
			}
		},
	"animation.item.ak12_shoot": {
	"animation_length": 0.1,
			"bones": {
				"root": {
					"position": {
		"0.0": [0, 0, 0],
		"0.05": [0, 0, -0.6],
		"0.1": [0, 0, 0]
					},
					"rotation": {
		"0.0": [0, 0, 0],
		"0.05": [0.7, 0, 0],
		"0.1": [0, 0, 0]
					}
				},
				"zatvor": {
					"position": {
		"0.0": [0, 0, 0],
		"0.05": [0, 0, 2],
		"0.1": [0, 0, 0]
					}
				},
				"bullet": {
					"position": {
		"0.0": [0, 0, 0],
		"0.05": [-10, 1, 0],
		"0.1": [0, 0, 0]
					},
					"rotation": {
		"0.0": [0, 0, 0],
		"0.05": [-20, -20, -20],
		"0.1": [0, 0, 0]
					}
				}
			}
		},
		"animation.item.ak12_draw": {
			"loop": "hold_on_last_frame",
			"animation_length": 0.9,
			"bones": {
				"root": {
					"position": {
				"0.0": [1, 0, -4],
				"0.25": [10, -1, -7],
				"0.45": [10, -1, -7],
				"0.65": [10, -1, -7],
				"0.9": [1, 0, -4]
					},
					"rotation": {
				"0.0": [0, 0, 0],
				"0.25": [0, -45, 0],
				"0.45": [0, -45, 0],
				"0.65": [0, -45, 0],
				"0.9": [0, 0, 0]
					}
				},
				"rightArm": {
			"position": {
				"0.0": [-4.7, 7, -8],
				"0.25": [-2.7, 10, -5],
				"0.45": [-2.7, 10, -8],
				"0.65": [-2.7, 10, -5],
				"0.9": [-4.7, 7, -8]
					},
			"rotation": {
				"0.0": [-10, 47, 60],
				"0.25": [-10, 47, 60],
				"0.45": [-10, 47, 60],
				"0.65": [-10, 47, 60],
				"0.9": [-10, 47, 60]
					}
				},
				"leftArm": {
			"position": {
				"0.0": [-6.5, -8, 11],
				"0.25": [-6.5, -8, 11],
				"0.45": [-6.5, -8, 11],
				"0.65": [-6.5, -8, 11],
				"0.9": [-6.5, -8, 11]
					},
			"rotation": {
				"0.0": [75, -32.5, 146.5],
				"0.25": [75, -32.5, 146.5],
				"0.45": [75, -32.5, 146.5],
				"0.65": [75, -32.5, 146.5],
				"0.9": [75, -32.5, 146.5]
					},
			"scale": [1, 1.5, 1]
				},
				"gun" : {
			"position": {
				"0.0": [0, 0, 2],
				"0.25": [2, 3, 5],
				"0.45": [2, 0, 5],
				"0.65": [2, 3, 5],
				"0.9": [0, 0, 2]
					},
			"rotation": [0, 0, 0],
			"scale" : [1.5, 1.5, 1.2]
				},
				"zatvor" : {
			"position": {
				"0.0": [0, 0, 0],
				"0.25": [0, 0, 0],
				"0.45": [0, 0, 3],
				"0.65": [0, 0, 0],
				"0.9": [0, 0, 0]
					}
				}
			},
			"sound_effects": {
		"0.0": {
		"effect": "gun.draw"
			   },
		"0.4": {
		"effect": "ak12.bolt1"
			   },
		"0.6": {
		"effect": "ak12.bolt2"
			   }
			}
		},
	"animation.item.ak12_reload": {
      "loop": "hold_on_last_frame",
      "animation_length": 2.68,
			"bones": {
				"root": {
					"position": {
			"0.0": [0, 0, 0],
			"0.6": [-5, 2, 0],
			"1.9": [-5, 2, 0],
			"2": [0, 0, 0],
			"2.68": [0, 0, 0]
					},
					"rotation": {
			"0.0": [0, 0, 0],
			"0.6": [0, 0, 20],
			"1.9": [0, 0, 20],
			"2": [0, 0, 0],
			"2.68": [0, 0, 0]
					}
				},
				"ammo": {
					"position": {
			"0.0": [0, 0, 0],
			"0.8": [0, 0, 0],
			"1.2": [0, -6, 0],
			"1.6": [0, 0, 0],
			"2.08": [0, 0, 0],
			"2.68": [0, 0, 0]
					}
				},
				"leftArm": {
					"position": {
			"0.0": [0, 0, 0],
			"0.6": [2, -3.8, -4],
			"0.8": [2, -3.8, -4],
			"1.2": [2, -12, -4],
			"1.6": [2, -3.8, -4],
			"1.8": [2, -3.8, -4],
			"2.0": [0, 1.8, -4],
			"2.2": [0, 1.8, -11],
			"2.4": [0, 1.8, -4],
			"2.5": [0, 0, 0],
			"2.68": [0, 0, 0]
					}
				},
				"rightArm": {
					"rotation": {
			"0.0": [0, 0, 0],
			"1.8": [0, 0, 0],
			"2.0": [0, 0, -30],
			"2.5": [0, 0, -30],
			"2.65": [0, 0, 0],
			"2.68": [0, 0, 0]
					}
				},
				"zatvor": {
					"position": {
			"0.0": [0, 0, 0],
			"2.0": [0, 0, 0],
			"2.2": [0, 0, 2],
			"2.4": [0, 0, 0],
			"2.68": [0, 0, 0]
					}
				}
			},
			"sound_effects": {
		"0.95": {
		"effect": "ak12.unload"
			   },
		"1.7": {
		"effect": "ak12.reload"
		       },
		"2.25": {
		"effect": "ak12.bolt1"
			   },
		"2.45": {
		"effect": "ak12.bolt2"
		       }
			}
		},
		
		
		
		"animation.item.ak12_draw_tpp": {
			"loop": "hold_on_last_frame",
			"animation_length": 0.9,
			"bones": {
				"leftArm": {
					"rotation": {
				"0.0": [0, 0, 0],
				"0.4": [-90, 15, 0],
				"0.9": [-90, 15, 0]
					}
				},
				"rightArm": {
					"rotation": {
				"0.0": [0, 0, 0],
				"0.4": [-90, -40, 0],
				"0.9": [-90, -40, 0]
					}
				},
				"body": {
					"rotation": {
				"0.0": [0, 0, 0],
				"0.4": [0, 30, 0],
				"0.9": [0, 30, 0]
					}
				}
			},
			"sound_effects": {
		"0.0": {
		"effect": "gun.draw"
			   }
			}
		},
		"animation.item.ak12_shoot_tpp": {
			"loop": true,
			"animation_length": 0.1,
			"bones": {
				"rightArm": {
					"rotation": {
						"0.0": [0, 0, 0],
						"0.05": [-1, 0, 0],
						"0.1": [0, 0, 0]
					},
					"position": {
						"0.0": [0, 0, 0],
						"0.05": [0, 0, 1],
						"0.1": [0, 0, 0]
					}
				},
				"leftArm": {
					"rotation": {
						"0.0": [0, 0, 0],
						"0.05": [-1, 0, 0],
						"0.1": [0, 0, 0]
					},
					"position": {
						"0.0": [0, 0, 0],
						"0.05": [0, 0, 1],
						"0.1": [0, 0, 0]
					}
				},
				"zatvor": {
					"position": {
		"0.0": [0, 0, 0],
		"0.05": [0, 0, 2],
		"0.1": [0, 0, 0]
					}
				},
				"bullet": {
					"position": {
		"0.0": [0, 0, 0],
		"0.05": [-10, 1, 0],
		"0.1": [0, 0, 0]
					},
					"rotation": {
		"0.0": [0, 0, 0],
		"0.05": [-20, -20, -20],
		"0.1": [0, 0, 0]
					}
				}
			}
		},
		"animation.item.ak12_aim_tpp": {
			"loop": true,
			"bones": {
				"leftArm" : {
				"rotation": [-100, 15, 0]
				},
				"rightArm" : {
				"rotation": [-100, -40, 0]
				},
				"body" : {
				"rotation": [0, 30, 0]
				},
				"head" : {
				"rotation": [0, 0, -12.5]
				},
				"gun" : {
				"rotation": [10, 0, 0]
				}
			}
		},
		"animation.item.ak12_tpp": {
			"loop": true,
			"bones": {
				"leftArm" : {
				"rotation": [-90, 15, 0]
				},
				"rightArm" : {
				"rotation": [-90, -40, 0]
				},
				"body" : {
				"rotation": [0, 30, 0]
				}
			}
		},
		"animation.item.ak12_sprint_tpp": {
			"loop": true,
			"animation_length": 99999999,
			"bones": {
				"rightArm": {
		    "rotation": {
			"0.0": [-75, -60, 0],
			"3": [-75, -60, 0],
			"3.2": [-150, 0, 0]
					}
				},
				"leftArm": {
		    "rotation": {
			"0.0": [-60, -15, 0],
			"3": [-60, -15, 0],
			"3.2": [-30, 0, 0]
					}
				}
			}
		}
	}
}
