{
	"format_version": "1.8.0",
	"animations": {
		"animation.item.bm3" : {
			"loop" : true,
			"bones" : {
				"root": {
			"position" : [-1, "-1+Math.cos(query.anim_time * 40 + 40) *0.1", -2]
				},
				"rightArm": {
			"position" : [-2.4, 7, -8],
			"rotation": [-10, 50, 60]
				},
				"leftArm": {
			"position": [-5, -6, 12],
			"rotation": [75, -32.5, 147.5],
			"scale": [1, 1.5, 1]
				},
				"gun" : {
			"position" : [0, 0, 2],
			"scale" : 2
				}
			}
		},
		"animation.item.bm3_aim" : {
			"loop" : true,
			"bones" : {
				"root": {
			"position" : [0, -0.2, -4],
			"rotation": [0, 0, 0]
				},
				"rightArm": {
			"position" : [-9.5, 11.4, -13],
			"rotation": [-3, 45, 65]
				},
				"leftArm": {
			"position": [-10, -6, 12],
			"rotation": [75, -32.5, 147.5],
			"scale": [1, 1.5, 1]
				},
				"gun" : {
			"position" : [0, 0, 1],
			"rotation": [0, 0, 0],
			"scale" : 1.4
				}
			}
		},
		"animation.item.bm3_sprint": {
			"loop": true,
			"animation_length": 99999999,
			"bones": {
				"root": {
		    "rotation": {
			"0.0": [0, -50, -15],
			"3": [0, -50, -15],
			"3.2": [30, -45, 0]
					},
		    "position": {
			"0.0": [12, 0.5, -2],
			"3": [12, 0.5, -2],
			"3.2": [-5, -1, 3]
					},
		    "scale": {
			"0.0": [1, 1, 1],
			"3": [1, 1, 1],
			"3.2": [0.8, 0.8, 0.8]
					}
				},
				"gun": {
		    "position": {
			"0.0": [0, 0, 2]
					},
		    "rotation": {
			"0.0": [0, 0, 0]
					},
		    "scale": {
			"0.0": [2, 2, 2]
					}
				},
				"rightArm": {
		    "rotation": {
			"0.0": [-10, 50, 60],
			"3": [-10, 50, 60],
			"3.2": [-10, 50, 60]
					},
		    "position": {
			"0.0": [-2.4, 7, -8],
			"3": [-2.4, 7, -8],
			"3.2": [-2.4, 7, -8]
					}
				},
				"leftArm": {
		    "position": {
			"0.0": [-5, -6, 12],
			"3": [-5, -6, 12],
			"3.2": [-5, -6, 12]
					},
		    "rotation": {
			"0.0": [75, -32.5, 147.5],
			"3": [75, -32.5, 147.5],
			"3.2": [75, -32.5, 147.5]
					},
		    "scale": {
			"0.0": [1, 1.5, 1],
			"3": [1, 1.5, 1],
			"3.2": [1, 1.5, 1]
					}
				}
			}
		},
	"animation.item.bm3_shoot": {
	"animation_length": 0.7,
			"bones": {
				"root": {
					"position": {
		"0.0": [0, 0, 0],
		"0.1": [0, 0, -1.5],
		"0.2": [0, 0, 0]
					},
					"rotation": {
		"0.0": [0, 0, 0],
		"0.1": [1.5, 0, 0],
		"0.2": [0, 0, 0]
					}
				},
				"leftArm": {
					"position": {
		"0.0": [0, 0, 0],
		"0.25": [0, 0, 0],
		"0.4": [0, 0, -3],
		"0.55": [0, 0, 0]
					}
				},
				"hole11": {
					"position": {
		"0.0": [0, 0, 0],
		"0.25": [0, 0, 0],
		"0.4": [0, 0, 2],
		"0.55": [0, 0, 0]
					}
				},
				"bullet": {
					"position": {
		"0.0": [0, 0, 0],
		"0.1": [-10, 1, 0]
					},
					"rotation": {
		"0.0": [0, 0, 0],
		"0.1": [-20, -20, -20]
					},
				    "scale" : 1
				}
			},
			"sound_effects": {
		"0.4": {
		"effect": "bm3.pull_out"
			   },
		"0.55": {
		"effect": "bm3.pull_in"
			   }
			}
		},
		"animation.item.bm3_draw": {
			"loop": "hold_on_last_frame",
			"animation_length": 0.4,
			"bones": {
				"root": {
					"position": {
				"0.0": [1, 2, -4],
				"0.4": [-1, -1, -2]
					},
					"rotation": {
				"0.0": [30, 45, 0],
				"0.4": [0, 0, 0]
					}
				},
				"rightArm": {
			"position" : [-2.4, 7, -8],
			"rotation": [-10, 50, 60]
				},
				"leftArm": {
			"position": [-5, -6, 12],
			"rotation": [75, -32.5, 147.5],
			"scale": [1, 1.5, 1]
				},
				"gun" : {
			"position" : [0, 0, 2],
			"scale" : 2
				}
			},
			"sound_effects": {
		"0.0": {
		"effect": "gun.draw"
			   }
			}
		},
	"animation.item.bm3_reload": {
      "loop": "hold_on_last_frame",
      "animation_length": 3.7,
			"bones": {
				"root": {
					"position": {
			"0.0": [0, 0, 0],
			"0.45": [0, 0, 0],
			"1.7": [0, 0, 0],
			"1.9": [0, 0, 0]
					},
					"rotation": {
			"0.0": [0, 0, 0],
			"0.45": [0, 0, 0],
			"1.7": [0, 0, 0],
			"1.9": [0, 0, 0]
					}
				},
				"leftArm": {
					"position": {
			"0.0": [0, 0, 0],
			"0.4": [-2, -1, -8],
			"0.6": [2, -1, -8],
			"0.8": [-2, -1, -8],
			"1": [2, -1, -8],
			"1.2": [-2, -1, -8],
			"1.4": [2, -1, -8],
			"1.6": [-2, -1, -8],
			"1.8": [2, -1, -8],
			"2": [-2, -1, -8],
			"2.2": [2, -1, -8],
			"2.4": [-2, -1, -8],
			"2.6": [2, -1, -8],
			"2.8": [-2, -1, -8],
			"3": [2, -1, -8],
			"3.2": [-2, -1, -8],
			"3.4": [2, -1, -8],
			"3.7": [0, 0, 0]
					}
				},
				"rightArm": {
					"position": {
			"0.0": [0, 0, 0],
			"0.4": [0, 0, 0],
			"0.7": [0, 0, 0],
			"1.1": [0, 0, 0],
			"1.5": [0, 0, 0],
			"1.7": [0, 0, 0],
			"1.9": [0, 0, 0],
			"2.08": [0, 0, 0]
					},
					"rotation": {
			"0.0": [0, 0, 0],
			"0.4": [0, 0, 45],
			"3.4": [0, 0, 45],
			"3.7": [0, 0, 0]
					}
				}
			},
			"sound_effects": {
		"0.4": {
		"effect": "bm3.load"
			   },
		"0.8": {
		"effect": "bm3.load"
			   },
		"1.2": {
		"effect": "bm3.load"
			   },
		"1.6": {
		"effect": "bm3.load"
			   },
		"2": {
		"effect": "bm3.load"
			   },
		"2.4": {
		"effect": "bm3.load"
			   },
		"2.8": {
		"effect": "bm3.load"
			   },
		"3.2": {
		"effect": "bm3.load"
			   }
			}
		},
		
		
		
		"animation.item.bm3_draw_tpp": {
			"loop": "hold_on_last_frame",
			"animation_length": 0.4,
			"bones": {
				"leftArm": {
					"rotation": {
				"0.0": [0, 0, 0],
				"0.4": [-90, 15, 0]
					}
				},
				"rightArm": {
					"rotation": {
				"0.0": [0, 0, 0],
				"0.4": [-90, -40, 0]
					}
				},
				"body": {
					"rotation": {
				"0.0": [0, 0, 0],
				"0.4": [0, 30, 0]
					}
				}
			},
			"sound_effects": {
		"0.0": {
		"effect": "gun.draw"
			   }
			}
		},
		"animation.item.bm3_shoot_tpp": {
			"loop": true,
			"animation_length": 0.7,
			"bones": {
				"rightArm": {
					"rotation": {
						"0.0": [0, 0, 0],
						"0.05": [-5, 0, 0],
						"0.1": [0, 0, 0]
					}
				},
				"leftArm": {
					"rotation": {
						"0.0": [0, 0, 0],
						"0.05": [-5, 0, 0],
						"0.1": [0, 0, 0]
					}
				},
				"bullet": {
					"position": {
		"0.0": [0, 0, 0],
		"0.1": [-10, 1, 0]
					},
					"rotation": {
		"0.0": [0, 0, 0],
		"0.1": [-20, -20, -20]
					}
				}
			}
		},
		"animation.item.bm3_aim_tpp": {
			"loop": true,
			"bones": {
				"leftArm" : {
				"rotation": [-100, 15, 0]
				},
				"rightArm" : {
				"rotation": [-100, -40, 0]
				},
				"body" : {
				"rotation": [0, 30, 0]
				},
				"head" : {
				"rotation": [0, 0, -12.5]
				},
				"gun" : {
				"rotation": [10, 0, 0]
				}
			}
		},
		"animation.item.bm3_tpp": {
			"loop": true,
			"bones": {
				"leftArm" : {
				"rotation": [-90, 15, 0]
				},
				"rightArm" : {
				"rotation": [-90, -40, 0]
				},
				"body" : {
				"rotation": [0, 30, 0]
				}
			}
		},
		"animation.item.bm3_sprint_tpp": {
			"loop": true,
			"animation_length": 99999999,
			"bones": {
				"rightArm": {
		    "rotation": {
			"0.0": [-75, -60, 0],
			"3": [-75, -60, 0],
			"3.2": [-120, -60, 0]
					}
				},
				"leftArm": {
		    "rotation": {
			"0.0": [-60, -15, 0],
			"3": [-60, -15, 0],
			"3.2": [-135, -15, 0]
					}
				}
			}
		}
	}
}
