{
	"format_version": "1.8.0",
	"animations": {
		"animation.item.flash_grenade" : {
			"loop" : true,
			"bones" : {
				"root": {
			"position" : [-1, "-1+Math.cos(query.anim_time * 40 + 40) *0.1", 2]
				},
				"rightArm": {
			"position" : [-2.6, 7, -8.2],
			"rotation": [-10, 50, 60]
				},
				"leftArm": {
			"position": [-13.5, -4, 5.5],
			"rotation": [30, -20, 240],
			"scale": [1, 1.5, 1]
				},
				"gun" : {
			"position" : [0, 0, 1.5],
			"scale" : 1.6
				}
			}
		},
		"animation.item.flash_grenade_tpp": {
			"loop": true,
			"bones": {
				"leftArm" : {
				"rotation": [-90, 30, 0]
				},
				"rightArm" : {
				"rotation": [-85, -32, 0]
				}
			}
		}
	}
}
