{
	"format_version": "1.8.0",
	"animations": {
		"animation.item.glock19" : {
			"loop" : true,
			"bones" : {
				"root": {
		    "position": [1, "-0.65+Math.cos(query.anim_time * 40 + 40) *0.1", -3],
		    "rotation": [0, 10, -10]
				},
				"rightArm": {
			"position" : [-3.6, 9, -9.4],
			"rotation": [-10, 55, 60]
				},
				"leftArm": {
			"position" : [-4, -4, 3],
			"rotation": [90, -25, 120]
				},
				"gun" : {
			"position" : [0, -1, 0],
			"rotation": [0, 0, 0],
			"scale" : 1
				}
			}
		},
		"animation.item.glock19_aim" : {
			"loop" : true,
			"bones" : {
				"rightArm": {
				"position" : [-7.945, 11.097, -13],
				"rotation": [-7, 53, 65]
				},
				"leftArm": {
				"position" : [-7.6, -2, -1.2],
				"rotation": [90, -25, 120]
				},
				"gun" : {
				    "position" : [0, -0.5, -0.3],
				    "rotation": [0, 0, 7.5],
				    "scale" : 1
				}
			}
		},
		"animation.item.glock19_sprint": {
			"loop": true,
			"animation_length": 99999999,
			"bones": {
				"root": {
		    "rotation": {
			"0.0": [0, -35, -10],
			"3": [0, -35, -10],
			"3.2": [0, 0, 0]
					},
		    "position": {
			"0.0": [6, -0.4, -3],
			"3": [6, -0.4, -3],
			"3.2": [0, 0, 0]
					}
				},
				"gun" : {
			"position" : [0, -1, 0],
			"rotation": [0, 0, 0],
			"scale" : 1
				},
				"rightArm": {
		    "rotation": {
			"0.0": [-10, 55, 60],
			"3": [-10, 55, 60],
			"3.2": [-80, 45, 65]
					},
		    "position": {
			"0.0": [-3.6, 9, -9.4],
			"3": [-3.6, 9, -9.4],
			"3.2": [-1.5, 4, -4]
					}
				},
				"leftArm": {
		    "position": {
			"0.0": [-4, -4, 3],
			"3": [-4, -4, 3],
			"3.2": [-16, 1, -8]
					},
		    "rotation": {
			"0.0": [90, -25, 120],
			"3": [90, -25, 120],
			"3.2": [71, -10, 210]
					},
		    "scale": {
			"0.0": [1, 1, 1]
					}
				}
			}
		},
	"animation.item.glock19_shoot": {
	"animation_length": 0.35,
			"bones": {
				"root": {
					"position": {
		"0.0": [0, 0, 0],
		"0.05": [0, 0, -1],
		"0.1": [0, 0, 0]
					},
					"rotation": {
		"0.0": [0, 0, 0],
		"0.05": [1, 0, 0],
		"0.1": [0, 0, 0]
					}
				},
				"top": {
					"position": {
		"0.0": [0, 0, 0],
		"0.05": [0, 0, 2.5],
		"0.1": [0, 0, 0]
					}
				},
				"bullet": {
					"position": {
		"0.0": [0, 0, 0],
		"0.05": [-5, 2, 0],
		"0.1": [-7, 1, 0],
		"0.15": [-10, 0, 0],
		"0.2": [-12, -1, 0],
		"0.25": [-13, -2, 0],
		"0.3": [-13.5, -3, 0]
					},
					"rotation": {
		"0.0": [-20, -20, -20],
		"0.1": [-30, -30, -30]
					}
				}
			}
		},
	"animation.item.glock19_shoot_aim": {
	"animation_length": 0.35,
			"bones": {
				"root": {
					"position": {
		"0.0": [0, 0, 0],
		"0.05": [0, 0, -1],
		"0.1": [0, 0, 0]
					},
					"rotation": {
		"0.0": [0, 0, 0],
		"0.05": [1, 0, 0],
		"0.1": [0, 0, 0]
					}
				},
				"top": {
					"position": {
		"0.0": [0, 0, 0],
		"0.05": [0, 0, 2.5],
		"0.1": [0, 0, 0]
					}
				},
				"bullet": {
					"position": {
		"0.0": [0, 0, 0],
		"0.05": [-5, 2, 0],
		"0.1": [-7, 1, 0],
		"0.15": [-10, 0, 0],
		"0.2": [-12, -1, 0],
		"0.25": [-13, -2, 0],
		"0.3": [-13.5, -3, 0]
					},
					"rotation": {
		"0.0": [-20, -20, -20],
		"0.1": [-30, -30, -30]
					}
				}
			}
		},
		"animation.item.glock19_draw": {
			"loop": "hold_on_last_frame",
			"animation_length": 0.9,
			"bones": {
				"root": {
					"position": {
				"0.0": [1, -0.65, -3],
				"0.25": [3, -0.65, -3],
				"0.45": [3, -0.65, -3],
				"0.65": [3, -0.65, -3],
				"0.9": [1, -0.6, -3]
					},
					"rotation": {
				"0.0": [0, 10, -10],
				"0.25": [0, 10, -21],
				"0.45": [0, 10, -21],
				"0.65": [0, 10, -21],
				"0.9": [0, 10, -10]
					}
				},
				"rightArm": {
			"position" : [-3.6, 9, -9.4],
			"rotation": [-10, 55, 60]
				},
				"leftArm": {
					"position": {
				"0.0": [-4, -4, 3],
				"0.25": [-4, -4, 7],
				"0.45": [-4, -4, 3.5],
				"0.65": [-4, -4, 7],
				"0.9": [-4, -4, 3]
					},
					"rotation": {
				"0.0": [90, -25, 120],
				"0.25": [90, -45, 120],
				"0.45": [90, -45, 120],
				"0.65": [90, -45, 120],
				"0.9": [90, -25, 120]
					}
				},
				"top": {
					"position": {
				"0.0": [0, 0, 0],
				"0.25": [0, 0, 0],
				"0.46": [0, 0, 3.5],
				"0.65": [0, 0, 0],
				"0.9": [0, 0, 0]
					}
				},
				"gun" : {
			"position" : [0, -1, 0],
			"rotation": [0, 0, 0],
			"scale" : 1
				}
			},
			"sound_effects": {
		"0.0": {
		"effect": "gun.draw"
			   },
		"0.4": {
		"effect": "glock19.top_off"
			   },
		"0.6": {
		"effect": "glock19.top_on"
			   }
			}
		},
		"animation.item.glock19_reload": {
      "loop": "hold_on_last_frame",
      "animation_length": 1.95,
                "bones":{
				"root": {
					"position": {
			"0.0": [0, 0, 0],
			"0.3": [-3, 3, 1],
			"1.2": [-3, 3, 1],
			"1.55": [-3, 3, 1],
			"1.9": [0, 0, 0]
					},
					"rotation": {
			"0.0": [0, 0, 0],
			"0.3": [0, -45, 30],
			"1.2": [0, -45, 30],
			"1.55": [0, -45, 30],
			"1.9": [0, 0, 0]
					}
				},
				"ammo": {
					"position": {
			"0.0": [0, 0, 0],
			"0.4": [0, 0, 0],
			"1": [0, -12, 0],
			"1.4": [0, 0, 0],
			"1.95": [0, 0, 0]
					}
				},
				"top": {
					"position": {
			"0.0": [0, 0, 0],
			"0.6": [0, 0, 0],
			"0.75": [0, 0, 2.5],
			"1.4": [0, 0, 2.5],
			"1.55": [0, 0, 0],
			"1.95": [0, 0, 0]
					}
				},
				"leftArm": {
					"position": {
			"0.0": [0, 0, 0],
			"0.4": [0, 0, 0],
			"1": [0, -10, 0],
			"1.4": [0, 0, 0],
			"1.95": [0, 0, 0]
					}
				}
			},
			"sound_effects": {
		"0.0": {
		"effect": "glock19.unload"
			   },
		"0.5": {
		"effect": "glock19.reload"
		       }
			}
		},
		
		
		
		"animation.item.glock19_draw_tpp": {
			"loop": "hold_on_last_frame",
			"animation_length": 0.9,
			"bones": {
				"leftArm": {
					"rotation": {
				"0.0": [0, 0, 0],
				"0.4": [-90, 45, 0],
				"0.9": [-90, 45, 0]
					}
				},
				"rightArm": {
					"rotation": {
				"0.0": [0, 0, 0],
				"0.4": [-90, -35, 0],
				"0.9": [-90, -35, 0]
					}
				},
				"body": {
					"rotation": {
				"0.0": [0, 0, 0],
				"0.4": [0, 30, 0],
				"0.9": [0, 30, 0]
					}
				}
			},
			"sound_effects": {
		"0.0": {
		"effect": "gun.draw"
			   }
			}
		},
		"animation.item.glock19_shoot_tpp": {
			"loop": true,
			"animation_length": 0.35,
			"bones": {
				"top": {
					"position": {
						"0.0": [0, 0, 0],
						"0.1": [0, 0, 2],
						"0.2": [0, 0, 0]
					}
				},
				"rightArm": {
					"rotation": {
						"0.0": [0, 0, 0],
						"0.1": [-2, 0, 0],
						"0.2": [0, 0, 0]
					}
				},
				"leftArm": {
					"rotation": {
						"0.0": [0, 0, 0],
						"0.1": [-2, 0, 0],
						"0.2": [0, 0, 0]
					}
				},
				"bullet": {
					"position": {
		"0.0": [0, 0, 0],
		"0.05": [-5, 2, 0],
		"0.1": [-7, 1, 0],
		"0.15": [-10, 0, 0],
		"0.2": [-12, -1, 0],
		"0.25": [-13, -2, 0],
		"0.3": [-13.5, -3, 0]
					},
					"rotation": {
		"0.0": [0, 0, 0],
		"0.05": [-20, -20, -20],
		"0.1": [-30, -30, -30]
					}
				}
			}
		},
		"animation.item.glock19_aim_tpp": {
			"loop": true,
			"bones": {
				"leftArm" : {
				"rotation": [-90, 35, 0]
				},
				"rightArm" : {
				"rotation": [-90, -35, 0]
				},
				"gun" : {
				"rotation": [0, 0, 30]
				}
			}
		},
		"animation.item.glock19_tpp": {
			"loop": true,
			"bones": {
				"leftArm" : {
				"rotation": [-90, 45, 0]
				},
				"rightArm" : {
				"rotation": [-90, -35, 0]
				},
				"body" : {
				"rotation": [0, 30, 0]
				}
			}
		},
		"animation.item.glock19_sprint_tpp": {
			"loop": true,
			"animation_length": 99999999,
			"bones": {
				"rightArm": {
		    "rotation": {
			"0.0": [-70, -40, 0],
			"3": [-70, -40, 0],
			"3.2": [-150, 0, 0]
					}
				},
				"leftArm": {
		    "rotation": {
			"0.0": [-70, 30, 0],
			"3": [-70, 30, 0],
			"3.2": [-30, 0, 0]
					}
				}
			}
		}
	}
}
