{
	"format_version": "1.8.0",
	"animations": {
		"animation.item.m110_sass" : {
			"loop" : true,
			"bones" : {
				"root": {
			"position" : [-1, "-1+Math.cos(query.anim_time * 40 + 40) *0.1", -2]
				},
				"rightArm": {
			"position" : [-2.4, 7, -8],
			"rotation": [-10, 50, 60]
				},
				"leftArm": {
			"position": [-5.9, -6.2, 10],
			"rotation": [75, -32.5, 147.5],
			"scale": [1, 1.5, 1]
				},
				"gun" : {
			"position" : [0, 0, 2],
			"scale" : 2
				}
			}
		},
		"animation.item.m110_sass_aim" : {
			"loop" : true,
			"bones" : {
				"root": {
			"position" : [0.04, -0.75, -2.5],
			"rotation": [0, 0, 0]
				},
				"rightArm": {
			"position" : [-9.254, 10.2, -13],
			"rotation": [-4, 45, 65]
				},
				"leftArm": {
			"position": [-10.6, -6.8, 10],
			"rotation": [75, -32.5, 147.5],
			"scale": [1, 1.5, 1]
				},
				"gun" : {
			"position" : [0, 0, 1],
			"rotation": [0, 0, 0],
			"scale" : 1.4
				},
				"hole33" : {
			"scale" : 0
				},
				"hole32" : {
			"scale" : 0
				},
				"hole26" : {
			"scale" : 0
				},
				"hole21" : {
			"scale" : 0
				},
				"hole30" : {
			"scale" : 0
				},
				"hole29" : {
			"scale" : 0
				},
				"hole25" : {
			"scale" : 0
				},
				"hole27" : {
			"scale" : 0
				},
				"3" : {
			"scale" : 0
				},
				"hole24" : {
			"scale" : 0
				},
				"hole22" : {
			"scale" : 0
				},
				"hole23" : {
			"scale" : 0
				},
				"hole20" : {
			"scale" : 0
				},
				"hole19" : {
			"scale" : 0
				},
				"hole8" : {
			"scale" : 0
				},
				"hole9" : {
			"scale" : 0
				},
				"hole10" : {
			"scale" : 0
				},
				"hole11" : {
			"scale" : 0
				},
				"hole12" : {
			"scale" : 0
				},
				"hole31" : {
			"scale" : 0
				},
				"grips5" : {
			"scale" : 0
				},
				"grips4" : {
			"scale" : 0
				},
				"grips3" : {
			"scale" : 0
				},
				"grips2" : {
			"scale" : 0
				},
				"2" : {
			"scale" : 0
				},
				"hole7" : {
			"scale" : 0
				},
				"hole" : {
			"scale" : 0
				},
				"hole2" : {
			"scale" : 0
				},
				"hole13" : {
			"scale" : 0
				},
				"hole14" : {
			"scale" : 0
				},
				"hole15" : {
			"scale" : 0
				},
				
				
				
				"hole45" : {
			"scale" : 0
				},
				"hole44" : {
			"scale" : 0
				},
				"hole43" : {
			"scale" : 0
				},
				"hole42" : {
			"scale" : 0
				},
				"hole41" : {
			"scale" : 0
				},
				"hole40" : {
			"scale" : 0
				},
				"hole39" : {
			"scale" : 0
				},
				"hole38" : {
			"scale" : 0
				},
				"hole37" : {
			"scale" : 0
				},
				"hole36" : {
			"scale" : 0
				},
				"4" : {
			"scale" : 0
				},
				"hole46" : {
			"scale" : 0
				},
				"hole47" : {
			"scale" : 0
				},
				"hole48" : {
			"scale" : 0
				},
				"hole49" : {
			"scale" : 0
				},
				"hole50" : {
			"scale" : 0
				},
				"hole51" : {
			"scale" : 0
				},
				"hole52" : {
			"scale" : 0
				},
				"hole53" : {
			"scale" : 0
				},
				"hole54" : {
			"scale" : 0
				},
				"hole55" : {
			"scale" : 0
				},
				"hole56" : {
			"scale" : 0
				},
				"hole57" : {
			"scale" : 0
				}
			}
		},
		"animation.item.m110_sass_sprint": {
			"loop": true,
			"animation_length": 99999999,
			"bones": {
				"root": {
		    "rotation": {
			"0.0": [0, -50, -15],
			"3": [0, -50, -15],
			"3.2": [0, 0, 0]
					},
		    "position": {
			"0.0": [12, -1, -2],
			"3": [12, -1, -2],
			"3.2": [-1, -1.5, 0.5]
					},
		    "scale": {
			"0.0": [1, 1, 1],
			"3": [1, 1, 1],
			"3.2": [0.8, 0.8, 0.8]
					}
				},
				"gun": {
		    "position": {
			"0.0": [0, 0, 2]
					},
		    "rotation": {
			"0.0": [0, 0, 0]
					},
		    "scale": {
			"0.0": [2, 2, 2]
					}
				},
				"rightArm": {
		    "rotation": {
			"0.0": [-10, 50, 60],
			"3": [-10, 50, 60],
			"3.2": [-70, 30, 60]
					},
		    "position": {
			"0.0": [-2.4, 7, -8],
			"3": [-2.4, 7, -8],
			"3.2": [3.5, 8.5, -2.5]
					}
				},
				"leftArm": {
		    "position": {
			"0.0": [-5.9, -6.2, 10],
			"3": [-5.9, -6.2, 10],
			"3.2": [-20, 0, -4]
					},
		    "rotation": {
			"0.0": [75, -32.5, 147.5],
			"3": [75, -32.5, 147.5],
			"3.2": [71, -10, 210]
					},
		    "scale": {
			"0.0": [1, 1.5, 1],
			"3": [1, 1.5, 1],
			"3.2": [1, 2, 1]
					}
				}
			}
		},
	"animation.item.m110_sass_shoot": {
	"animation_length": 0.25,
			"bones": {
				"root": {
					"position": {
		"0.0": [0, 0, 0],
		"0.05": [0, 0, -0.6],
		"0.1": [0, 0, 0]
					},
					"rotation": {
		"0.0": [0, 0, 0],
		"0.05": [0.7, 0, 0],
		"0.1": [0, 0, 0]
					}
				},
				"zatvor": {
					"position": {
		"0.0": [0, 0, 0],
		"0.05": [0, 0, 2],
		"0.1": [0, 0, 0]
					}
				},
				"bullet": {
					"position": {
		"0.0": [0, 0, 0],
		"0.05": [-10, 1, 0],
		"0.1": [0, 0, 0]
					},
					"rotation": {
		"0.0": [0, 0, 0],
		"0.05": [-20, -20, -20],
		"0.1": [0, 0, 0]
					}
				}
			}
		},
	"animation.item.m110_sass_shoot_aim": {
	"animation_length": 0.25,
			"bones": {
				"root": {
					"position": {
		"0.0": [0, 0, 0],
		"0.05": [0, 0, -0.6],
		"0.1": [0, 0, 0]
					},
					"rotation": {
		"0.0": [0, 0, 0],
		"0.05": [0.7, 0, 0],
		"0.1": [0, 0, 0]
					}
				},
				"zatvor": {
					"position": {
		"0.0": [0, 0, 0],
		"0.05": [0, 0, 2],
		"0.1": [0, 0, 0]
					}
				},
				"bullet": {
					"position": {
		"0.0": [0, 0, 0],
		"0.05": [-10, 1, 0],
		"0.1": [0, 0, 0]
					},
					"rotation": {
		"0.0": [0, 0, 0],
		"0.05": [-20, -20, -20],
		"0.1": [0, 0, 0]
					}
				}
			}
		},
		"animation.item.m110_sass_draw": {
			"loop": "hold_on_last_frame",
			"animation_length": 0.4,
			"bones": {
				"root": {
					"position": {
				"0.0": [1, 2, -4],
				"0.4": [-1, -1, -2]
					},
					"rotation": {
				"0.0": [30, 45, 0],
				"0.4": [0, 0, 0]
					}
				},
				"rightArm": {
			"position" : [-2.4, 7, -8],
			"rotation": [-10, 50, 60]
				},
				"leftArm": {
			"position": [-5.9, -6.2, 10],
			"rotation": [75, -32.5, 147.5],
			"scale": [1, 1.5, 1]
				},
				"gun" : {
			"position" : [0, 0, 2],
			"scale" : 2
				}
			},
			"sound_effects": {
		"0.0": {
		"effect": "gun.draw"
			   }
			}
		},
	"animation.item.m110_sass_reload": {
      "loop": "hold_on_last_frame",
      "animation_length": 2.08,
			"bones": {
				"root": {
					"position": {
			"0.0": [0, 0, 0],
			"0.45": [-3, 2, 0],
			"1.7": [-3, 2, 0],
			"1.9": [0, 0, 0]
					},
					"rotation": {
			"0.0": [0, 0, 0],
			"0.45": [0, -20, 20],
			"1.7": [0, -20, 20],
			"1.9": [0, 0, 0]
					}
				},
				"ammo": {
					"position": {
			"0.0": [0, 0, 0],
			"0.7": [0, 0, 0],
			"1.1": [0, -6, 0],
			"1.5": [0, 0, 0],
			"2.08": [0, 0, 0]
					}
				},
				"leftArm": {
					"position": {
			"0.0": [0, 0, 0],
			"0.5": [2, -5, -4],
			"0.7": [2, -5, -4],
			"1.1": [2, -12, -4],
			"1.5": [2, -5, -4],
			"1.7": [2, -5, -4],
			"1.9": [0, 0, 0],
			"2.08": [0, 0, 0]
					}
				}
			},
			"sound_effects": {
		"0.95": {
		"effect": "m110_sass.unload"
			   },
		"1.4": {
		"effect": "m110_sass.reload"
		       }
			}
		},
		
		
		
		"animation.item.m110_sass_draw_tpp": {
			"loop": "hold_on_last_frame",
			"animation_length": 0.4,
			"bones": {
				"leftArm": {
					"rotation": {
				"0.0": [0, 0, 0],
				"0.4": [-90, 28, 0]
					}
				},
				"rightArm": {
					"rotation": {
				"0.0": [0, 0, 0],
				"0.4": [-90, -40, 0]
					}
				},
				"body": {
					"rotation": {
				"0.0": [0, 0, 0],
				"0.4": [0, 30, 0]
					}
				}
			},
			"sound_effects": {
		"0.0": {
		"effect": "gun.draw"
			   }
			}
		},
		"animation.item.m110_sass_shoot_tpp": {
			"loop": true,
			"animation_length": 0.25,
			"bones": {
				"rightArm": {
					"rotation": {
						"0.0": [0, 0, 0],
						"0.05": [-1, 0, 0],
						"0.1": [0, 0, 0]
					},
					"position": {
						"0.0": [0, 0, 0],
						"0.05": [0, 0, 1],
						"0.1": [0, 0, 0]
					}
				},
				"leftArm": {
					"rotation": {
						"0.0": [0, 0, 0],
						"0.05": [-1, 0, 0],
						"0.1": [0, 0, 0]
					},
					"position": {
						"0.0": [0, 0, 0],
						"0.05": [0, 0, 1],
						"0.1": [0, 0, 0]
					}
				},
				"zatvor": {
					"position": {
		"0.0": [0, 0, 0],
		"0.05": [0, 0, 2],
		"0.1": [0, 0, 0]
					}
				},
				"bullet": {
					"position": {
		"0.0": [0, 0, 0],
		"0.05": [-10, 1, 0],
		"0.1": [0, 0, 0]
					},
					"rotation": {
		"0.0": [0, 0, 0],
		"0.05": [-20, -20, -20],
		"0.1": [0, 0, 0]
					}
				}
			}
		},
		"animation.item.m110_sass_aim_tpp": {
			"loop": true,
			"bones": {
				"leftArm" : {
				"rotation": [-100, 28, 0]
				},
				"rightArm" : {
				"rotation": [-100, -40, 0]
				},
				"body" : {
				"rotation": [0, 30, 0]
				},
				"head" : {
				"rotation": [0, 0, -12.5]
				},
				"gun" : {
				"rotation": [10, 0, 0]
				}
			}
		},
		"animation.item.m110_sass_tpp": {
			"loop": true,
			"bones": {
				"leftArm" : {
				"rotation": [-90, 28, 0]
				},
				"rightArm" : {
				"rotation": [-90, -40, 0]
				},
				"body" : {
				"rotation": [0, 30, 0]
				}
			}
		},
		"animation.item.m110_sass_sprint_tpp": {
			"loop": true,
			"animation_length": 99999999,
			"bones": {
				"rightArm": {
		    "rotation": {
			"0.0": [-75, -60, 0],
			"3": [-75, -60, 0],
			"3.2": [-150, 0, 0]
					}
				},
				"leftArm": {
		    "rotation": {
			"0.0": [-65, -15, 0],
			"3": [-65, -15, 0],
			"3.2": [-30, 0, 0]
					}
				}
			}
		}
	}
}
