{
	"format_version": "1.8.0",
	"animations": {
		"animation.item.m14" : {
			"loop" : true,
			"bones" : {
				"root": {
			"position" : [1, "1+Math.cos(query.anim_time * 40 + 40) *0.1", -2]
				},
				"rightArm": {
			"position" : [-5, 7, -11],
			"rotation": [-10, 40, 60]
				},
				"leftArm": {
			"position": [-4.5, -7.5, 10],
			"rotation": [75, -32.5, 147.5],
			"scale": [1, 1.5, 1]
				},
				"gun" : {
			"position" : [0, -8, 3],
			"scale" : 1.8
				}
			}
		},
		"animation.item.m14_aim" : {
			"loop" : true,
			"bones" : {
				"root": {
			"position" : [-0.12, 1.41, -0.5],
			"rotation": [0, 0, 0]
				},
				"rightArm": {
			"position" : [-9.254, 10.2, -13],
			"rotation": [-4.8, 45, 65]
				},
				"leftArm": {
			"position": [-10, -6.5, 10],
			"rotation": [75, -32.5, 147.5],
			"scale": [1, 1.5, 1]
				},
				"gun" : {
			"position" : [0, 0, 2],
			"rotation": [0, 0, 0],
			"scale" : 1.5
				},
				"hole18" : {
			"position" : [0.015, 0, 0]
				}
			}
		},
		"animation.item.m14_sprint": {
			"loop": true,
			"animation_length": 99999999,
			"bones": {
				"root": {
		    "rotation": {
			"0.0": [-5, -45, 0],
			"3": [-5, -45, 0],
			"3.2": [30, -45, 0]
					},
		    "position": {
			"0.0": [8, 0, -3],
			"3": [8, 0, -3],
			"3.2": [-5, -2, 3]
					},
		    "scale": {
			"0.0": [1, 1, 1],
			"3": [1, 1, 1],
			"3.2": [0.8, 0.8, 0.8]
					}
				},
				"gun" : {
			"position" : [0, -8, 3],
			"scale" : 1.8
				},
				"rightArm": {
		    "rotation": {
			"0.0": [-10, 40, 60],
			"3": [-10, 40, 60],
			"3.2": [-10, 40, 60]
					},
		    "position": {
			"0.0": [-5, 7, -11],
			"3": [-5, 7, -11],
			"3.2": [-5, 7, -11]
					}
				},
				"leftArm": {
		    "position": {
			"0.0": [-4.5, -7.5, 10],
			"3": [-4.5, -7.5, 10],
			"3.2": [-4.8, -7.5, 10]
					},
		    "rotation": {
			"0.0": [75, -32.5, 147.5],
			"3": [75, -32.5, 147.5],
			"3.2": [75, -32.5, 147.5]
					},
		    "scale": {
			"0.0": [1, 1.5, 1],
			"3": [1, 1.5, 1],
			"3.2": [1, 1.5, 1]
					}
				}
			}
		},
	"animation.item.m14_shoot": {
	"animation_length": 0.5,
			"bones": {
				"root": {
					"rotation": {
		"0.0": [0, 0, 0],
		"0.1": [1.5, 0, 0],
		"0.25": [0, 0, 0]
					},
					"position": {
		"0.0": [0, 0, 0],
		"0.1": [0, 0, -1],
		"0.25": [0, 0, 0]
					}
				}
			}
		},
	"animation.item.m14_shoot_aim": {
	"animation_length": 0.5,
			"bones": {
				"root": {
					"rotation": {
		"0.0": [0, 0, 0],
		"0.1": [1.5, 0, 0],
		"0.25": [0, 0, 0]
					},
					"position": {
		"0.0": [0, 0, 0],
		"0.1": [0, 0, -0.4],
		"0.25": [0, 0, 0]
					}
				}
			}
		},
		"animation.item.m14_draw": {
			"loop": "hold_on_last_frame",
			"animation_length": 0.4,
			"bones": {
				"root": {
					"position": {
				"0.0": [1.5, 2, -4],
				"0.4": [1, 1, -2]
					},
					"rotation": {
				"0.0": [30, 45, 0],
				"0.4": [0, 0, 0]
					}
				},
				"rightArm": {
			"position" : [-5, 7, -11],
			"rotation": [-10, 40, 60]
				},
				"leftArm": {
			"position": [-4.5, -7.5, 10],
			"rotation": [75, -32.5, 147.5],
			"scale": [1, 1.5, 1]
				},
				"gun" : {
			"position" : [0, -8, 3],
			"scale" : 1.8
				}
			},
			"sound_effects": {
		"0.0": {
		"effect": "gun.draw"
			   }
			}
		},
	"animation.item.m14_reload": {
      "loop": "hold_on_last_frame",
      "animation_length": 2.08,
			"bones": {
				"root": {
					"position": {
			"0.0": [0, 0, 0],
			"0.45": [-3, 2, 0],
			"1.7": [-3, 2, 0],
			"1.9": [0, 0, 0]
					},
					"rotation": {
			"0.0": [0, 0, 0],
			"0.45": [0, -20, 20],
			"1.7": [0, -20, 20],
			"1.9": [0, 0, 0]
					}
				},
				"ammo": {
					"position": {
			"0.0": [0, 0, 0],
			"0.7": [0, 0, 0],
			"1.1": [0, -5, 0],
			"1.5": [0, 0, 0]
					}
				},
				"leftArm": {
					"position": {
			"0.0": [0, 0, 0],
			"0.5": [2, -3, -5],
			"0.7": [2, -3, -5],
			"1.1": [2, -12, -5],
			"1.5": [2, -3, -5],
			"1.7": [2, -3, -5],
			"1.9": [0, 0, 0]
					}
				},
				"gun": {
					"position": {
		"0.0": [0, 0, 0],
		"2": [0, 0, 0]
					}
				},
				"rightArm": {
					"position": {
		"0.0": [0, 0, 0],
		"2": [0, 0, 0]
					}
				}
			},
			"sound_effects": {
		"0.8": {
		"effect": "m14.unload"
			   },
		"1.4": {
		"effect": "m14.reload"
			   }
			}
		},
		
		
		
		"animation.item.m14_draw_tpp": {
			"loop": "hold_on_last_frame",
			"animation_length": 0.4,
			"bones": {
				"leftArm": {
					"rotation": {
				"0.0": [0, 0, 0],
				"0.4": [-90, 15, 0]
					}
				},
				"rightArm": {
					"rotation": {
				"0.0": [0, 0, 0],
				"0.4": [-90, -40, 0]
					}
				},
				"body": {
					"rotation": {
				"0.0": [0, 0, 0],
				"0.4": [0, 30, 0]
					}
				}
			},
			"sound_effects": {
		"0.0": {
		"effect": "gun.draw"
			   }
			}
		},
		"animation.item.m14_shoot_tpp": {
			"loop": true,
			"animation_length": 0.5,
			"bones": {
				"rightArm": {
					"rotation": {
						"0.0": [0, 0, 0],
						"0.05": [-5, 0, 0],
						"0.1": [0, 0, 0]
					}
				},
				"leftArm": {
					"rotation": {
						"0.0": [0, 0, 0],
						"0.05": [-5, 0, 0],
						"0.1": [0, 0, 0]
					}
				},
				"bullet": {
					"position": {
		"0.0": [0, 0, 0],
		"0.1": [-10, 1, 0]
					},
					"rotation": {
		"0.0": [0, 0, 0],
		"0.1": [-20, -20, -20]
					}
				}
			}
		},
		"animation.item.m14_aim_tpp": {
			"loop": true,
			"bones": {
				"leftArm" : {
				"rotation": [-100, 15, 0]
				},
				"rightArm" : {
				"rotation": [-100, -40, 0]
				},
				"body" : {
				"rotation": [0, 30, 0]
				},
				"head" : {
				"rotation": [0, 0, -12.5]
				},
				"gun" : {
				"rotation": [10, 0, 0]
				}
			}
		},
		"animation.item.m14_tpp": {
			"loop": true,
			"bones": {
				"leftArm" : {
				"rotation": [-90, 15, 0]
				},
				"rightArm" : {
				"rotation": [-90, -40, 0]
				},
				"body" : {
				"rotation": [0, 30, 0]
				}
			}
		},
		"animation.item.m14_sprint_tpp": {
			"loop": true,
			"animation_length": 99999999,
			"bones": {
				"rightArm": {
		    "rotation": {
			"0.0": [-75, -60, 0],
			"3": [-75, -60, 0],
			"3.2": [-120, -60, 0]
					}
				},
				"leftArm": {
		    "rotation": {
			"0.0": [-60, -15, 0],
			"3": [-60, -15, 0],
			"3.2": [-135, -15, 0]
					}
				}
			}
		}
	}
}
