{
	"format_version": "1.8.0",
	"animations": {
		"animation.item.m24" : {
			"loop" : true,
			"bones" : {
				"root": {
			"position" : [1, "1+Math.cos(query.anim_time * 40 + 40) *0.1", -2]
				},
				"rightArm": {
			"position" : [-5, 7, -8],
			"rotation": [-10, 40, 60]
				},
				"leftArm": {
			"position": [-4.8, -7.5, 10],
			"rotation": [75, -32.5, 147.5],
			"scale": [1, 1.5, 1]
				},
				"gun" : {
			"position" : [0, -1, 2],
			"scale" : 1.5
				}
			}
		},
		"animation.item.m24_aim" : {
			"loop" : true,
			"bones" : {
				"root": {
			"position" : [-0.115, -0.02, -0.5],
			"rotation": [0, 0, 0]
				},
				"rightArm": {
			"position" : [-9.254, 10.2, -13],
			"rotation": [-4.8, 45, 65]
				},
				"leftArm": {
			"position": [-10, -6.5, 10],
			"rotation": [75, -32.5, 147.5],
			"scale": [1, 1.5, 1]
				},
				"gun" : {
			"position" : [0, 0, 2],
			"rotation": [0, 0, 0],
			"scale" : 1.5
				},
				"handle1" : {
			"position" : [0, 0, 1]
				},
				"hole20" : {
			"position" : [0, 0.05, 2.9],
			"scale" : 0.5
				},
				"hole21" : {
			"position" : [0, 0.05, 2.9],
			"scale" : 0.5
				},
				"hole12" : {
			"scale" : 0
				},
				"hole13" : {
			"scale" : 0
				},
				"hole16" : {
			"scale" : 0
				},
				"hole17" : {
			"scale" : 0
				},
				"crosshair2" : {
			"scale" : 0
				},
				"hole10" : {
			"scale" : 0
				},
				"hole14" : {
			"scale" : 0
				},
				"hole7" : {
			"scale" : 0
				},
				"hole8" : {
			"scale" : 0
				},
				"hole15" : {
			"scale" : 0
				},
				"hole9" : {
			"scale" : 0
				},
				"base2" : {
			"scale" : 0
				},
				"handle2" : {
			"scale" : 0
				},
				"hole3" : {
			"scale" : 0
				},
				"hole4" : {
			"scale" : 0
				},
				"hole5" : {
			"scale" : 0
				},
				"grips" : {
			"scale" : 0
				}
			}
		},
		"animation.item.m24_sprint": {
			"loop": true,
			"animation_length": 99999999,
			"bones": {
				"root": {
		    "rotation": {
			"0.0": [-5, -45, 0],
			"3": [-5, -45, 0],
			"3.2": [30, -45, 0]
					},
		    "position": {
			"0.0": [8, 0, -3],
			"3": [8, 0, -3],
			"3.2": [-5, -2, 3]
					},
		    "scale": {
			"0.0": [1, 1, 1],
			"3": [1, 1, 1],
			"3.2": [0.8, 0.8, 0.8]
					}
				},
				"gun": {
		    "position": {
			"0.0": [0, -1, 2]
					},
		    "rotation": {
			"0.0": [0, 0, 0]
					},
		    "scale": {
			"0.0": [1.5, 1.5, 1.5]
					}
				},
				"rightArm": {
		    "rotation": {
			"0.0": [-10, 40, 60],
			"3": [-10, 40, 60],
			"3.2": [-10, 40, 60]
					},
		    "position": {
			"0.0": [-5, 7, -8],
			"3": [-5, 7, -8],
			"3.2": [-5, 7, -8]
					}
				},
				"leftArm": {
		    "position": {
			"0.0": [-4.8, -7.5, 12],
			"3": [-4.8, -7.5, 12],
			"3.2": [-4.8, -7.5, 12]
					},
		    "rotation": {
			"0.0": [75, -32.5, 147.5],
			"3": [75, -32.5, 147.5],
			"3.2": [75, -32.5, 147.5]
					},
		    "scale": {
			"0.0": [1, 1.5, 1],
			"3": [1, 1.5, 1],
			"3.2": [1, 1.5, 1]
					}
				}
			}
		},
	"animation.item.m24_shoot": {
	"animation_length": 1.16,
			"bones": {
				"gun": {
					"position": {
		"0.0": [0, 0, 0],
		"0.25": [0, 0, 0],
		"0.55": [2.5, -1, 2],
		"0.8": [2.5, -4, 2],
		"1": [2.5, -1, 2],
		"1.16": [0, 0, 0]
					}
				},
				"rightArm": {
					"position": {
		"0.0": [0, 0, 0],
		"0.25": [0, 0, 0],
		"0.55": [2.5, 2, -1],
		"0.8": [2.5, 2, -4],
		"1": [2.5, 2, -1],
		"1.16": [0, 0, 0]
					}
				},
				"zatvor": {
					"position": {
		"0.0": [0, 0, 0],
		"0.55": [0, 0, 0],
		"0.8": [0, 0, 1.5],
		"1": [0, 0, 0]
					}
				},
				"root": {
					"rotation": {
		"0.0": [0, 0, 0],
		"0.1": [1.5, 0, 0],
		"0.25": [0, 0, 0]
					},
					"position": {
		"0.0": [0, 0, 0],
		"0.1": [0, 0, -1],
		"0.25": [0, 0, 0],
		"0.55": [0, 0, 0],
		"0.8": [0, 0, -0.5],
		"1": [0, 0, 0]
					}
				}
			},
			"sound_effects": {
		"0.5": {
		"effect": "m24.bolt1"
		       },
		"0.9": {
		"effect": "m24.bolt2"
		       }
			}
		},
	"animation.item.m24_shoot_aim": {
	"animation_length": 1.16,
			"bones": {
				"gun": {
					"position": {
		"0.0": [0, 0, 0],
		"0.25": [0, 0, 0],
		"0.55": [2.5, -1, 2],
		"0.8": [2.5, -4, 2],
		"1": [2.5, -1, 2],
		"1.16": [0, 0, 0]
					}
				},
				"rightArm": {
					"position": {
		"0.0": [0, 0, 0],
		"0.25": [0, 0, 0],
		"0.55": [2.5, 2, -1],
		"0.8": [2.5, 2, -4],
		"1": [2.5, 2, -1],
		"1.16": [0, 0, 0]
					}
				},
				"zatvor": {
					"position": {
		"0.0": [0, 0, 0],
		"0.55": [0, 0, 0],
		"0.8": [0, 0, 1.5],
		"1": [0, 0, 0]
					}
				},
				"root": {
					"rotation": {
		"0.0": [0, 0, 0],
		"0.1": [1.5, 0, 0],
		"0.25": [0, 0, 0]
					},
					"position": {
		"0.0": [0, 0, 0],
		"0.1": [0, 0, -0.4],
		"0.25": [0, 0, 0],
		"0.55": [0, 0, 0],
		"0.8": [0, 0, -0.5],
		"1": [0, 0, 0]
					}
				}
			},
			"sound_effects": {
		"0.5": {
		"effect": "m24.bolt1"
		       },
		"0.9": {
		"effect": "m24.bolt2"
		       }
			}
		},
		"animation.item.m24_draw": {
			"loop": "hold_on_last_frame",
			"animation_length": 0.4,
			"bones": {
				"root": {
					"position": {
				"0.0": [1.5, 2, -4],
				"0.4": [1, 1, -2]
					},
					"rotation": {
				"0.0": [30, 45, 0],
				"0.4": [0, 0, 0]
					}
				},
				"rightArm": {
			"position" : [-5, 7, -8],
			"rotation": [-10, 40, 60]
				},
				"leftArm": {
			"position": [-4.8, -7.5, 10],
			"rotation": [75, -32.5, 147.5],
			"scale": [1, 1.5, 1]
				},
				"gun" : {
			"position" : [0, -1, 2],
			"scale" : 1.5
				}
			},
			"sound_effects": {
		"0.0": {
		"effect": "gun.draw"
			   }
			}
		},
	"animation.item.m24_reload": {
      "loop": "hold_on_last_frame",
      "animation_length": 3.1,
			"bones": {
				"root": {
					"position": {
			"0.0": [0, 0, 0],
			"0.45": [-3, 2, 0],
			"1.7": [-3, 2, 0],
			"1.9": [0, 0, 0],
			"3.1": [0, 0, 0]
					},
					"rotation": {
			"0.0": [0, 0, 0],
			"0.45": [0, -20, 20],
			"1.7": [0, -20, 20],
			"1.9": [0, 0, 0],
			"3.1": [0, 0, 0]
					}
				},
				"ammo": {
					"position": {
			"0.0": [0, 0, 0],
			"0.7": [0, 0, 0],
			"1.1": [0, -5, 0],
			"1.5": [0, 0, 0],
			"3.1": [0, 0, 0]
					}
				},
				"leftArm": {
					"position": {
			"0.0": [0, 0, 0],
			"0.5": [2, -0.5, -5],
			"0.7": [2, -0.55, -5],
			"1.1": [2, -12, -5],
			"1.5": [2, -0.55, -5],
			"1.7": [2, -0.5, -5],
			"1.9": [0, 0, 0],
			"3.1": [0, 0, 0]
					}
				},
				"zatvor": {
					"position": {
		"0.0": [0, 0, 0],
		"2.3": [0, 0, 0],
		"2.55": [0, 0, 1.5],
		"2.8": [0, 0, 0]
					}
				},
				"gun": {
					"position": {
		"0.0": [0, 0, 0],
		"2": [0, 0, 0],
		"2.3": [2.5, -1, 2],
		"2.55": [2.5, -4, 2],
		"2.8": [2.5, -1, 2],
		"3.1": [0, 0, 0]
					}
				},
				"rightArm": {
					"position": {
		"0.0": [0, 0, 0],
		"2": [0, 0, 0],
		"2.3": [2.5, 2, -1],
		"2.55": [2.5, 2, -4],
		"2.8": [2.5, 2, -1],
		"3.1": [0, 0, 0]
					}
				}
			},
			"sound_effects": {
		"0.7": {
		"effect": "m24.unload"
			   },
		"1.4": {
		"effect": "m24.reload"
		       },
		"2.2": {
		"effect": "m24.bolt1"
			   },
		"2.7": {
		"effect": "m24.bolt2"
		       }
			}
		},
		
		
		
		"animation.item.m24_draw_tpp": {
			"loop": "hold_on_last_frame",
			"animation_length": 0.4,
			"bones": {
				"leftArm": {
					"rotation": {
				"0.0": [0, 0, 0],
				"0.4": [-90, 15, 0]
					}
				},
				"rightArm": {
					"rotation": {
				"0.0": [0, 0, 0],
				"0.4": [-90, -40, 0]
					}
				},
				"body": {
					"rotation": {
				"0.0": [0, 0, 0],
				"0.4": [0, 30, 0]
					}
				}
			},
			"sound_effects": {
		"0.0": {
		"effect": "gun.draw"
			   }
			}
		},
		"animation.item.m24_shoot_tpp": {
			"loop": true,
			"animation_length": 1.16,
			"bones": {
				"rightArm": {
					"rotation": {
						"0.0": [0, 0, 0],
						"0.05": [-5, 0, 0],
						"0.1": [0, 0, 0]
					}
				},
				"leftArm": {
					"rotation": {
						"0.0": [0, 0, 0],
						"0.05": [-5, 0, 0],
						"0.1": [0, 0, 0]
					}
				},
				"bullet": {
					"position": {
		"0.0": [0, 0, 0],
		"0.1": [-10, 1, 0]
					},
					"rotation": {
		"0.0": [0, 0, 0],
		"0.1": [-20, -20, -20]
					}
				}
			}
		},
		"animation.item.m24_aim_tpp": {
			"loop": true,
			"bones": {
				"leftArm" : {
				"rotation": [-100, 15, 0]
				},
				"rightArm" : {
				"rotation": [-100, -40, 0]
				},
				"body" : {
				"rotation": [0, 30, 0]
				},
				"head" : {
				"rotation": [0, 0, -12.5]
				},
				"gun" : {
				"rotation": [10, 0, 0]
				}
			}
		},
		"animation.item.m24_tpp": {
			"loop": true,
			"bones": {
				"leftArm" : {
				"rotation": [-90, 15, 0]
				},
				"rightArm" : {
				"rotation": [-90, -40, 0]
				},
				"body" : {
				"rotation": [0, 30, 0]
				}
			}
		},
		"animation.item.m24_sprint_tpp": {
			"loop": true,
			"animation_length": 99999999,
			"bones": {
				"rightArm": {
		    "rotation": {
			"0.0": [-75, -60, 0],
			"3": [-75, -60, 0],
			"3.2": [-120, -60, 0]
					}
				},
				"leftArm": {
		    "rotation": {
			"0.0": [-60, -15, 0],
			"3": [-60, -15, 0],
			"3.2": [-135, -15, 0]
					}
				}
			}
		}
	}
}
