{
	"format_version": "1.8.0",
	"animations": {
		"animation.item.mp5k" : {
			"loop" : true,
			"bones" : {
				"root": {
			"position" : [0, "0+Math.cos(query.anim_time * 40 + 40) *0.1", -2]
				},
				"rightArm": {
			"position" : [-3.5, 7, -8],
			"rotation": [-10, 55, 60]
				},
				"leftArm": {
			"position": [-6.7, -8, 11],
			"rotation": [75, -32.5, 147.5],
			"scale": [1, 1.5, 1]
				},
				"gun" : {
			"position" : [0, 0, 2],
			"rotation": [0, 0, 7.5],
			"scale" : 1.3
				}
			}
		},
		"animation.item.mp5k_aim" : {
			"loop" : true,
			"bones" : {
				"root": {
			"position" : [0, 0, 0],
			"rotation": [-3, 0, 0]
				},
				"rightArm": {
			"position" : [-8.1, 8.5, -18],
			"rotation": [-7, 53, 65]
				},
				"leftArm": {
			"position": [-10.5, -7, 10],
			"rotation": [75, -32.5, 147.5],
			"scale": [1, 1.5, 1]
				},
				"gun" : {
			"position" : [0, 0, 1],
			"rotation": [0, 0, 8],
			"scale" : 1.3
				}
			}
		},
		"animation.item.mp5k_sprint": {
			"loop": true,
			"animation_length": 99999999,
			"bones": {
				"root": {
		    "rotation": {
			"0.0": [-10, -45, 0],
			"3": [-10, -45, 0],
			"3.2": [0, 0, 0]
					},
		    "position": {
			"0.0": [10, 0.5, -4],
			"3": [10, 0.5, -4],
			"3.2": [-1, -1, 0.5]
					},
		    "scale": {
			"0.0": [1, 1, 1],
			"3": [1, 1, 1],
			"3.2": [0.8, 0.8, 0.8]
					}
				},
				"gun": {
		    "position": {
			"0.0": [0, 0, 2]
					},
		    "rotation": {
			"0.0": [0, 0, 7.5]
					},
		    "scale": {
			"0.0": [1.3, 1.3, 1.3]
					}
				},
				"rightArm": {
		    "rotation": {
			"0.0": [-10, 55, 60],
			"3": [-10, 55, 60],
			"3.2": [-70, 35, 60]
					},
		    "position": {
			"0.0": [-3.5, 7, -8],
			"3": [-3.5, 7, -8],
			"3.2": [3.5, 8, -2.5]
					}
				},
				"leftArm": {
		    "position": {
			"0.0": [-6.7, -8, 11],
			"3": [-6.7, -8, 11],
			"3.2": [-20, 0, -4]
					},
		    "rotation": {
			"0.0": [75, -32.5, 147.5],
			"3": [75, -32.5, 147.5],
			"3.2": [71, -10, 210]
					},
		    "scale": {
			"0.0": [1, 1.5, 1],
			"3": [1, 1.5, 1],
			"3.2": [1, 2, 1]
					}
				}
			}
		},
	"animation.item.mp5k_shoot": {
	"animation_length": 0.1,
			"bones": {
				"root": {
					"position": {
		"0.0": [0, 0, 0],
		"0.05": [0, 0, -0.6],
		"0.1": [0, 0, 0]
					},
					"rotation": {
		"0.0": [0, 0, 0],
		"0.05": [0.7, 0, 0],
		"0.1": [0, 0, 0]
					}
				},
				"zatvor": {
					"position": {
		"0.0": [0, 0, 0],
		"0.05": [0, 0, 2],
		"0.1": [0, 0, 0]
					}
				},
				"bullet": {
					"position": {
		"0.0": [0, 0, 0],
		"0.05": [-10, 1, 0],
		"0.1": [0, 0, 0]
					},
					"rotation": {
		"0.0": [0, 0, 0],
		"0.05": [-20, -20, -20],
		"0.1": [0, 0, 0]
					}
				}
			}
		},
		"animation.item.mp5k_draw": {
			"loop": "hold_on_last_frame",
			"animation_length": 0.9,
			"bones": {
				"root": {
					"position": {
				"0.0": [0, 0, -2],
				"0.25": [2, -1, -2],
				"0.45": [2, -1, -2],
				"0.65": [2, -1, -2],
				"0.9": [0, 0, -2]
					},
					"rotation": {
				"0.0": [0, 0, 0],
				"0.25": [0, -20, 0],
				"0.45": [0, -20, 0],
				"0.65": [0, -20, 0],
				"0.9": [0, 0, 0]
					}
				},
				"rightArm": {
			"position" : [-3.5, 7, -8],
			"rotation": [-10, 55, 60]
				},
				"leftArm": {
			"position": {
				"0.0": [-6.8, -8, 11],
				"0.25": [-6.8, -5, 11],
				"0.45": [-6.8, -5, 8],
				"0.65": [-6.8, -5, 11],
				"0.9": [-6.8, -8, 11]
					},
			"rotation": [75, -32.5, 147.5],
			"scale": [1, 1.5, 1]
				},
				"zatvor": {
					"position": {
			"0.0": [0, 0, 0],
			"0.25": [0, 0, 0],
			"0.45": [0, 0, 2.2],
			"0.65": [0, 0, 0],
			"0.9": [0, 0, 0]
					}
				},
				"gun" : {
			"position" : [0, 0, 2],
			"rotation": [0, 0, 7.5],
			"scale" : 1.3
				}
			},
			"sound_effects": {
		"0.0": {
		"effect": "gun.draw"
			   },
		"0.45": {
		"effect": "mp5k.bolt"
		       },
		"0.65": {
		"effect": "mp5k.bolt"
		       }
			}
		},
	"animation.item.mp5k_reload": {
      "loop": "hold_on_last_frame",
      "animation_length": 2.08,
			"bones": {
				"root": {
					"position": {
			"0.0": [0, 0, 0],
			"0.6": [0, 0, 0],
			"0.9": [-5, 2, 0],
			"1.7": [-5, 2, 0],
			"2": [0, 0, 0]
					},
					"rotation": {
			"0.0": [0, 0, 0],
			"0.6": [0, 0, 0],
			"0.9": [0, -20, 30],
			"1.7": [0, -20, 30],
			"2": [0, 0, 0]
					}
				},
				"ammo": {
					"position": {
			"0.0": [0, 0, 0],
			"1.1": [0, 0, 0],
			"1.3": [0, -6, 0],
			"1.5": [0, 0, 0],
			"2.08": [0, 0, 0]
					}
				},
				"leftArm": {
					"position": {
			"0.0": [0, 0, 0],
			"0.3": [-1, 2.4, 0],
			"0.6": [-1, 2.4, -6],
			"0.9": [1.8, -4, -6.5],
			"1.1": [1.8, -4, -6.5],
			"1.3": [1.8, -10, -6.5],
			"1.5": [1.8, -4, -6.5],
			"1.7": [1.8, -4, -6.5],
			"1.8": [-0.5, 2.2, -6],
			"2": [-0.5, 2.2, 0],
			"2.08": [0, 0, 0]
					}
				},
				"zatvor": {
					"position": {
			"0.0": [0, 0, 0],
			"0.3": [0, 0, 0],
			"0.6": [0, 0, 2.2],
			"1.8": [0, 0, 2.2],
			"2": [0, 0, 0],
			"2.08": [0, 0, 0]
					}
				}
			},
			"sound_effects": {
		"0.4": {
		"effect": "mp5k.bolt"
			   },
		"0.7": {
		"effect": "mp5k.unload"
		       },
		"0.75": {
		"effect": "mp5k.reload"
			   },
		"1.8": {
		"effect": "mp5k.bolt"
		       }
			}
		},
		
		
		
		"animation.item.mp5k_draw_tpp": {
			"loop": "hold_on_last_frame",
			"animation_length": 0.9,
			"bones": {
				"leftArm": {
					"rotation": {
				"0.0": [0, 0, 0],
				"0.4": [-90, 28, 0],
				"0.9": [-90, 28, 0]
					}
				},
				"rightArm": {
					"rotation": {
				"0.0": [0, 0, 0],
				"0.4": [-90, -40, 0],
				"0.9": [-90, -40, 0]
					}
				},
				"body": {
					"rotation": {
				"0.0": [0, 0, 0],
				"0.4": [0, 30, 0],
				"0.9": [0, 30, 0]
					}
				}
			},
			"sound_effects": {
		"0.0": {
		"effect": "gun.draw"
			   }
			}
		},
		"animation.item.mp5k_shoot_tpp": {
			"loop": true,
			"animation_length": 0.1,
			"bones": {
				"rightArm": {
					"rotation": {
						"0.0": [0, 0, 0],
						"0.05": [-1, 0, 0],
						"0.1": [0, 0, 0]
					},
					"position": {
						"0.0": [0, 0, 0],
						"0.05": [0, 0, 1],
						"0.1": [0, 0, 0]
					}
				},
				"leftArm": {
					"rotation": {
						"0.0": [0, 0, 0],
						"0.05": [-1, 0, 0],
						"0.1": [0, 0, 0]
					},
					"position": {
						"0.0": [0, 0, 0],
						"0.05": [0, 0, 1],
						"0.1": [0, 0, 0]
					}
				},
				"zatvor": {
					"position": {
		"0.0": [0, 0, 0],
		"0.05": [0, 0, 2],
		"0.1": [0, 0, 0]
					}
				},
				"bullet": {
					"position": {
		"0.0": [0, 0, 0],
		"0.05": [-10, 1, 0],
		"0.1": [0, 0, 0]
					},
					"rotation": {
		"0.0": [0, 0, 0],
		"0.05": [-20, -20, -20],
		"0.1": [0, 0, 0]
					}
				}
			}
		},
		"animation.item.mp5k_aim_tpp": {
			"loop": true,
			"bones": {
				"leftArm" : {
				"rotation": [-100, 28, 0]
				},
				"rightArm" : {
				"rotation": [-100, -40, 0]
				},
				"body" : {
				"rotation": [0, 30, 0]
				},
				"head" : {
				"rotation": [0, 0, -12.5]
				},
				"gun" : {
				"rotation": [10, 0, 0]
				}
			}
		},
		"animation.item.mp5k_tpp": {
			"loop": true,
			"bones": {
				"leftArm" : {
				"rotation": [-90, 28, 0]
				},
				"rightArm" : {
				"rotation": [-90, -40, 0]
				},
				"body" : {
				"rotation": [0, 30, 0]
				}
			}
		},
		"animation.item.mp5k_sprint_tpp": {
			"loop": true,
			"animation_length": 99999999,
			"bones": {
				"rightArm": {
		    "rotation": {
			"0.0": [-75, -60, 0],
			"3": [-75, -60, 0],
			"3.2": [-150, 0, 0]
					}
				},
				"leftArm": {
		    "rotation": {
			"0.0": [-65, -15, 0],
			"3": [-65, -15, 0],
			"3.2": [-30, 0, 0]
					}
				}
			}
		}
	}
}
