{
	"format_version": "1.8.0",
	"animations": {
		"animation.item.sten" : {
			"loop" : true,
			"bones" : {
				"root": {
			"position" : [1, "-1+Math.cos(query.anim_time * 40 + 40) *0.1", -5]
				},
				"rightArm": {
			"position" : [-4, 7, -8],
			"rotation": [-10, 45, 60]
				},
				"leftArm": {
			"position": [-8, -0.5, 9],
			"rotation": [80, -20, 180],
			"scale": [1, 1.5, 1]
				},
				"gun" : {
			"position" : [0, -3, 2],
			"rotation": [0, 0, 0],
			"scale" : [1.5, 1.5, 1.5]
				}
			}
		},
		"animation.item.sten_aim" : {
			"loop" : true,
			"bones" : {
				"root": {
			"position" : [1.3, -2.85, -2],
			"rotation": [0, 0, 0]
				},
				"rightArm": {
			"position" : [-10.4, 12.7, -15],
			"rotation": [-3, 45.5, 65]
				},
				"leftArm": {
			"position": [-13.5, 3.1, 7],
			"rotation": [80, -10, 180],
			"scale": [1, 1, 1]
				},
				"gun" : {
			"position" : [0, -3, 2],
			"rotation": [0, 0, -0.8],
			"scale" : [1.5, 1.5, 1.5]
				},
				"scope2" : {
			"position" : [-0.067, 0, 5]
				}
			}
		},
		"animation.item.sten_sprint": {
			"loop": true,
			"animation_length": 99999999,
			"bones": {
				"root": {
		    "rotation": {
			"0.0": [-5, -80, 0],
			"3": [-5, -80, 0],
			"3.2": [0, 0, 0]
					},
		    "position": {
			"0.0": [18, -0.2, 0],
			"3": [18, -0.2, 0],
			"3.2": [-1, -1.5, 0.5]
					},
		    "scale": {
			"0.0": [1, 1, 1],
			"3": [1, 1, 1],
			"3.2": [0.8, 0.8, 0.8]
					}
				},
				"gun" : {
			"position" : [0, -3, 2],
			"rotation": [0, 0, 0],
			"scale" : [1.5, 1.5, 1.5]
				},
				"rightArm": {
		    "rotation": {
			"0.0": [-10, 45, 60],
			"3": [-10, 45, 60],
			"3.2": [-70, 30, 60]
					},
		    "position": {
			"0.0": [-4, 7, -8],
			"3": [-4, 7, -8],
			"3.2": [3.5, 8.5, -2.5]
					}
				},
				"leftArm": {
		    "position": {
			"0.0": [-8, -0.5, 9],
			"3": [-8, -0.5, 9],
			"3.2": [-20, 0, -4]
					},
		    "rotation": {
			"0.0": [80, -20, 180],
			"3": [80, -20, 180],
			"3.2": [71, -10, 210]
					},
		    "scale": {
			"0.0": [1, 1.5, 1],
			"3": [1, 1.5, 1],
			"3.2": [1, 2, 1]
					}
				}
			}
		},
	"animation.item.sten_shoot": {
	"animation_length": 0.1,
			"bones": {
				"root": {
					"position": {
		"0.0": [0, 0, 0],
		"0.05": [0, 0, -0.6],
		"0.1": [0, 0, 0]
					},
					"rotation": {
		"0.0": [0, 0, 0],
		"0.05": [0.7, 0, 0],
		"0.1": [0, 0, 0]
					}
				},
				"zatvor": {
					"position": {
		"0.0": [0, 0, 0],
		"0.05": [0, 0, 2],
		"0.1": [0, 0, 0]
					}
				},
				"bullet": {
					"position": {
		"0.0": [0, 0, 0],
		"0.05": [-10, 1, 0],
		"0.1": [0, 0, 0]
					},
					"rotation": {
		"0.0": [0, 0, 0],
		"0.05": [-20, -20, -20],
		"0.1": [0, 0, 0]
					}
				}
			}
		},
		"animation.item.sten_draw": {
			"loop": "hold_on_last_frame",
			"animation_length": 0.4,
			"bones": {
				"root": {
					"position": {
				"0.0": [3, 2, -7],
				"0.4": [1, -1, -5]
					},
					"rotation": {
				"0.0": [30, 45, 0],
				"0.4": [0, 0, 0]
					}
				},
				"rightArm": {
			"position" : [-4, 7, -8],
			"rotation": [-10, 45, 60]
				},
				"leftArm": {
			"position": [-8, -0.5, 9],
			"rotation": [80, -20, 180],
			"scale": [1, 1.5, 1]
				},
				"gun" : {
			"position" : [0, -3, 2],
			"rotation": [0, 0, 0],
			"scale" : [1.5, 1.5, 1.5]
				}
			},
			"sound_effects": {
		"0.0": {
		"effect": "gun.draw"
			   }
			}
		},
	"animation.item.sten_reload": {
      "loop": "hold_on_last_frame",
      "animation_length": 2.08,
			"bones": {
				"root": {
					"position": {
			"0.0": [0, 0, 0],
			"0.4": [6, 0, -4],
			"1.6": [6, 0, -4],
			"2": [0, 0, 0]
					},
					"rotation": {
			"0.0": [0, 0, 0],
			"0.4": [-10, -10, 0],
			"1.6": [-10, -10, 0],
			"2": [0, 0, 0]
					}
				},
				"ammo": {
					"position": {
			"0.0": [0, 0, 0],
			"0.6": [3, 0, 0],
			"0.8": [4, -6, 0],
			"1.2": [3, 0, 0],
			"1.6": [0, 0, 0]
					}
				},
				"leftArm": {
					"position": {
			"0.0": [0, 0, 0],
			"0.6": [-3, 0, 0],
			"0.8": [-6, -12, 0],
			"1.2": [-3, -0, 0],
			"1.6": [0, 0, 0]
					}
				}
			},
			"sound_effects": {
		"0.5": {
		"effect": "sten.unload"
			   },
		"1.6": {
		"effect": "sten.reload"
		       }
			}
		},
		
		
		
		"animation.item.sten_draw_tpp": {
			"loop": "hold_on_last_frame",
			"animation_length": 0.4,
			"bones": {
				"leftArm": {
					"rotation": {
				"0.0": [0, 0, 0],
				"0.4": [-90, 28, 0]
					}
				},
				"rightArm": {
					"rotation": {
				"0.0": [0, 0, 0],
				"0.4": [-90, -40, 0]
					}
				},
				"body": {
					"rotation": {
				"0.0": [0, 0, 0],
				"0.4": [0, 30, 0]
					}
				}
			},
			"sound_effects": {
		"0.0": {
		"effect": "gun.draw"
			   }
			}
		},
		"animation.item.sten_shoot_tpp": {
			"loop": true,
			"animation_length": 0.1,
			"bones": {
				"rightArm": {
					"rotation": {
						"0.0": [0, 0, 0],
						"0.05": [-1, 0, 0],
						"0.1": [0, 0, 0]
					},
					"position": {
						"0.0": [0, 0, 0],
						"0.05": [0, 0, 1],
						"0.1": [0, 0, 0]
					}
				},
				"leftArm": {
					"rotation": {
						"0.0": [0, 0, 0],
						"0.05": [-1, 0, 0],
						"0.1": [0, 0, 0]
					},
					"position": {
						"0.0": [0, 0, 0],
						"0.05": [0, 0, 1],
						"0.1": [0, 0, 0]
					}
				},
				"zatvor": {
					"position": {
		"0.0": [0, 0, 0],
		"0.05": [0, 0, 2],
		"0.1": [0, 0, 0]
					}
				},
				"bullet": {
					"position": {
		"0.0": [0, 0, 0],
		"0.05": [-10, 1, 0],
		"0.1": [0, 0, 0]
					},
					"rotation": {
		"0.0": [0, 0, 0],
		"0.05": [-20, -20, -20],
		"0.1": [0, 0, 0]
					}
				}
			}
		},
		"animation.item.sten_aim_tpp": {
			"loop": true,
			"bones": {
				"leftArm" : {
				"rotation": [-100, 28, 0]
				},
				"rightArm" : {
				"rotation": [-100, -40, 0]
				},
				"body" : {
				"rotation": [0, 30, 0]
				},
				"head" : {
				"rotation": [0, 0, -12.5]
				},
				"gun" : {
				"rotation": [10, 0, 0]
				}
			}
		},
		"animation.item.sten_tpp": {
			"loop": true,
			"bones": {
				"leftArm" : {
				"rotation": [-90, 28, 0]
				},
				"rightArm" : {
				"rotation": [-90, -40, 0]
				},
				"body" : {
				"rotation": [0, 30, 0]
				}
			}
		},
		"animation.item.sten_sprint_tpp": {
			"loop": true,
			"animation_length": 99999999,
			"bones": {
				"rightArm": {
		    "rotation": {
			"0.0": [-75, -60, 0],
			"3": [-75, -60, 0],
			"3.2": [-150, 0, 0]
					}
				},
				"leftArm": {
		    "rotation": {
			"0.0": [-65, -15, 0],
			"3": [-65, -15, 0],
			"3.2": [-30, 0, 0]
					}
				}
			}
		}
	}
}
