{
	"format_version": "1.8.0",
	"animations": {
		"animation.item.type100" : {
			"loop" : true,
			"bones" : {
				"root": {
			"position" : [1, "0+Math.cos(query.anim_time * 40 + 40) *0.1", -4]
				},
				"rightArm": {
			"position" : [-4, 7, -8],
			"rotation": [-10, 45, 60]
				},
				"leftArm": {
			"position": [-7, -0.5, 9],
			"rotation": [80, -20, 180],
			"scale": [1, 1.5, 1]
				},
				"gun" : {
			"position" : [0, -5, 2],
			"rotation": [0, 0, 0],
			"scale" : [2, 2, 2]
				}
			}
		},
		"animation.item.type100_aim" : {
			"loop" : true,
			"bones" : {
				"root": {
			"position" : [1, 0, -4],
			"rotation": [0, 0, 0]
				},
				"rightArm": {
			"position" : [-10.4, 12.3, -15],
			"rotation": [-3, 45.5, 65]
				},
				"leftArm": {
			"position": [-11, 1.5, 3],
			"rotation": [80, -20, 180],
			"scale": [1, 1, 1]
				},
				"gun" : {
			"position" : [0, -5, 2],
			"rotation": [0, 0, -0.8],
			"scale" : [1.5, 1.5, 1.5]
				}
			}
		},
		"animation.item.type100_sprint": {
			"loop": true,
			"animation_length": 99999999,
			"bones": {
				"root": {
		    "rotation": {
			"0.0": [-5, -80, 0],
			"3": [-5, -80, 0],
			"3.2": [0, 0, 0]
					},
		    "position": {
			"0.0": [18, -0.2, 0],
			"3": [18, -0.2, 0],
			"3.2": [-1, -1.5, 0.5]
					},
		    "scale": {
			"0.0": [1, 1, 1],
			"3": [1, 1, 1],
			"3.2": [0.8, 0.8, 0.8]
					}
				},
				"gun": {
		    "position": {
			"0.0": [0, -5, 2]
					},
		    "rotation": {
			"0.0": [0, 0, 0]
					},
		    "scale": {
			"0.0": [2, 2, 2]
					}
				},
				"rightArm": {
		    "rotation": {
			"0.0": [-10, 45, 60],
			"3": [-10, 45, 60],
			"3.2": [-70, 30, 60]
					},
		    "position": {
			"0.0": [-4, 7, -8],
			"3": [-4, 7, -8],
			"3.2": [3.5, 8.5, -2.5]
					}
				},
				"leftArm": {
		    "position": {
			"0.0": [-7, -0.5, 9],
			"3": [-7, -0.5, 9],
			"3.2": [-20, 0, -4]
					},
		    "rotation": {
			"0.0": [80, -20, 180],
			"3": [80, -20, 180],
			"3.2": [71, -10, 210]
					},
		    "scale": {
			"0.0": [1, 1.5, 1],
			"3": [1, 1.5, 1],
			"3.2": [1, 2, 1]
					}
				}
			}
		},
	"animation.item.type100_shoot": {
	"animation_length": 0.1,
			"bones": {
				"root": {
					"position": {
		"0.0": [0, 0, 0],
		"0.05": [0, 0, -0.6],
		"0.1": [0, 0, 0]
					},
					"rotation": {
		"0.0": [0, 0, 0],
		"0.05": [0.7, 0, 0],
		"0.1": [0, 0, 0]
					}
				},
				"zatvor": {
					"position": {
		"0.0": [0, 0, 0],
		"0.05": [0, 0, 2],
		"0.1": [0, 0, 0]
					}
				},
				"bullet": {
					"position": {
		"0.0": [0, 0, 0],
		"0.05": [-10, 1, 0],
		"0.1": [0, 0, 0]
					},
					"rotation": {
		"0.0": [0, 0, 0],
		"0.05": [-20, -20, -20],
		"0.1": [0, 0, 0]
					}
				}
			}
		},
		"animation.item.type100_draw": {
			"loop": "hold_on_last_frame",
			"animation_length": 0.9,
			"bones": {
				"root": {
					"position": {
				"0.0": [1, 0, -4],
				"0.25": [10, -1, -7],
				"0.45": [10, -1, -7],
				"0.65": [10, -1, -7],
				"0.9": [1, 0, -4]
					},
					"rotation": {
				"0.0": [0, 0, 0],
				"0.25": [0, -45, 0],
				"0.45": [0, -45, 0],
				"0.65": [0, -45, 0],
				"0.9": [0, 0, 0]
					}
				},
				"rightArm": {
			"position": {
				"0.0": [-4, 7, -8],
				"0.25": [-2, 10, -1],
				"0.45": [-2, 10, -3],
				"0.65": [-2, 10, -1],
				"0.9": [-4, 7, -8]
					},
			"rotation": {
				"0.0": [-10, 45, 60],
				"0.25": [-10, 45, 60],
				"0.45": [-10, 45, 60],
				"0.65": [-10, 45, 60],
				"0.9": [-10, 45, 60]
					}
				},
				"leftArm": {
			"position": {
				"0.0": [-7, -0.5, 9],
				"0.25": [-7, -0.5, 9],
				"0.45": [-7, -0.5, 9],
				"0.65": [-7, -0.5, 9],
				"0.9": [-7, -0.5, 9]
					},
			"rotation": {
				"0.0": [80, -20, 180],
				"0.25": [80, -20, 180],
				"0.45": [80, -20, 180],
				"0.65": [80, -20, 180],
				"0.9": [80, -20, 180]
					},
			"scale": [1, 1.5, 1]
				},
				"gun" : {
			"position": {
				"0.0": [0, -5, 2],
				"0.25": [2, 2, 5],
				"0.45": [2, 0, 5],
				"0.65": [2, 2, 5],
				"0.9": [0, -5, 2]
					},
			"rotation": [0, 0, 0],
			"scale" : [2, 2, 2]
				},
				"zatvor" : {
			"position": {
				"0.0": [0, 0, 0],
				"0.25": [0, 0, 0],
				"0.45": [0, 0, 3],
				"0.65": [0, 0, 0],
				"0.9": [0, 0, 0]
					}
				}
			},
			"sound_effects": {
		"0.0": {
		"effect": "gun.draw"
			   },
		"0.4": {
		"effect": "type100.bolt1"
			   },
		"0.6": {
		"effect": "type100.bolt2"
			   }
			}
		},
	"animation.item.type100_reload": {
      "loop": "hold_on_last_frame",
      "animation_length": 2.68,
			"bones": {
				"root": {
					"position": {
			"0.0": [0, 0, 0],
			"1.2": [0, 0, 0],
			"1.6": [10, 0, -4],
			"1.8": [10, 0, -4],
			"2": [10, 0, -4],
			"2.5": [0, 0, 0],
			"2.68": [0, 0, 0]
					},
					"rotation": {
			"0.0": [0, 0, 0],
			"1.2": [0, 0, 0],
			"1.6": [0, -45, 0],
			"1.8": [0, -45, 0],
			"2": [0, -45, 0],
			"2.5": [0, 0, 0],
			"2.68": [0, 0, 0]
					}
				},
				"ammo": {
					"position": {
			"0.0": [0, 0, 0],
			"0.6": [3, 0, 0],
			"0.8": [4, -6, 0],
			"1.2": [3, 0, 0],
			"1.6": [0, 0, 0],
			"2.08": [0, 0, 0],
			"2.68": [0, 0, 0]
					}
				},
				"leftArm": {
					"position": {
			"0.0": [0, 0, 0],
			"0.6": [-3, 0, 0],
			"0.8": [-6, -12, 0],
			"1.2": [-3, -0, 0],
			"1.6": [0, 0, 0],
			"1.8": [0, 0, 0],
			"2.0": [0, 0, 0],
			"2.2": [0, 0, 0],
			"2.4": [0, 0, 0],
			"2.5": [0, 0, 0],
			"2.68": [0, 0, 0]
					}
				},
				"rightArm": {
					"position": {
			"0.0": [0, 0, 0],
			"1.2": [0, 0, 0],
			"1.6": [2, 4, 7],
			"1.8": [2, 4, 5],
			"2.0": [2, 4, 7],
			"2.5": [0, 0, 0],
			"2.65": [0, 0, 0],
			"2.68": [0, 0, 0]
					}
				},
				"gun": {
					"position": {
			"0.0": [0, 0, 0],
			"1.2": [0, 0, 0],
			"1.6": [2, 7, 4],
			"1.8": [2, 5, 4],
			"2.0": [2, 7, 4],
			"2.5": [0, 0, 0],
			"2.65": [0, 0, 0],
			"2.68": [0, 0, 0]
					}
				},
				"zatvor": {
					"position": {
			"0.0": [0, 0, 0],
			"1.6": [0, 0, 0],
			"1.8": [0, 0, 2],
			"2.0": [0, 0, 0],
			"2.68": [0, 0, 0]
					}
				}
			},
			"sound_effects": {
		"0.95": {
		"effect": "type100.unload"
			   },
		"1.7": {
		"effect": "type100.reload"
		       },
		"2.25": {
		"effect": "type100.bolt1"
			   },
		"2.45": {
		"effect": "type100.bolt2"
		       }
			}
		},
		
		
		
		"animation.item.type100_draw_tpp": {
			"loop": "hold_on_last_frame",
			"animation_length": 0.9,
			"bones": {
				"leftArm": {
					"rotation": {
				"0.0": [0, 0, 0],
				"0.4": [-90, 28, 0],
				"0.9": [-90, 28, 0]
					}
				},
				"rightArm": {
					"rotation": {
				"0.0": [0, 0, 0],
				"0.4": [-90, -40, 0],
				"0.9": [-90, -40, 0]
					}
				},
				"body": {
					"rotation": {
				"0.0": [0, 0, 0],
				"0.4": [0, 30, 0],
				"0.9": [0, 30, 0]
					}
				}
			},
			"sound_effects": {
		"0.0": {
		"effect": "gun.draw"
			   }
			}
		},
		"animation.item.type100_shoot_tpp": {
			"loop": true,
			"animation_length": 0.1,
			"bones": {
				"rightArm": {
					"rotation": {
						"0.0": [0, 0, 0],
						"0.05": [-1, 0, 0],
						"0.1": [0, 0, 0]
					},
					"position": {
						"0.0": [0, 0, 0],
						"0.05": [0, 0, 1],
						"0.1": [0, 0, 0]
					}
				},
				"leftArm": {
					"rotation": {
						"0.0": [0, 0, 0],
						"0.05": [-1, 0, 0],
						"0.1": [0, 0, 0]
					},
					"position": {
						"0.0": [0, 0, 0],
						"0.05": [0, 0, 1],
						"0.1": [0, 0, 0]
					}
				},
				"zatvor": {
					"position": {
		"0.0": [0, 0, 0],
		"0.05": [0, 0, 2],
		"0.1": [0, 0, 0]
					}
				},
				"bullet": {
					"position": {
		"0.0": [0, 0, 0],
		"0.05": [-10, 1, 0],
		"0.1": [0, 0, 0]
					},
					"rotation": {
		"0.0": [0, 0, 0],
		"0.05": [-20, -20, -20],
		"0.1": [0, 0, 0]
					}
				}
			}
		},
		"animation.item.type100_aim_tpp": {
			"loop": true,
			"bones": {
				"leftArm" : {
				"rotation": [-100, 28, 0]
				},
				"rightArm" : {
				"rotation": [-100, -40, 0]
				},
				"body" : {
				"rotation": [0, 30, 0]
				},
				"head" : {
				"rotation": [0, 0, -12.5]
				},
				"gun" : {
				"rotation": [10, 0, 0]
				}
			}
		},
		"animation.item.type100_tpp": {
			"loop": true,
			"bones": {
				"leftArm" : {
				"rotation": [-90, 28, 0]
				},
				"rightArm" : {
				"rotation": [-90, -40, 0]
				},
				"body" : {
				"rotation": [0, 30, 0]
				}
			}
		},
		"animation.item.type100_sprint_tpp": {
			"loop": true,
			"animation_length": 99999999,
			"bones": {
				"rightArm": {
		    "rotation": {
			"0.0": [-75, -60, 0],
			"3": [-75, -60, 0],
			"3.2": [-150, 0, 0]
					}
				},
				"leftArm": {
		    "rotation": {
			"0.0": [-65, -15, 0],
			"3": [-65, -15, 0],
			"3.2": [-30, 0, 0]
					}
				}
			}
		}
	}
}
